mode: set
github.com/raghavkgarg/mycase/devtools/depsgraph/main.go:70.2,73.1 5 0
github.com/raghavkgarg/mycase/devtools/depsgraph/main.go:74.2,75.16 5 0
github.com/raghavkgarg/mycase/devtools/depsgraph/main.go:76.3,78.1 2 0
github.com/raghavkgarg/mycase/devtools/depsgraph/main.go:79.2,79.13 1 0
github.com/raghavkgarg/mycase/devtools/depsgraph/main.go:80.3,81.1 1 0
github.com/raghavkgarg/mycase/devtools/depsgraph/main.go:83.2,83.34 1 0
github.com/raghavkgarg/mycase/devtools/depsgraph/main.go:85.3,85.24 1 0
github.com/raghavkgarg/mycase/devtools/depsgraph/main.go:87.3,87.23 1 0
github.com/raghavkgarg/mycase/devtools/depsgraph/main.go:89.3,90.13 2 0
github.com/raghavkgarg/mycase/devtools/depsgraph/main.go:103.2,104.26 2 0
github.com/raghavkgarg/mycase/devtools/depsgraph/main.go:105.3,105.25 1 0
github.com/raghavkgarg/mycase/devtools/depsgraph/main.go:106.4,107.1 1 0
github.com/raghavkgarg/mycase/devtools/depsgraph/main.go:108.3,108.27 1 0
github.com/raghavkgarg/mycase/devtools/depsgraph/main.go:113.2,113.50 1 0
github.com/raghavkgarg/mycase/devtools/depsgraph/main.go:114.3,116.27 3 0
github.com/raghavkgarg/mycase/devtools/depsgraph/main.go:117.4,117.16 1 0
github.com/raghavkgarg/mycase/devtools/depsgraph/main.go:118.5,118.13 1 0
github.com/raghavkgarg/mycase/devtools/depsgraph/main.go:120.4,120.28 1 0
github.com/raghavkgarg/mycase/devtools/depsgraph/main.go:122.3,122.22 1 0
github.com/raghavkgarg/mycase/devtools/depsgraph/main.go:123.4,125.16 3 0
github.com/raghavkgarg/mycase/devtools/depsgraph/main.go:126.5,127.1 1 0
github.com/raghavkgarg/mycase/devtools/depsgraph/main.go:128.4,128.15 1 0
github.com/raghavkgarg/mycase/devtools/depsgraph/main.go:129.5,129.13 1 0
github.com/raghavkgarg/mycase/devtools/depsgraph/main.go:131.4,132.26 2 0
github.com/raghavkgarg/mycase/devtools/depsgraph/main.go:133.5,134.1 1 0
github.com/raghavkgarg/mycase/devtools/depsgraph/main.go:136.3,136.15 1 0
github.com/raghavkgarg/mycase/devtools/depsgraph/main.go:139.2,141.26 3 0
github.com/raghavkgarg/mycase/devtools/depsgraph/main.go:142.3,143.16 2 0
github.com/raghavkgarg/mycase/devtools/depsgraph/main.go:144.4,144.12 1 0
github.com/raghavkgarg/mycase/devtools/depsgraph/main.go:146.3,147.38 2 0
github.com/raghavkgarg/mycase/devtools/depsgraph/main.go:148.4,148.12 1 0
github.com/raghavkgarg/mycase/devtools/depsgraph/main.go:150.3,150.23 1 0
github.com/raghavkgarg/mycase/devtools/depsgraph/main.go:152.2,152.12 1 0
github.com/raghavkgarg/mycase/devtools/depsgraph/main.go:157.2,158.16 2 0
github.com/raghavkgarg/mycase/devtools/depsgraph/main.go:159.3,160.1 1 0
github.com/raghavkgarg/mycase/devtools/depsgraph/main.go:162.2,165.1 4 0
github.com/raghavkgarg/mycase/devtools/depsgraph/main.go:166.2,166.25 4 0
github.com/raghavkgarg/mycase/devtools/depsgraph/main.go:167.3,168.47 2 0
github.com/raghavkgarg/mycase/devtools/depsgraph/main.go:171.4,171.20 1 0
github.com/raghavkgarg/mycase/devtools/depsgraph/main.go:172.5,174.1 2 0
github.com/raghavkgarg/mycase/devtools/depsgraph/main.go:175.10,175.26 1 0
github.com/raghavkgarg/mycase/devtools/depsgraph/main.go:176.4,178.1 2 0
github.com/raghavkgarg/mycase/devtools/depsgraph/main.go:180.3,180.33 1 0
github.com/raghavkgarg/mycase/devtools/depsgraph/main.go:181.4,181.31 1 0
github.com/raghavkgarg/mycase/devtools/depsgraph/main.go:182.5,182.13 1 0
github.com/raghavkgarg/mycase/devtools/depsgraph/main.go:184.4,184.67 1 0
github.com/raghavkgarg/mycase/devtools/depsgraph/main.go:188.2,188.40 1 0
github.com/raghavkgarg/mycase/devtools/depsgraph/main.go:189.3,189.37 1 0
github.com/raghavkgarg/mycase/devtools/depsgraph/main.go:190.4,191.1 1 0
github.com/raghavkgarg/mycase/devtools/depsgraph/main.go:192.3,192.35 1 0
github.com/raghavkgarg/mycase/devtools/depsgraph/main.go:195.2,195.52 1 0
github.com/raghavkgarg/mycase/devtools/depsgraph/main.go:200.2,208.1 9 0
github.com/raghavkgarg/mycase/devtools/depsgraph/main.go:209.2,209.42 9 0
github.com/raghavkgarg/mycase/devtools/depsgraph/main.go:210.3,213.13 4 0
github.com/raghavkgarg/mycase/devtools/depsgraph/main.go:214.4,216.1 2 0
github.com/raghavkgarg/mycase/devtools/depsgraph/main.go:217.3,220.27 4 0
github.com/raghavkgarg/mycase/devtools/depsgraph/main.go:221.4,222.1 1 0
github.com/raghavkgarg/mycase/devtools/depsgraph/main.go:223.3,224.27 2 0
github.com/raghavkgarg/mycase/devtools/depsgraph/main.go:227.2,228.28 2 0
github.com/raghavkgarg/mycase/devtools/depsgraph/main.go:229.3,230.20 2 0
github.com/raghavkgarg/mycase/devtools/depsgraph/main.go:231.4,231.12 1 0
github.com/raghavkgarg/mycase/devtools/depsgraph/main.go:233.3,234.49 2 0
github.com/raghavkgarg/mycase/devtools/depsgraph/main.go:237.2,238.19 2 0
github.com/raghavkgarg/mycase/devtools/depsgraph/main.go:246.2,250.1 7 0
github.com/raghavkgarg/mycase/devtools/depsgraph/main.go:251.2,253.1 7 0
github.com/raghavkgarg/mycase/devtools/depsgraph/main.go:256.2,256.49 7 0
github.com/raghavkgarg/mycase/devtools/depsgraph/main.go:257.3,258.16 2 0
github.com/raghavkgarg/mycase/devtools/depsgraph/main.go:259.4,260.1 1 0
github.com/raghavkgarg/mycase/devtools/depsgraph/main.go:261.3,261.44 1 0
github.com/raghavkgarg/mycase/devtools/depsgraph/main.go:263.2,264.34 2 0
github.com/raghavkgarg/mycase/devtools/depsgraph/main.go:265.3,265.27 1 0
github.com/raghavkgarg/mycase/devtools/depsgraph/main.go:266.4,267.1 1 0
github.com/raghavkgarg/mycase/devtools/depsgraph/main.go:271.2,271.42 1 0
github.com/raghavkgarg/mycase/devtools/depsgraph/main.go:272.3,274.1 4 0
github.com/raghavkgarg/mycase/devtools/depsgraph/main.go:275.3,276.12 4 0
github.com/raghavkgarg/mycase/devtools/depsgraph/main.go:277.4,278.1 1 0
github.com/raghavkgarg/mycase/devtools/depsgraph/main.go:279.4,282.1 3 0
github.com/raghavkgarg/mycase/devtools/depsgraph/main.go:283.3,286.27 4 0
github.com/raghavkgarg/mycase/devtools/depsgraph/main.go:287.4,290.28 4 0
github.com/raghavkgarg/mycase/devtools/depsgraph/main.go:292.5,294.1 2 0
github.com/raghavkgarg/mycase/devtools/depsgraph/main.go:295.4,298.26 4 0
github.com/raghavkgarg/mycase/devtools/depsgraph/main.go:300.3,300.25 1 0
github.com/raghavkgarg/mycase/devtools/depsgraph/main.go:304.2,305.28 2 0
github.com/raghavkgarg/mycase/devtools/depsgraph/main.go:306.3,307.20 2 0
github.com/raghavkgarg/mycase/devtools/depsgraph/main.go:308.4,308.12 1 0
github.com/raghavkgarg/mycase/devtools/depsgraph/main.go:310.3,313.11 4 0
github.com/raghavkgarg/mycase/devtools/depsgraph/main.go:314.4,315.1 1 0
github.com/raghavkgarg/mycase/devtools/depsgraph/main.go:316.3,316.11 1 0
github.com/raghavkgarg/mycase/devtools/depsgraph/main.go:317.4,318.1 1 0
github.com/raghavkgarg/mycase/devtools/depsgraph/main.go:319.3,319.70 1 0
github.com/raghavkgarg/mycase/devtools/depsgraph/main.go:322.2,322.19 1 0
github.com/raghavkgarg/mycase/devtools/depsgraph/main.go:327.2,328.25 2 0
github.com/raghavkgarg/mycase/devtools/depsgraph/main.go:329.3,330.1 1 0
github.com/raghavkgarg/mycase/devtools/depsgraph/main.go:331.2,332.11 2 0
github.com/raghavkgarg/mycase/devtools/checkdeps/main.go:31.2,32.16 2 0
github.com/raghavkgarg/mycase/devtools/checkdeps/main.go:33.3,35.1 2 0
github.com/raghavkgarg/mycase/devtools/checkdeps/main.go:37.2,39.1 3 0
github.com/raghavkgarg/mycase/devtools/checkdeps/main.go:40.2,40.25 3 0
github.com/raghavkgarg/mycase/devtools/checkdeps/main.go:41.3,43.1 4 0
github.com/raghavkgarg/mycase/devtools/checkdeps/main.go:44.3,45.13 4 0
github.com/raghavkgarg/mycase/devtools/checkdeps/main.go:46.4,48.12 2 0
github.com/raghavkgarg/mycase/devtools/checkdeps/main.go:51.3,51.33 1 0
github.com/raghavkgarg/mycase/devtools/checkdeps/main.go:52.4,52.31 1 0
github.com/raghavkgarg/mycase/devtools/checkdeps/main.go:53.5,53.13 1 0
github.com/raghavkgarg/mycase/devtools/checkdeps/main.go:55.4,56.1 2 0
github.com/raghavkgarg/mycase/devtools/checkdeps/main.go:57.4,57.32 2 0
github.com/raghavkgarg/mycase/devtools/checkdeps/main.go:58.5,60.13 2 0
github.com/raghavkgarg/mycase/devtools/checkdeps/main.go:63.4,64.11 2 0
github.com/raghavkgarg/mycase/devtools/checkdeps/main.go:66.5,66.13 1 0
github.com/raghavkgarg/mycase/devtools/checkdeps/main.go:68.4,68.25 1 0
github.com/raghavkgarg/mycase/devtools/checkdeps/main.go:69.5,72.1 1 0
github.com/raghavkgarg/mycase/devtools/checkdeps/main.go:77.2,77.34 1 0
github.com/raghavkgarg/mycase/devtools/checkdeps/main.go:78.3,78.18 1 0
github.com/raghavkgarg/mycase/devtools/checkdeps/main.go:79.4,81.1 1 0
github.com/raghavkgarg/mycase/devtools/checkdeps/main.go:84.2,84.25 1 0
github.com/raghavkgarg/mycase/devtools/checkdeps/main.go:85.3,87.32 3 0
github.com/raghavkgarg/mycase/devtools/checkdeps/main.go:88.4,89.1 1 0
github.com/raghavkgarg/mycase/devtools/checkdeps/main.go:90.3,90.13 1 0
github.com/raghavkgarg/mycase/devtools/checkdeps/main.go:93.2,93.58 1 0
github.com/raghavkgarg/mycase/main.go:31.2,34.1 1 1
github.com/raghavkgarg/mycase/main.go:44.2,44.68 1 0
github.com/raghavkgarg/mycase/main.go:45.3,49.1 4 0
github.com/raghavkgarg/mycase/main.go:51.2,82.78 1 0
github.com/raghavkgarg/mycase/main.go:83.4,85.1 9 0
github.com/raghavkgarg/mycase/main.go:86.4,89.1 9 0
github.com/raghavkgarg/mycase/main.go:94.4,96.1 9 0
github.com/raghavkgarg/mycase/main.go:97.4,100.1 9 0
github.com/raghavkgarg/mycase/main.go:105.4,105.56 1 0
github.com/raghavkgarg/mycase/main.go:106.5,108.1 2 0
github.com/raghavkgarg/mycase/main.go:109.4,109.24 1 0
github.com/raghavkgarg/mycase/main.go:110.5,111.1 1 0
github.com/raghavkgarg/mycase/main.go:112.4,112.14 1 0
github.com/raghavkgarg/mycase/main.go:144.4,144.24 1 0
github.com/raghavkgarg/mycase/main.go:145.5,146.1 1 0
github.com/raghavkgarg/mycase/main.go:147.4,147.26 1 0
github.com/raghavkgarg/mycase/main.go:148.5,148.39 1 0
github.com/raghavkgarg/mycase/main.go:149.6,150.1 1 0
github.com/raghavkgarg/mycase/main.go:151.5,151.102 1 0
github.com/raghavkgarg/mycase/main.go:153.4,153.29 1 0
github.com/raghavkgarg/mycase/main.go:156.2,156.63 1 0
github.com/raghavkgarg/mycase/main.go:158.3,158.23 1 0
github.com/raghavkgarg/mycase/main.go:159.4,160.1 1 0
github.com/raghavkgarg/mycase/main.go:161.3,162.13 2 0
github.com/raghavkgarg/mycase/main.go:169.2,170.1 3 0
github.com/raghavkgarg/mycase/main.go:172.2,173.43 3 0
github.com/raghavkgarg/mycase/main.go:174.3,175.1 1 0
github.com/raghavkgarg/mycase/main.go:176.2,176.23 1 0
github.com/raghavkgarg/mycase/main.go:177.3,178.1 1 0
github.com/raghavkgarg/mycase/main.go:179.2,179.17 1 0
github.com/raghavkgarg/mycase/main.go:180.3,181.1 1 0
github.com/raghavkgarg/mycase/main.go:184.2,185.39 2 0
github.com/raghavkgarg/mycase/main.go:186.3,187.1 1 0
github.com/raghavkgarg/mycase/main.go:188.2,188.15 1 0
github.com/raghavkgarg/mycase/main.go:189.3,190.1 1 0
github.com/raghavkgarg/mycase/main.go:193.2,194.26 2 0
github.com/raghavkgarg/mycase/main.go:195.3,196.1 1 0
github.com/raghavkgarg/mycase/main.go:198.2,199.17 2 0
github.com/raghavkgarg/mycase/main.go:200.3,201.1 1 0
github.com/raghavkgarg/mycase/main.go:203.2,211.10 3 0
github.com/raghavkgarg/mycase/main.go:216.2,217.20 2 1
github.com/raghavkgarg/mycase/main.go:218.3,219.1 1 0
github.com/raghavkgarg/mycase/main.go:220.2,220.15 1 1
github.com/raghavkgarg/mycase/devtools/internal/layers/layers.go:121.2,123.1 2 0
github.com/raghavkgarg/mycase/devtools/internal/layers/layers.go:127.2,128.1 1 0
github.com/raghavkgarg/mycase/devtools/internal/layers/layers.go:133.2,135.16 3 0
github.com/raghavkgarg/mycase/devtools/internal/layers/layers.go:136.3,137.1 1 0
github.com/raghavkgarg/mycase/devtools/internal/layers/layers.go:138.2,140.17 3 0
github.com/raghavkgarg/mycase/devtools/internal/layers/layers.go:141.3,142.40 2 0
github.com/raghavkgarg/mycase/devtools/internal/layers/layers.go:143.4,144.1 1 0
github.com/raghavkgarg/mycase/devtools/internal/layers/layers.go:145.3,145.25 1 0
github.com/raghavkgarg/mycase/devtools/internal/layers/layers.go:147.2,147.18 1 0
github.com/raghavkgarg/mycase/cmd/auth.go:56.3,57.19 2 0
github.com/raghavkgarg/mycase/cmd/auth.go:58.4,60.1 2 0
github.com/raghavkgarg/mycase/cmd/auth.go:61.3,61.19 1 0
github.com/raghavkgarg/mycase/cmd/auth.go:62.4,63.1 1 0
github.com/raghavkgarg/mycase/cmd/auth.go:64.3,64.17 1 0
github.com/raghavkgarg/mycase/cmd/auth.go:66.4,67.24 2 0
github.com/raghavkgarg/mycase/cmd/auth.go:68.5,69.1 1 0
github.com/raghavkgarg/mycase/cmd/auth.go:70.4,71.23 2 0
github.com/raghavkgarg/mycase/cmd/auth.go:72.5,73.1 1 0
github.com/raghavkgarg/mycase/cmd/auth.go:74.4,74.52 1 0
github.com/raghavkgarg/mycase/cmd/auth.go:76.4,76.92 1 0
github.com/raghavkgarg/mycase/cmd/auth.go:78.4,78.85 1 0
github.com/raghavkgarg/mycase/cmd/auth.go:84.2,85.1 1 0
github.com/raghavkgarg/mycase/cmd/auth.go:88.2,89.56 2 0
github.com/raghavkgarg/mycase/cmd/auth.go:90.3,92.1 2 0
github.com/raghavkgarg/mycase/cmd/auth.go:94.2,96.1 4 0
github.com/raghavkgarg/mycase/cmd/auth.go:97.2,98.30 4 0
github.com/raghavkgarg/mycase/cmd/auth.go:99.3,101.1 2 0
github.com/raghavkgarg/mycase/cmd/auth.go:101.9,101.23 1 0
github.com/raghavkgarg/mycase/cmd/auth.go:102.3,103.1 1 0
github.com/raghavkgarg/mycase/cmd/auth.go:105.2,106.1 2 0
github.com/raghavkgarg/mycase/cmd/auth.go:107.2,107.18 2 0
github.com/raghavkgarg/mycase/cmd/auth.go:108.3,108.16 1 0
github.com/raghavkgarg/mycase/cmd/auth.go:109.4,110.1 1 0
github.com/raghavkgarg/mycase/cmd/auth.go:111.3,113.37 3 0
github.com/raghavkgarg/mycase/cmd/auth.go:115.3,116.1 1 0
github.com/raghavkgarg/mycase/cmd/auth.go:118.2,118.21 1 0
github.com/raghavkgarg/mycase/cmd/auth.go:119.3,119.16 1 0
github.com/raghavkgarg/mycase/cmd/auth.go:120.4,121.1 1 0
github.com/raghavkgarg/mycase/cmd/auth.go:122.3,124.43 3 0
github.com/raghavkgarg/mycase/cmd/auth.go:126.3,127.1 1 0
github.com/raghavkgarg/mycase/cmd/auth.go:129.2,129.37 1 0
github.com/raghavkgarg/mycase/cmd/auth.go:130.3,131.1 1 0
github.com/raghavkgarg/mycase/cmd/auth.go:134.2,134.102 1 0
github.com/raghavkgarg/mycase/cmd/auth.go:135.3,137.26 3 0
github.com/raghavkgarg/mycase/cmd/auth.go:138.4,138.61 1 0
github.com/raghavkgarg/mycase/cmd/auth.go:139.5,145.1 1 0
github.com/raghavkgarg/mycase/cmd/auth.go:147.3,148.42 2 0
github.com/raghavkgarg/mycase/cmd/auth.go:149.4,153.1 4 0
github.com/raghavkgarg/mycase/cmd/auth.go:154.3,154.100 1 0
github.com/raghavkgarg/mycase/cmd/auth.go:158.2,158.86 1 0
github.com/raghavkgarg/mycase/cmd/auth.go:159.3,159.16 1 0
github.com/raghavkgarg/mycase/cmd/auth.go:160.4,161.1 1 0
github.com/raghavkgarg/mycase/cmd/auth.go:162.3,166.33 5 0
github.com/raghavkgarg/mycase/cmd/auth.go:167.4,167.24 1 0
github.com/raghavkgarg/mycase/cmd/auth.go:168.5,171.1 3 0
github.com/raghavkgarg/mycase/cmd/auth.go:172.4,172.26 1 0
github.com/raghavkgarg/mycase/cmd/auth.go:173.5,176.1 3 0
github.com/raghavkgarg/mycase/cmd/auth.go:177.4,177.28 1 0
github.com/raghavkgarg/mycase/cmd/auth.go:178.5,181.1 3 0
github.com/raghavkgarg/mycase/cmd/auth.go:182.4,182.42 1 0
github.com/raghavkgarg/mycase/cmd/auth.go:186.2,186.84 1 0
github.com/raghavkgarg/mycase/cmd/auth.go:187.3,189.1 5 0
github.com/raghavkgarg/mycase/cmd/auth.go:190.3,197.1 5 0
github.com/raghavkgarg/mycase/cmd/auth.go:199.3,200.21 5 0
github.com/raghavkgarg/mycase/cmd/auth.go:201.4,203.61 3 0
github.com/raghavkgarg/mycase/cmd/auth.go:204.5,205.1 1 0
github.com/raghavkgarg/mycase/cmd/auth.go:206.4,208.14 3 0
github.com/raghavkgarg/mycase/cmd/auth.go:211.3,212.16 2 0
github.com/raghavkgarg/mycase/cmd/auth.go:213.4,214.1 1 0
github.com/raghavkgarg/mycase/cmd/auth.go:215.3,215.70 1 0
github.com/raghavkgarg/mycase/cmd/auth.go:216.9,216.25 1 0
github.com/raghavkgarg/mycase/cmd/auth.go:217.3,217.16 1 0
github.com/raghavkgarg/mycase/cmd/auth.go:218.4,219.1 1 0
github.com/raghavkgarg/mycase/cmd/auth.go:220.3,220.130 1 0
github.com/raghavkgarg/mycase/cmd/auth.go:223.2,224.39 2 0
github.com/raghavkgarg/mycase/cmd/auth.go:225.3,225.60 1 0
github.com/raghavkgarg/mycase/cmd/auth.go:226.4,232.1 1 0
github.com/raghavkgarg/mycase/cmd/auth.go:234.2,236.1 6 0
github.com/raghavkgarg/mycase/cmd/auth.go:237.2,239.1 6 0
github.com/raghavkgarg/mycase/cmd/auth.go:240.2,241.67 6 0
github.com/raghavkgarg/mycase/cmd/auth.go:242.3,243.18 2 0
github.com/raghavkgarg/mycase/cmd/auth.go:244.4,247.1 3 0
github.com/raghavkgarg/mycase/cmd/auth.go:248.3,270.21 3 0
github.com/raghavkgarg/mycase/cmd/auth.go:273.2,274.12 2 0
github.com/raghavkgarg/mycase/cmd/auth.go:275.3,275.77 1 0
github.com/raghavkgarg/mycase/cmd/auth.go:276.4,277.1 1 0
github.com/raghavkgarg/mycase/cmd/auth.go:280.2,285.1 7 0
github.com/raghavkgarg/mycase/cmd/auth.go:286.2,287.9 7 0
github.com/raghavkgarg/mycase/cmd/auth.go:289.3,289.68 1 0
github.com/raghavkgarg/mycase/cmd/auth.go:291.3,291.51 1 0
github.com/raghavkgarg/mycase/cmd/auth.go:293.3,293.81 1 0
github.com/raghavkgarg/mycase/cmd/auth.go:296.2,299.1 6 0
github.com/raghavkgarg/mycase/cmd/auth.go:300.2,302.16 6 0
github.com/raghavkgarg/mycase/cmd/auth.go:303.3,304.1 1 0
github.com/raghavkgarg/mycase/cmd/auth.go:305.2,306.1 4 0
github.com/raghavkgarg/mycase/cmd/auth.go:307.2,309.21 4 0
github.com/raghavkgarg/mycase/cmd/auth.go:310.3,311.1 1 0
github.com/raghavkgarg/mycase/cmd/auth.go:313.2,313.59 1 0
github.com/raghavkgarg/mycase/cmd/auth.go:314.3,315.1 1 0
github.com/raghavkgarg/mycase/cmd/auth.go:317.2,319.12 3 0
github.com/raghavkgarg/mycase/cmd/auth.go:324.2,325.1 3 0
github.com/raghavkgarg/mycase/cmd/auth.go:326.2,327.16 3 0
github.com/raghavkgarg/mycase/cmd/auth.go:328.3,336.1 1 0
github.com/raghavkgarg/mycase/cmd/auth.go:338.2,341.1 4 0
github.com/raghavkgarg/mycase/cmd/auth.go:342.2,342.64 4 0
github.com/raghavkgarg/mycase/cmd/auth.go:343.3,344.1 1 0
github.com/raghavkgarg/mycase/cmd/auth.go:346.2,350.12 5 0
github.com/raghavkgarg/mycase/cmd/autopilot.go:76.2,79.1 5 0
github.com/raghavkgarg/mycase/cmd/autopilot.go:80.2,81.1 5 0
github.com/raghavkgarg/mycase/cmd/autopilot.go:83.2,83.26 5 0
github.com/raghavkgarg/mycase/cmd/autopilot.go:84.3,84.52 1 0
github.com/raghavkgarg/mycase/cmd/autopilot.go:85.4,88.1 3 0
github.com/raghavkgarg/mycase/cmd/autopilot.go:92.2,94.16 3 0
github.com/raghavkgarg/mycase/cmd/autopilot.go:95.3,96.1 1 0
github.com/raghavkgarg/mycase/cmd/autopilot.go:97.2,98.65 2 0
github.com/raghavkgarg/mycase/cmd/autopilot.go:99.3,100.1 1 0
github.com/raghavkgarg/mycase/cmd/autopilot.go:103.2,104.16 2 0
github.com/raghavkgarg/mycase/cmd/autopilot.go:105.3,106.1 1 0
github.com/raghavkgarg/mycase/cmd/autopilot.go:109.2,110.16 2 0
github.com/raghavkgarg/mycase/cmd/autopilot.go:111.3,112.1 1 0
github.com/raghavkgarg/mycase/cmd/autopilot.go:115.2,119.1 3 0
github.com/raghavkgarg/mycase/cmd/autopilot.go:121.2,122.16 3 0
github.com/raghavkgarg/mycase/cmd/autopilot.go:123.3,124.1 1 0
github.com/raghavkgarg/mycase/cmd/autopilot.go:127.2,127.34 1 0
github.com/raghavkgarg/mycase/cmd/autopilot.go:128.3,129.95 2 0
github.com/raghavkgarg/mycase/cmd/autopilot.go:130.4,131.1 1 0
github.com/raghavkgarg/mycase/cmd/autopilot.go:132.4,133.1 1 0
github.com/raghavkgarg/mycase/cmd/autopilot.go:137.3,138.18 2 0
github.com/raghavkgarg/mycase/cmd/autopilot.go:139.4,140.1 1 0
github.com/raghavkgarg/mycase/cmd/autopilot.go:140.10,140.30 1 0
github.com/raghavkgarg/mycase/cmd/autopilot.go:141.4,143.131 2 0
github.com/raghavkgarg/mycase/cmd/autopilot.go:144.5,145.1 1 0
github.com/raghavkgarg/mycase/cmd/autopilot.go:150.2,165.1 7 0
github.com/raghavkgarg/mycase/cmd/autopilot.go:166.2,166.12 7 0
github.com/raghavkgarg/mycase/cmd/autopilot.go:170.2,171.1 3 0
github.com/raghavkgarg/mycase/cmd/autopilot.go:172.2,173.16 3 0
github.com/raghavkgarg/mycase/cmd/autopilot.go:174.3,175.1 1 0
github.com/raghavkgarg/mycase/cmd/autopilot.go:177.2,177.21 1 0
github.com/raghavkgarg/mycase/cmd/autopilot.go:178.3,179.1 1 0
github.com/raghavkgarg/mycase/cmd/autopilot.go:180.3,190.1 11 0
github.com/raghavkgarg/mycase/cmd/autopilot.go:191.3,191.27 11 0
github.com/raghavkgarg/mycase/cmd/autopilot.go:192.4,193.1 1 0
github.com/raghavkgarg/mycase/cmd/autopilot.go:193.10,193.56 1 0
github.com/raghavkgarg/mycase/cmd/autopilot.go:194.4,196.1 2 0
github.com/raghavkgarg/mycase/cmd/autopilot.go:200.2,201.47 2 0
github.com/raghavkgarg/mycase/cmd/autopilot.go:202.3,204.1 2 0
github.com/raghavkgarg/mycase/cmd/autopilot.go:206.2,206.81 1 0
github.com/raghavkgarg/mycase/cmd/autopilot.go:207.3,208.24 2 0
github.com/raghavkgarg/mycase/cmd/autopilot.go:209.4,210.1 1 0
github.com/raghavkgarg/mycase/cmd/autopilot.go:213.2,213.12 1 0
github.com/raghavkgarg/mycase/cmd/autopilot.go:217.2,218.16 2 0
github.com/raghavkgarg/mycase/cmd/autopilot.go:219.3,220.1 1 0
github.com/raghavkgarg/mycase/cmd/autopilot.go:221.2,221.21 1 0
github.com/raghavkgarg/mycase/cmd/autopilot.go:222.3,224.1 2 0
github.com/raghavkgarg/mycase/cmd/autopilot.go:225.2,225.48 1 0
github.com/raghavkgarg/mycase/cmd/autopilot.go:226.3,228.1 2 0
github.com/raghavkgarg/mycase/cmd/autopilot.go:230.2,230.60 1 0
github.com/raghavkgarg/mycase/cmd/autopilot.go:231.3,232.1 1 0
github.com/raghavkgarg/mycase/cmd/autopilot.go:235.2,235.60 1 0
github.com/raghavkgarg/mycase/cmd/autopilot.go:236.3,237.1 1 0
github.com/raghavkgarg/mycase/cmd/autopilot.go:239.2,240.12 2 0
github.com/raghavkgarg/mycase/cmd/autopilot.go:280.2,281.1 3 0
github.com/raghavkgarg/mycase/cmd/autopilot.go:282.2,283.16 3 0
github.com/raghavkgarg/mycase/cmd/autopilot.go:284.3,285.1 1 0
github.com/raghavkgarg/mycase/cmd/autopilot.go:286.2,287.16 2 0
github.com/raghavkgarg/mycase/cmd/autopilot.go:288.3,289.1 1 0
github.com/raghavkgarg/mycase/cmd/autopilot.go:292.2,293.47 2 0
github.com/raghavkgarg/mycase/cmd/autopilot.go:294.3,296.1 2 0
github.com/raghavkgarg/mycase/cmd/autopilot.go:298.2,298.30 1 0
github.com/raghavkgarg/mycase/cmd/autopilot.go:299.3,301.1 2 0
github.com/raghavkgarg/mycase/cmd/autopilot.go:304.2,305.32 2 0
github.com/raghavkgarg/mycase/cmd/autopilot.go:307.3,308.92 2 0
github.com/raghavkgarg/mycase/cmd/autopilot.go:309.4,310.1 1 0
github.com/raghavkgarg/mycase/cmd/autopilot.go:311.3,311.59 1 0
github.com/raghavkgarg/mycase/cmd/autopilot.go:313.3,313.59 1 0
github.com/raghavkgarg/mycase/cmd/autopilot.go:317.2,318.1 3 0
github.com/raghavkgarg/mycase/cmd/autopilot.go:319.2,320.16 3 0
github.com/raghavkgarg/mycase/cmd/autopilot.go:321.3,322.1 1 0
github.com/raghavkgarg/mycase/cmd/autopilot.go:323.2,324.52 2 0
github.com/raghavkgarg/mycase/cmd/autopilot.go:325.3,326.1 1 0
github.com/raghavkgarg/mycase/cmd/autopilot.go:327.2,328.1 3 0
github.com/raghavkgarg/mycase/cmd/autopilot.go:329.2,330.16 3 0
github.com/raghavkgarg/mycase/cmd/autopilot.go:331.3,332.1 1 0
github.com/raghavkgarg/mycase/cmd/autopilot.go:333.2,334.1 4 0
github.com/raghavkgarg/mycase/cmd/autopilot.go:335.2,341.1 4 0
github.com/raghavkgarg/mycase/cmd/autopilot.go:342.2,342.46 4 0
github.com/raghavkgarg/mycase/cmd/autopilot.go:343.3,344.1 1 0
github.com/raghavkgarg/mycase/cmd/autopilot.go:346.2,351.12 6 0
github.com/raghavkgarg/mycase/cmd/autopilot.go:355.2,355.30 1 0
github.com/raghavkgarg/mycase/cmd/autopilot.go:356.3,360.1 4 0
github.com/raghavkgarg/mycase/cmd/autopilot.go:361.2,362.16 2 0
github.com/raghavkgarg/mycase/cmd/autopilot.go:363.3,364.1 1 0
github.com/raghavkgarg/mycase/cmd/autopilot.go:365.2,366.1 3 0
github.com/raghavkgarg/mycase/cmd/autopilot.go:367.2,368.45 3 0
github.com/raghavkgarg/mycase/cmd/autopilot.go:369.3,369.25 1 0
github.com/raghavkgarg/mycase/cmd/autopilot.go:370.4,372.1 2 0
github.com/raghavkgarg/mycase/cmd/autopilot.go:373.3,373.47 1 0
github.com/raghavkgarg/mycase/cmd/autopilot.go:375.2,376.12 2 0
github.com/raghavkgarg/mycase/cmd/autopilot.go:381.2,382.28 2 0
github.com/raghavkgarg/mycase/cmd/autopilot.go:384.3,385.102 2 0
github.com/raghavkgarg/mycase/cmd/autopilot.go:386.4,387.1 1 0
github.com/raghavkgarg/mycase/cmd/autopilot.go:388.3,388.49 1 0
github.com/raghavkgarg/mycase/cmd/autopilot.go:390.3,390.41 1 0
github.com/raghavkgarg/mycase/cmd/autopilot.go:393.2,421.65 1 0
github.com/raghavkgarg/mycase/cmd/backtest.go:40.2,41.20 2 0
github.com/raghavkgarg/mycase/cmd/backtest.go:42.3,42.40 1 0
github.com/raghavkgarg/mycase/cmd/backtest.go:43.4,44.42 2 0
github.com/raghavkgarg/mycase/cmd/backtest.go:45.5,46.1 1 0
github.com/raghavkgarg/mycase/cmd/backtest.go:47.5,48.1 1 0
github.com/raghavkgarg/mycase/cmd/backtest.go:51.2,51.20 1 0
github.com/raghavkgarg/mycase/cmd/backtest.go:52.3,53.1 1 0
github.com/raghavkgarg/mycase/cmd/backtest.go:55.2,56.16 2 0
github.com/raghavkgarg/mycase/cmd/backtest.go:57.3,58.1 1 0
github.com/raghavkgarg/mycase/cmd/backtest.go:60.2,62.42 3 0
github.com/raghavkgarg/mycase/cmd/backtest.go:63.3,64.17 2 0
github.com/raghavkgarg/mycase/cmd/backtest.go:65.4,66.1 1 0
github.com/raghavkgarg/mycase/cmd/backtest.go:69.2,70.19 2 0
github.com/raghavkgarg/mycase/cmd/backtest.go:71.72,71.72 0 0
github.com/raghavkgarg/mycase/cmd/backtest.go:73.3,73.109 1 0
github.com/raghavkgarg/mycase/cmd/backtest.go:76.2,79.21 4 0
github.com/raghavkgarg/mycase/cmd/backtest.go:80.3,81.1 1 0
github.com/raghavkgarg/mycase/cmd/backtest.go:82.2,83.1 3 0
github.com/raghavkgarg/mycase/cmd/backtest.go:85.2,86.16 3 0
github.com/raghavkgarg/mycase/cmd/backtest.go:87.3,88.1 1 0
github.com/raghavkgarg/mycase/cmd/backtest.go:89.2,89.20 1 0
github.com/raghavkgarg/mycase/cmd/backtest.go:90.3,91.1 1 0
github.com/raghavkgarg/mycase/cmd/backtest.go:93.2,94.25 2 0
github.com/raghavkgarg/mycase/cmd/backtest.go:95.3,96.12 2 0
github.com/raghavkgarg/mycase/cmd/backtest.go:97.4,98.1 1 0
github.com/raghavkgarg/mycase/cmd/backtest.go:100.2,100.24 1 0
github.com/raghavkgarg/mycase/cmd/backtest.go:101.3,102.1 1 0
github.com/raghavkgarg/mycase/cmd/backtest.go:104.2,105.1 4 0
github.com/raghavkgarg/mycase/cmd/backtest.go:107.2,111.1 4 0
github.com/raghavkgarg/mycase/cmd/backtest.go:113.2,114.29 4 0
github.com/raghavkgarg/mycase/cmd/backtest.go:115.3,115.26 1 0
github.com/raghavkgarg/mycase/cmd/backtest.go:116.4,118.1 2 0
github.com/raghavkgarg/mycase/cmd/backtest.go:120.2,120.12 1 0
github.com/raghavkgarg/mycase/cmd/backtest.go:121.3,123.1 2 0
github.com/raghavkgarg/mycase/cmd/backtest.go:125.2,128.1 4 0
github.com/raghavkgarg/mycase/cmd/backtest.go:129.2,129.30 4 0
github.com/raghavkgarg/mycase/cmd/backtest.go:130.3,131.19 2 0
github.com/raghavkgarg/mycase/cmd/backtest.go:132.4,133.12 2 0
github.com/raghavkgarg/mycase/cmd/backtest.go:135.3,135.28 1 0
github.com/raghavkgarg/mycase/cmd/backtest.go:136.4,137.1 1 0
github.com/raghavkgarg/mycase/cmd/backtest.go:138.4,139.1 1 0
github.com/raghavkgarg/mycase/cmd/backtest.go:141.2,141.26 1 0
github.com/raghavkgarg/mycase/cmd/backtest.go:142.3,143.1 1 0
github.com/raghavkgarg/mycase/cmd/backtest.go:145.2,153.1 4 0
github.com/raghavkgarg/mycase/cmd/backtest.go:155.2,158.1 4 0
github.com/raghavkgarg/mycase/cmd/backtest.go:159.2,160.16 4 0
github.com/raghavkgarg/mycase/cmd/backtest.go:161.3,162.1 1 0
github.com/raghavkgarg/mycase/cmd/backtest.go:164.2,166.119 3 0
github.com/raghavkgarg/mycase/cmd/backtest.go:167.3,168.1 1 0
github.com/raghavkgarg/mycase/cmd/backtest.go:168.9,168.29 1 0
github.com/raghavkgarg/mycase/cmd/backtest.go:169.3,169.30 1 0
github.com/raghavkgarg/mycase/cmd/backtest.go:170.4,170.77 1 0
github.com/raghavkgarg/mycase/cmd/backtest.go:171.5,172.10 2 0
github.com/raghavkgarg/mycase/cmd/backtest.go:177.2,178.12 2 0
github.com/raghavkgarg/mycase/cmd/backtest.go:182.2,184.1 4 0
github.com/raghavkgarg/mycase/cmd/backtest.go:185.2,186.28 4 0
github.com/raghavkgarg/mycase/cmd/backtest.go:187.3,190.1 3 0
github.com/raghavkgarg/mycase/cmd/backtest.go:191.2,193.1 5 0
github.com/raghavkgarg/mycase/cmd/backtest.go:194.2,206.1 5 0
github.com/raghavkgarg/mycase/cmd/backtest.go:207.2,207.28 5 0
github.com/raghavkgarg/mycase/cmd/backtest.go:208.3,215.1 3 0
github.com/raghavkgarg/mycase/cmd/backtest.go:218.2,218.37 1 0
github.com/raghavkgarg/mycase/cmd/backtest.go:222.2,222.24 1 0
github.com/raghavkgarg/mycase/cmd/backtest.go:223.3,224.1 1 0
github.com/raghavkgarg/mycase/cmd/backtest.go:225.2,227.27 3 0
github.com/raghavkgarg/mycase/cmd/backtest.go:228.3,229.1 1 0
github.com/raghavkgarg/mycase/cmd/backtest.go:232.2,235.1 5 0
github.com/raghavkgarg/mycase/cmd/backtest.go:236.2,239.34 5 0
github.com/raghavkgarg/mycase/cmd/backtest.go:240.3,240.40 1 0
github.com/raghavkgarg/mycase/cmd/backtest.go:241.4,242.1 1 0
github.com/raghavkgarg/mycase/cmd/backtest.go:243.3,243.11 1 0
github.com/raghavkgarg/mycase/cmd/backtest.go:245.2,246.1 3 0
github.com/raghavkgarg/mycase/cmd/backtest.go:247.2,248.36 3 0
github.com/raghavkgarg/mycase/cmd/backtest.go:249.3,251.61 3 0
github.com/raghavkgarg/mycase/cmd/backtest.go:252.4,252.12 1 0
github.com/raghavkgarg/mycase/cmd/backtest.go:254.3,258.28 5 0
github.com/raghavkgarg/mycase/cmd/backtest.go:259.4,260.1 1 0
github.com/raghavkgarg/mycase/cmd/backtest.go:261.3,261.115 1 0
github.com/raghavkgarg/mycase/cmd/backtest.go:264.2,270.35 3 0
github.com/raghavkgarg/mycase/cmd/basket.go:39.3,40.21 2 0
github.com/raghavkgarg/mycase/cmd/basket.go:41.4,42.1 1 0
github.com/raghavkgarg/mycase/cmd/basket.go:44.3,44.40 1 0
github.com/raghavkgarg/mycase/cmd/basket.go:45.4,46.21 2 0
github.com/raghavkgarg/mycase/cmd/basket.go:47.5,47.43 1 0
github.com/raghavkgarg/mycase/cmd/basket.go:48.6,49.1 1 0
github.com/raghavkgarg/mycase/cmd/basket.go:50.6,51.1 1 0
github.com/raghavkgarg/mycase/cmd/basket.go:54.3,54.104 1 0
github.com/raghavkgarg/mycase/cmd/basket.go:59.2,60.43 2 0
github.com/raghavkgarg/mycase/cmd/basket.go:61.3,62.1 1 0
github.com/raghavkgarg/mycase/cmd/basket.go:64.2,65.14 2 0
github.com/raghavkgarg/mycase/cmd/basket.go:66.3,67.1 1 0
github.com/raghavkgarg/mycase/cmd/basket.go:68.2,70.1 4 0
github.com/raghavkgarg/mycase/cmd/basket.go:71.2,72.56 4 0
github.com/raghavkgarg/mycase/cmd/basket.go:73.3,74.1 1 0
github.com/raghavkgarg/mycase/cmd/basket.go:75.3,77.23 3 0
github.com/raghavkgarg/mycase/cmd/basket.go:78.4,79.1 1 0
github.com/raghavkgarg/mycase/cmd/basket.go:81.3,81.71 1 0
github.com/raghavkgarg/mycase/cmd/basket.go:82.4,83.1 1 0
github.com/raghavkgarg/mycase/cmd/basket.go:86.2,87.16 2 0
github.com/raghavkgarg/mycase/cmd/basket.go:88.3,89.1 1 0
github.com/raghavkgarg/mycase/cmd/basket.go:91.2,92.16 2 0
github.com/raghavkgarg/mycase/cmd/basket.go:93.3,94.1 1 0
github.com/raghavkgarg/mycase/cmd/basket.go:96.2,96.69 1 0
github.com/raghavkgarg/mycase/cmd/basket.go:97.3,99.1 2 0
github.com/raghavkgarg/mycase/cmd/basket.go:101.2,106.1 9 0
github.com/raghavkgarg/mycase/cmd/basket.go:107.2,110.1 9 0
github.com/raghavkgarg/mycase/cmd/basket.go:111.2,111.35 9 0
github.com/raghavkgarg/mycase/cmd/basket.go:112.3,114.1 2 0
github.com/raghavkgarg/mycase/cmd/basket.go:116.2,117.16 2 0
github.com/raghavkgarg/mycase/cmd/basket.go:118.3,119.1 1 0
github.com/raghavkgarg/mycase/cmd/basket.go:121.2,125.1 5 0
github.com/raghavkgarg/mycase/cmd/basket.go:126.2,126.19 5 0
github.com/raghavkgarg/mycase/cmd/basket.go:127.3,130.19 4 0
github.com/raghavkgarg/mycase/cmd/basket.go:131.4,133.1 2 0
github.com/raghavkgarg/mycase/cmd/basket.go:134.3,135.17 2 0
github.com/raghavkgarg/mycase/cmd/basket.go:136.4,137.1 1 0
github.com/raghavkgarg/mycase/cmd/basket.go:139.3,139.7 1 0
github.com/raghavkgarg/mycase/cmd/basket.go:140.4,142.1 3 0
github.com/raghavkgarg/mycase/cmd/basket.go:143.4,143.36 3 0
github.com/raghavkgarg/mycase/cmd/basket.go:144.5,148.1 9 0
github.com/raghavkgarg/mycase/cmd/basket.go:149.5,152.1 9 0
github.com/raghavkgarg/mycase/cmd/basket.go:153.5,154.71 9 0
github.com/raghavkgarg/mycase/cmd/basket.go:155.6,156.1 1 0
github.com/raghavkgarg/mycase/cmd/basket.go:158.5,158.17 1 0
github.com/raghavkgarg/mycase/cmd/basket.go:159.6,171.1 3 0
github.com/raghavkgarg/mycase/cmd/basket.go:171.12,171.24 1 0
github.com/raghavkgarg/mycase/cmd/basket.go:172.6,184.1 3 0
github.com/raghavkgarg/mycase/cmd/basket.go:187.4,190.1 7 0
github.com/raghavkgarg/mycase/cmd/basket.go:191.4,194.23 7 0
github.com/raghavkgarg/mycase/cmd/basket.go:195.5,195.10 1 0
github.com/raghavkgarg/mycase/cmd/basket.go:197.4,198.18 2 0
github.com/raghavkgarg/mycase/cmd/basket.go:199.5,200.10 2 0
github.com/raghavkgarg/mycase/cmd/basket.go:202.4,202.28 1 0
github.com/raghavkgarg/mycase/cmd/basket.go:205.9,205.26 1 0
github.com/raghavkgarg/mycase/cmd/basket.go:206.3,207.35 2 0
github.com/raghavkgarg/mycase/cmd/basket.go:208.4,211.1 3 0
github.com/raghavkgarg/mycase/cmd/basket.go:212.3,213.1 6 0
github.com/raghavkgarg/mycase/cmd/basket.go:214.3,218.21 6 0
github.com/raghavkgarg/mycase/cmd/basket.go:219.4,220.18 2 0
github.com/raghavkgarg/mycase/cmd/basket.go:221.5,223.1 2 0
github.com/raghavkgarg/mycase/cmd/basket.go:226.3,228.1 3 0
github.com/raghavkgarg/mycase/cmd/basket.go:229.3,229.35 3 0
github.com/raghavkgarg/mycase/cmd/basket.go:230.4,236.1 11 0
github.com/raghavkgarg/mycase/cmd/basket.go:237.4,240.1 11 0
github.com/raghavkgarg/mycase/cmd/basket.go:241.4,242.17 11 0
github.com/raghavkgarg/mycase/cmd/basket.go:243.5,245.17 3 0
github.com/raghavkgarg/mycase/cmd/basket.go:246.6,248.1 2 0
github.com/raghavkgarg/mycase/cmd/basket.go:249.6,251.1 2 0
github.com/raghavkgarg/mycase/cmd/basket.go:252.5,254.71 3 0
github.com/raghavkgarg/mycase/cmd/basket.go:255.6,256.1 1 0
github.com/raghavkgarg/mycase/cmd/basket.go:257.5,266.7 1 0
github.com/raghavkgarg/mycase/cmd/basket.go:271.2,272.1 2 0
github.com/raghavkgarg/mycase/cmd/basket.go:273.2,273.17 2 0
github.com/raghavkgarg/mycase/cmd/basket.go:274.3,275.1 1 0
github.com/raghavkgarg/mycase/cmd/basket.go:277.2,281.12 2 0
github.com/raghavkgarg/mycase/cmd/basket.go:288.2,288.22 1 0
github.com/raghavkgarg/mycase/cmd/basket.go:289.3,290.1 1 0
github.com/raghavkgarg/mycase/cmd/basket.go:291.2,291.45 1 0
github.com/raghavkgarg/mycase/cmd/basket.go:292.3,294.1 2 0
github.com/raghavkgarg/mycase/cmd/basket.go:296.2,297.15 2 0
github.com/raghavkgarg/mycase/cmd/basket.go:298.3,300.1 2 0
github.com/raghavkgarg/mycase/cmd/basket.go:302.2,304.38 3 0
github.com/raghavkgarg/mycase/cmd/basket.go:305.3,307.1 2 0
github.com/raghavkgarg/mycase/cmd/basket.go:309.2,310.1 4 0
github.com/raghavkgarg/mycase/cmd/basket.go:311.2,315.1 4 0
github.com/raghavkgarg/mycase/cmd/basket.go:316.2,317.32 4 0
github.com/raghavkgarg/mycase/cmd/basket.go:318.3,321.1 3 0
github.com/raghavkgarg/mycase/cmd/basket.go:322.3,323.1 1 0
github.com/raghavkgarg/mycase/cmd/basket.go:324.2,324.42 1 0
github.com/raghavkgarg/mycase/cmd/basket.go:325.3,326.1 1 0
github.com/raghavkgarg/mycase/cmd/basket.go:328.2,328.20 1 0
github.com/raghavkgarg/mycase/cmd/basket.go:339.2,339.22 1 0
github.com/raghavkgarg/mycase/cmd/basket.go:340.3,341.1 1 0
github.com/raghavkgarg/mycase/cmd/basket.go:343.2,345.1 5 0
github.com/raghavkgarg/mycase/cmd/basket.go:346.2,347.1 5 0
github.com/raghavkgarg/mycase/cmd/basket.go:348.2,349.1 5 0
github.com/raghavkgarg/mycase/cmd/basket.go:350.2,350.23 5 0
github.com/raghavkgarg/mycase/cmd/basket.go:351.3,352.30 2 0
github.com/raghavkgarg/mycase/cmd/basket.go:353.4,354.18 2 0
github.com/raghavkgarg/mycase/cmd/basket.go:355.5,356.1 1 0
github.com/raghavkgarg/mycase/cmd/basket.go:357.4,360.81 2 0
github.com/raghavkgarg/mycase/cmd/basket.go:364.2,366.1 3 0
github.com/raghavkgarg/mycase/cmd/basket.go:367.2,367.13 3 0
github.com/raghavkgarg/mycase/cmd/basket.go:372.2,372.22 1 0
github.com/raghavkgarg/mycase/cmd/basket.go:373.3,374.1 1 0
github.com/raghavkgarg/mycase/cmd/basket.go:375.2,376.27 2 0
github.com/raghavkgarg/mycase/cmd/basket.go:377.3,378.17 2 0
github.com/raghavkgarg/mycase/cmd/basket.go:379.4,380.1 1 0
github.com/raghavkgarg/mycase/cmd/basket.go:381.3,383.30 3 0
github.com/raghavkgarg/mycase/cmd/basket.go:385.2,385.20 1 0
github.com/raghavkgarg/mycase/cmd/basket.go:386.3,388.1 1 0
github.com/raghavkgarg/mycase/cmd/basket.go:393.2,394.27 2 0
github.com/raghavkgarg/mycase/cmd/basket.go:395.3,395.34 1 0
github.com/raghavkgarg/mycase/cmd/basket.go:396.4,397.1 1 0
github.com/raghavkgarg/mycase/cmd/basket.go:399.2,399.21 1 0
github.com/raghavkgarg/mycase/cmd/basket.go:400.3,401.1 1 0
github.com/raghavkgarg/mycase/cmd/basket.go:403.2,405.16 3 0
github.com/raghavkgarg/mycase/cmd/basket.go:406.3,406.30 1 0
github.com/raghavkgarg/mycase/cmd/basket.go:407.4,408.1 1 0
github.com/raghavkgarg/mycase/cmd/basket.go:411.2,411.44 1 0
github.com/raghavkgarg/mycase/cmd/basket.go:412.3,413.1 4 0
github.com/raghavkgarg/mycase/cmd/basket.go:415.3,417.37 4 0
github.com/raghavkgarg/mycase/cmd/basket.go:418.4,421.1 3 0
github.com/raghavkgarg/mycase/cmd/basket.go:423.3,423.27 1 0
github.com/raghavkgarg/mycase/cmd/basket.go:424.4,426.18 3 0
github.com/raghavkgarg/mycase/cmd/basket.go:427.5,428.1 1 0
github.com/raghavkgarg/mycase/cmd/basket.go:430.4,433.53 4 0
github.com/raghavkgarg/mycase/cmd/basket.go:434.5,435.1 1 0
github.com/raghavkgarg/mycase/cmd/basket.go:437.4,439.49 3 0
github.com/raghavkgarg/mycase/cmd/basket.go:440.5,441.1 1 0
github.com/raghavkgarg/mycase/cmd/basket.go:441.11,441.35 1 0
github.com/raghavkgarg/mycase/cmd/basket.go:442.5,443.1 1 0
github.com/raghavkgarg/mycase/cmd/basket.go:446.3,447.27 2 0
github.com/raghavkgarg/mycase/cmd/basket.go:448.4,450.18 3 0
github.com/raghavkgarg/mycase/cmd/basket.go:451.5,452.1 1 0
github.com/raghavkgarg/mycase/cmd/basket.go:453.4,455.49 3 0
github.com/raghavkgarg/mycase/cmd/basket.go:456.5,457.1 1 0
github.com/raghavkgarg/mycase/cmd/basket.go:457.11,457.34 1 0
github.com/raghavkgarg/mycase/cmd/basket.go:458.5,459.1 1 0
github.com/raghavkgarg/mycase/cmd/basket.go:465.2,465.34 1 1
github.com/raghavkgarg/mycase/cmd/basket.go:466.3,467.1 1 1
github.com/raghavkgarg/mycase/cmd/basket.go:468.2,468.31 1 1
github.com/raghavkgarg/mycase/cmd/basket.go:475.2,476.20 2 0
github.com/raghavkgarg/mycase/cmd/basket.go:477.3,478.1 1 0
github.com/raghavkgarg/mycase/cmd/basket.go:480.2,481.47 2 0
github.com/raghavkgarg/mycase/cmd/broker.go:21.30,21.68 1 0
github.com/raghavkgarg/mycase/cmd/broker.go:26.2,28.1 2 0
github.com/raghavkgarg/mycase/cmd/broker.go:33.2,33.11 1 0
github.com/raghavkgarg/mycase/cmd/broker.go:34.3,35.1 1 0
github.com/raghavkgarg/mycase/cmd/broker.go:37.2,37.14 1 0
github.com/raghavkgarg/mycase/cmd/broker.go:39.3,39.27 1 0
github.com/raghavkgarg/mycase/cmd/broker.go:41.3,41.60 1 0
github.com/raghavkgarg/mycase/cmd/broker.go:43.3,43.35 1 0
github.com/raghavkgarg/mycase/cmd/broker.go:45.3,45.92 1 0
github.com/raghavkgarg/mycase/cmd/broker.go:51.2,52.1 4 0
github.com/raghavkgarg/mycase/cmd/broker.go:53.2,55.1 4 0
github.com/raghavkgarg/mycase/cmd/broker.go:56.2,56.35 4 0
github.com/raghavkgarg/mycase/cmd/broker.go:57.3,57.85 1 0
github.com/raghavkgarg/mycase/cmd/broker.go:58.4,58.34 1 0
github.com/raghavkgarg/mycase/cmd/broker.go:59.5,60.1 1 0
github.com/raghavkgarg/mycase/cmd/broker.go:61.4,61.33 1 0
github.com/raghavkgarg/mycase/cmd/broker.go:62.5,63.1 1 0
github.com/raghavkgarg/mycase/cmd/broker.go:67.2,68.16 2 0
github.com/raghavkgarg/mycase/cmd/broker.go:69.3,70.1 1 0
github.com/raghavkgarg/mycase/cmd/broker.go:72.2,74.1 5 0
github.com/raghavkgarg/mycase/cmd/broker.go:75.2,77.16 5 0
github.com/raghavkgarg/mycase/cmd/broker.go:78.3,79.1 1 0
github.com/raghavkgarg/mycase/cmd/broker.go:81.2,81.44 1 0
github.com/raghavkgarg/mycase/cmd/broker.go:88.2,89.1 4 0
github.com/raghavkgarg/mycase/cmd/broker.go:90.2,92.1 4 0
github.com/raghavkgarg/mycase/cmd/broker.go:93.2,93.35 4 0
github.com/raghavkgarg/mycase/cmd/broker.go:94.3,94.85 1 0
github.com/raghavkgarg/mycase/cmd/broker.go:95.4,95.34 1 0
github.com/raghavkgarg/mycase/cmd/broker.go:96.5,97.1 1 0
github.com/raghavkgarg/mycase/cmd/broker.go:98.4,98.33 1 0
github.com/raghavkgarg/mycase/cmd/broker.go:99.5,100.1 1 0
github.com/raghavkgarg/mycase/cmd/broker.go:104.2,105.16 2 0
github.com/raghavkgarg/mycase/cmd/broker.go:106.3,107.1 1 0
github.com/raghavkgarg/mycase/cmd/broker.go:109.2,110.35 2 0
github.com/raghavkgarg/mycase/cmd/broker.go:117.2,118.37 2 0
github.com/raghavkgarg/mycase/cmd/broker.go:119.3,120.1 1 0
github.com/raghavkgarg/mycase/cmd/broker.go:121.2,121.15 1 0
github.com/raghavkgarg/mycase/cmd/broker.go:131.2,133.17 3 0
github.com/raghavkgarg/mycase/cmd/broker.go:134.3,135.1 1 0
github.com/raghavkgarg/mycase/cmd/broker.go:137.2,138.60 2 0
github.com/raghavkgarg/mycase/cmd/broker.go:139.3,140.1 1 0
github.com/raghavkgarg/mycase/cmd/broker.go:142.2,143.25 2 0
github.com/raghavkgarg/mycase/cmd/broker.go:144.3,145.1 1 0
github.com/raghavkgarg/mycase/cmd/broker.go:146.2,146.23 1 0
github.com/raghavkgarg/mycase/cmd/broker.go:147.3,148.1 1 0
github.com/raghavkgarg/mycase/cmd/broker.go:150.2,151.16 2 0
github.com/raghavkgarg/mycase/cmd/broker.go:154.3,156.1 2 0
github.com/raghavkgarg/mycase/cmd/broker.go:157.2,157.15 1 0
github.com/raghavkgarg/mycase/cmd/cache.go:36.2,37.14 2 0
github.com/raghavkgarg/mycase/cmd/cache.go:38.3,40.1 2 0
github.com/raghavkgarg/mycase/cmd/cache.go:41.2,42.16 2 0
github.com/raghavkgarg/mycase/cmd/cache.go:43.3,44.1 1 0
github.com/raghavkgarg/mycase/cmd/cache.go:45.2,45.23 1 0
github.com/raghavkgarg/mycase/cmd/cache.go:46.3,48.1 2 0
github.com/raghavkgarg/mycase/cmd/cache.go:50.2,51.28 2 0
github.com/raghavkgarg/mycase/cmd/cache.go:52.3,57.1 1 0
github.com/raghavkgarg/mycase/cmd/cache.go:58.2,63.12 2 0
github.com/raghavkgarg/mycase/cmd/cache.go:67.2,68.15 2 0
github.com/raghavkgarg/mycase/cmd/cache.go:69.3,71.1 2 0
github.com/raghavkgarg/mycase/cmd/cache.go:72.2,74.9 3 0
github.com/raghavkgarg/mycase/cmd/cache.go:76.3,76.53 1 0
github.com/raghavkgarg/mycase/cmd/cache.go:77.4,78.1 1 0
github.com/raghavkgarg/mycase/cmd/cache.go:79.3,79.55 1 0
github.com/raghavkgarg/mycase/cmd/cache.go:81.3,81.42 1 0
github.com/raghavkgarg/mycase/cmd/cache.go:82.4,83.1 1 0
github.com/raghavkgarg/mycase/cmd/cache.go:84.3,84.32 1 0
github.com/raghavkgarg/mycase/cmd/cache.go:86.3,86.58 1 0
github.com/raghavkgarg/mycase/cmd/cache.go:88.2,88.12 1 0
github.com/raghavkgarg/mycase/cmd/calibrate.go:34.2,41.1 17 0
github.com/raghavkgarg/mycase/cmd/calibrate.go:42.2,50.1 17 0
github.com/raghavkgarg/mycase/cmd/calibrate.go:52.2,53.16 17 0
github.com/raghavkgarg/mycase/cmd/calibrate.go:54.3,55.1 1 0
github.com/raghavkgarg/mycase/cmd/calibrate.go:56.2,57.14 2 0
github.com/raghavkgarg/mycase/cmd/calibrate.go:58.3,58.81 1 0
github.com/raghavkgarg/mycase/cmd/calibrate.go:59.4,60.1 1 0
github.com/raghavkgarg/mycase/cmd/calibrate.go:61.4,62.1 1 0
github.com/raghavkgarg/mycase/cmd/calibrate.go:65.2,65.23 1 0
github.com/raghavkgarg/mycase/cmd/calibrate.go:66.3,67.1 1 0
github.com/raghavkgarg/mycase/cmd/calibrate.go:68.2,69.1 4 0
github.com/raghavkgarg/mycase/cmd/calibrate.go:71.2,73.28 4 0
github.com/raghavkgarg/mycase/cmd/calibrate.go:74.3,75.59 2 0
github.com/raghavkgarg/mycase/cmd/calibrate.go:76.4,77.1 1 0
github.com/raghavkgarg/mycase/cmd/calibrate.go:78.3,78.43 1 0
github.com/raghavkgarg/mycase/cmd/calibrate.go:79.4,80.1 1 0
github.com/raghavkgarg/mycase/cmd/calibrate.go:84.2,87.68 4 0
github.com/raghavkgarg/mycase/cmd/calibrate.go:88.3,89.1 1 0
github.com/raghavkgarg/mycase/cmd/calibrate.go:92.2,94.29 3 0
github.com/raghavkgarg/mycase/cmd/calibrate.go:95.3,96.1 1 0
github.com/raghavkgarg/mycase/cmd/calibrate.go:97.2,98.17 2 0
github.com/raghavkgarg/mycase/cmd/calibrate.go:99.3,100.1 1 0
github.com/raghavkgarg/mycase/cmd/calibrate.go:103.2,104.1 4 0
github.com/raghavkgarg/mycase/cmd/calibrate.go:106.2,118.21 4 0
github.com/raghavkgarg/mycase/cmd/calibrate.go:119.3,120.1 1 0
github.com/raghavkgarg/mycase/cmd/calibrate.go:123.2,124.12 2 0
github.com/raghavkgarg/mycase/cmd/calibrate.go:128.2,134.1 11 0
github.com/raghavkgarg/mycase/cmd/calibrate.go:135.2,138.1 11 0
github.com/raghavkgarg/mycase/cmd/calibrate.go:139.2,148.1 11 0
github.com/raghavkgarg/mycase/cmd/calibrate.go:150.2,150.25 11 0
github.com/raghavkgarg/mycase/cmd/calibrate.go:151.3,154.1 2 0
github.com/raghavkgarg/mycase/cmd/calibrate.go:156.2,156.49 1 0
github.com/raghavkgarg/mycase/cmd/calibrate.go:157.3,160.26 4 0
github.com/raghavkgarg/mycase/cmd/calibrate.go:161.4,164.1 2 0
github.com/raghavkgarg/mycase/cmd/calibrate.go:167.2,173.1 8 0
github.com/raghavkgarg/mycase/cmd/calibrate.go:174.2,175.46 8 0
github.com/raghavkgarg/mycase/cmd/calibrate.go:176.3,177.1 1 0
github.com/raghavkgarg/mycase/cmd/calibrate.go:178.2,178.108 1 0
github.com/raghavkgarg/mycase/cmd/convert.go:21.3,22.40 2 0
github.com/raghavkgarg/mycase/cmd/convert.go:23.4,24.1 1 0
github.com/raghavkgarg/mycase/cmd/convert.go:25.3,25.18 1 0
github.com/raghavkgarg/mycase/cmd/convert.go:26.4,27.1 1 0
github.com/raghavkgarg/mycase/cmd/convert.go:29.3,30.41 2 0
github.com/raghavkgarg/mycase/cmd/convert.go:31.4,32.1 1 0
github.com/raghavkgarg/mycase/cmd/convert.go:34.3,35.17 2 0
github.com/raghavkgarg/mycase/cmd/convert.go:36.4,37.1 1 0
github.com/raghavkgarg/mycase/cmd/convert.go:39.3,39.19 1 0
github.com/raghavkgarg/mycase/cmd/convert.go:40.4,42.1 2 0
github.com/raghavkgarg/mycase/cmd/convert.go:44.3,45.13 2 0
github.com/raghavkgarg/mycase/cmd/daemon.go:83.2,83.36 1 0
github.com/raghavkgarg/mycase/cmd/daemon.go:84.3,85.1 1 0
github.com/raghavkgarg/mycase/cmd/daemon.go:86.2,86.34 1 0
github.com/raghavkgarg/mycase/cmd/daemon.go:87.3,88.1 1 0
github.com/raghavkgarg/mycase/cmd/daemon.go:89.2,89.42 1 0
github.com/raghavkgarg/mycase/cmd/daemon.go:93.2,94.16 2 0
github.com/raghavkgarg/mycase/cmd/daemon.go:95.3,96.1 1 0
github.com/raghavkgarg/mycase/cmd/daemon.go:97.2,99.16 3 0
github.com/raghavkgarg/mycase/cmd/daemon.go:100.3,101.1 1 0
github.com/raghavkgarg/mycase/cmd/daemon.go:102.2,104.56 2 0
github.com/raghavkgarg/mycase/cmd/daemon.go:108.2,109.16 2 0
github.com/raghavkgarg/mycase/cmd/daemon.go:110.3,111.1 1 0
github.com/raghavkgarg/mycase/cmd/daemon.go:112.2,113.16 2 0
github.com/raghavkgarg/mycase/cmd/daemon.go:114.3,115.1 1 0
github.com/raghavkgarg/mycase/cmd/daemon.go:116.2,117.16 2 0
github.com/raghavkgarg/mycase/cmd/daemon.go:118.3,119.1 1 0
github.com/raghavkgarg/mycase/cmd/daemon.go:120.2,120.53 1 0
github.com/raghavkgarg/mycase/cmd/daemon.go:121.3,122.1 1 0
github.com/raghavkgarg/mycase/cmd/daemon.go:123.2,124.12 2 0
github.com/raghavkgarg/mycase/cmd/daemon.go:128.2,129.16 2 0
github.com/raghavkgarg/mycase/cmd/daemon.go:130.3,131.1 1 0
github.com/raghavkgarg/mycase/cmd/daemon.go:132.2,132.32 1 0
github.com/raghavkgarg/mycase/cmd/daemon.go:133.3,135.1 2 0
github.com/raghavkgarg/mycase/cmd/daemon.go:136.2,137.28 2 0
github.com/raghavkgarg/mycase/cmd/daemon.go:138.3,139.1 1 0
github.com/raghavkgarg/mycase/cmd/daemon.go:139.9,139.35 1 0
github.com/raghavkgarg/mycase/cmd/daemon.go:140.3,141.1 1 0
github.com/raghavkgarg/mycase/cmd/daemon.go:142.2,148.12 2 0
github.com/raghavkgarg/mycase/cmd/daemon.go:152.2,153.16 2 0
github.com/raghavkgarg/mycase/cmd/daemon.go:154.3,155.1 1 0
github.com/raghavkgarg/mycase/cmd/daemon.go:156.2,158.16 3 0
github.com/raghavkgarg/mycase/cmd/daemon.go:159.3,160.1 1 0
github.com/raghavkgarg/mycase/cmd/daemon.go:162.2,163.16 2 0
github.com/raghavkgarg/mycase/cmd/daemon.go:164.3,165.1 1 0
github.com/raghavkgarg/mycase/cmd/daemon.go:167.2,173.1 7 0
github.com/raghavkgarg/mycase/cmd/daemon.go:174.2,174.49 7 0
github.com/raghavkgarg/mycase/cmd/daemon.go:175.3,176.1 1 0
github.com/raghavkgarg/mycase/cmd/daemon.go:177.3,178.1 1 0
github.com/raghavkgarg/mycase/cmd/daemon.go:180.2,183.1 3 0
github.com/raghavkgarg/mycase/cmd/daemon.go:184.2,184.40 3 0
github.com/raghavkgarg/mycase/cmd/daemon.go:185.3,189.1 4 0
github.com/raghavkgarg/mycase/cmd/daemon.go:190.2,190.12 1 0
github.com/raghavkgarg/mycase/cmd/daemon.go:229.2,230.16 2 0
github.com/raghavkgarg/mycase/cmd/daemon.go:231.3,232.1 1 0
github.com/raghavkgarg/mycase/cmd/daemon.go:233.2,234.16 2 0
github.com/raghavkgarg/mycase/cmd/daemon.go:235.3,236.1 1 0
github.com/raghavkgarg/mycase/cmd/daemon.go:238.2,238.30 1 0
github.com/raghavkgarg/mycase/cmd/daemon.go:239.3,241.1 2 0
github.com/raghavkgarg/mycase/cmd/daemon.go:243.2,244.16 2 0
github.com/raghavkgarg/mycase/cmd/daemon.go:245.3,246.1 1 0
github.com/raghavkgarg/mycase/cmd/daemon.go:247.2,248.52 2 0
github.com/raghavkgarg/mycase/cmd/daemon.go:249.3,250.1 1 0
github.com/raghavkgarg/mycase/cmd/daemon.go:251.2,252.1 3 0
github.com/raghavkgarg/mycase/cmd/daemon.go:253.2,254.16 3 0
github.com/raghavkgarg/mycase/cmd/daemon.go:255.3,256.1 1 0
github.com/raghavkgarg/mycase/cmd/daemon.go:257.2,258.1 3 0
github.com/raghavkgarg/mycase/cmd/daemon.go:259.2,260.85 3 0
github.com/raghavkgarg/mycase/cmd/daemon.go:261.3,262.1 1 0
github.com/raghavkgarg/mycase/cmd/daemon.go:264.2,267.12 4 0
github.com/raghavkgarg/mycase/cmd/daemon.go:271.2,271.30 1 0
github.com/raghavkgarg/mycase/cmd/daemon.go:272.3,274.1 2 0
github.com/raghavkgarg/mycase/cmd/daemon.go:275.2,276.16 2 0
github.com/raghavkgarg/mycase/cmd/daemon.go:277.3,278.1 1 0
github.com/raghavkgarg/mycase/cmd/daemon.go:279.2,280.1 3 0
github.com/raghavkgarg/mycase/cmd/daemon.go:281.2,282.45 3 0
github.com/raghavkgarg/mycase/cmd/daemon.go:283.3,283.25 1 0
github.com/raghavkgarg/mycase/cmd/daemon.go:284.4,286.1 2 0
github.com/raghavkgarg/mycase/cmd/daemon.go:287.3,287.47 1 0
github.com/raghavkgarg/mycase/cmd/daemon.go:289.2,290.12 2 0
github.com/raghavkgarg/mycase/cmd/daemon.go:294.2,314.1 1 0
github.com/raghavkgarg/mycase/cmd/db.go:78.2,88.1 1 0
github.com/raghavkgarg/mycase/cmd/db.go:95.2,97.1 4 0
github.com/raghavkgarg/mycase/cmd/db.go:98.2,106.1 4 0
github.com/raghavkgarg/mycase/cmd/db.go:108.2,108.12 4 0
github.com/raghavkgarg/mycase/cmd/db.go:109.3,111.41 3 0
github.com/raghavkgarg/mycase/cmd/db.go:112.4,113.1 1 0
github.com/raghavkgarg/mycase/cmd/db.go:114.3,115.13 2 0
github.com/raghavkgarg/mycase/cmd/db.go:118.2,119.12 2 0
github.com/raghavkgarg/mycase/cmd/db.go:133.3,135.17 3 0
github.com/raghavkgarg/mycase/cmd/db.go:136.4,137.1 1 0
github.com/raghavkgarg/mycase/cmd/db.go:138.3,139.1 3 0
github.com/raghavkgarg/mycase/cmd/db.go:140.3,141.17 3 0
github.com/raghavkgarg/mycase/cmd/db.go:142.4,143.1 1 0
github.com/raghavkgarg/mycase/cmd/db.go:145.3,149.1 6 0
github.com/raghavkgarg/mycase/cmd/db.go:150.3,151.27 6 0
github.com/raghavkgarg/mycase/cmd/db.go:152.4,153.23 2 0
github.com/raghavkgarg/mycase/cmd/db.go:155.5,155.35 1 0
github.com/raghavkgarg/mycase/cmd/db.go:157.5,157.36 1 0
github.com/raghavkgarg/mycase/cmd/db.go:159.5,159.34 1 0
github.com/raghavkgarg/mycase/cmd/db.go:161.5,161.33 1 0
github.com/raghavkgarg/mycase/cmd/db.go:163.4,164.23 2 0
github.com/raghavkgarg/mycase/cmd/db.go:166.3,168.13 3 0
github.com/raghavkgarg/mycase/cmd/db.go:182.3,183.23 2 0
github.com/raghavkgarg/mycase/cmd/db.go:184.4,185.1 1 0
github.com/raghavkgarg/mycase/cmd/db.go:186.3,187.22 2 0
github.com/raghavkgarg/mycase/cmd/db.go:188.4,189.1 1 0
github.com/raghavkgarg/mycase/cmd/db.go:190.3,191.20 2 0
github.com/raghavkgarg/mycase/cmd/db.go:192.4,193.1 1 0
github.com/raghavkgarg/mycase/cmd/db.go:195.3,197.17 3 0
github.com/raghavkgarg/mycase/cmd/db.go:198.4,199.1 1 0
github.com/raghavkgarg/mycase/cmd/db.go:200.3,201.1 3 0
github.com/raghavkgarg/mycase/cmd/db.go:202.3,203.17 3 0
github.com/raghavkgarg/mycase/cmd/db.go:204.4,205.1 1 0
github.com/raghavkgarg/mycase/cmd/db.go:207.3,211.29 5 0
github.com/raghavkgarg/mycase/cmd/db.go:212.4,213.1 1 0
github.com/raghavkgarg/mycase/cmd/db.go:214.3,216.13 3 0
github.com/raghavkgarg/mycase/cmd/db.go:228.3,229.19 2 0
github.com/raghavkgarg/mycase/cmd/db.go:230.4,231.1 1 0
github.com/raghavkgarg/mycase/cmd/db.go:233.3,235.1 4 0
github.com/raghavkgarg/mycase/cmd/db.go:237.3,238.17 4 0
github.com/raghavkgarg/mycase/cmd/db.go:239.4,240.1 1 0
github.com/raghavkgarg/mycase/cmd/db.go:241.3,242.17 2 0
github.com/raghavkgarg/mycase/cmd/db.go:243.4,245.1 2 0
github.com/raghavkgarg/mycase/cmd/db.go:246.3,247.17 2 0
github.com/raghavkgarg/mycase/cmd/db.go:248.4,250.1 2 0
github.com/raghavkgarg/mycase/cmd/db.go:251.3,252.1 2 0
github.com/raghavkgarg/mycase/cmd/db.go:253.3,253.25 2 0
github.com/raghavkgarg/mycase/cmd/db.go:254.4,255.1 1 0
github.com/raghavkgarg/mycase/cmd/db.go:256.4,257.1 1 0
github.com/raghavkgarg/mycase/cmd/db.go:259.3,259.27 1 0
github.com/raghavkgarg/mycase/cmd/db.go:260.4,262.1 2 0
github.com/raghavkgarg/mycase/cmd/db.go:266.3,267.17 2 0
github.com/raghavkgarg/mycase/cmd/db.go:268.4,269.1 1 0
github.com/raghavkgarg/mycase/cmd/db.go:270.3,273.13 3 0
github.com/raghavkgarg/mycase/cmd/db.go:279.2,280.16 2 0
github.com/raghavkgarg/mycase/cmd/db.go:281.3,282.1 1 0
github.com/raghavkgarg/mycase/cmd/db.go:283.2,283.23 1 0
github.com/raghavkgarg/mycase/cmd/db.go:290.2,292.1 4 0
github.com/raghavkgarg/mycase/cmd/db.go:293.2,294.16 4 0
github.com/raghavkgarg/mycase/cmd/db.go:295.3,296.1 1 0
github.com/raghavkgarg/mycase/cmd/db.go:301.2,304.32 2 0
github.com/raghavkgarg/mycase/cmd/db.go:305.3,307.1 2 0
github.com/raghavkgarg/mycase/cmd/db.go:308.2,308.112 1 0
github.com/raghavkgarg/mycase/cmd/db.go:309.3,311.1 2 0
github.com/raghavkgarg/mycase/cmd/db.go:312.2,312.123 1 0
github.com/raghavkgarg/mycase/cmd/db.go:313.3,315.1 2 0
github.com/raghavkgarg/mycase/cmd/db.go:316.2,316.80 1 0
github.com/raghavkgarg/mycase/cmd/db.go:317.3,319.1 2 0
github.com/raghavkgarg/mycase/cmd/db.go:320.2,321.1 4 0
github.com/raghavkgarg/mycase/cmd/db.go:322.2,324.54 4 0
github.com/raghavkgarg/mycase/cmd/db.go:325.3,326.1 1 0
github.com/raghavkgarg/mycase/cmd/db.go:327.2,327.53 1 0
github.com/raghavkgarg/mycase/cmd/db.go:329.3,331.1 2 0
github.com/raghavkgarg/mycase/cmd/db.go:332.2,332.24 1 0
github.com/raghavkgarg/mycase/cmd/golden.go:22.3,23.1 1 0
github.com/raghavkgarg/mycase/cmd/golden.go:28.2,30.16 3 0
github.com/raghavkgarg/mycase/cmd/golden.go:31.3,32.1 1 0
github.com/raghavkgarg/mycase/cmd/golden.go:33.2,34.1 3 0
github.com/raghavkgarg/mycase/cmd/golden.go:35.2,36.16 3 0
github.com/raghavkgarg/mycase/cmd/golden.go:37.3,38.1 1 0
github.com/raghavkgarg/mycase/cmd/golden.go:40.2,41.12 2 0
github.com/raghavkgarg/mycase/cmd/holdings.go:34.2,35.1 3 0
github.com/raghavkgarg/mycase/cmd/holdings.go:36.2,37.14 3 0
github.com/raghavkgarg/mycase/cmd/holdings.go:38.3,39.1 1 0
github.com/raghavkgarg/mycase/cmd/holdings.go:40.2,41.1 3 0
github.com/raghavkgarg/mycase/cmd/holdings.go:42.2,43.16 3 0
github.com/raghavkgarg/mycase/cmd/holdings.go:44.3,45.1 1 0
github.com/raghavkgarg/mycase/cmd/holdings.go:47.2,48.16 2 0
github.com/raghavkgarg/mycase/cmd/holdings.go:49.3,50.1 1 0
github.com/raghavkgarg/mycase/cmd/holdings.go:52.2,53.16 2 0
github.com/raghavkgarg/mycase/cmd/holdings.go:54.3,55.1 1 0
github.com/raghavkgarg/mycase/cmd/holdings.go:57.2,58.34 2 0
github.com/raghavkgarg/mycase/cmd/holdings.go:59.3,60.17 2 0
github.com/raghavkgarg/mycase/cmd/holdings.go:61.4,63.1 2 0
github.com/raghavkgarg/mycase/cmd/holdings.go:64.3,70.5 1 0
github.com/raghavkgarg/mycase/cmd/holdings.go:73.2,74.32 2 0
github.com/raghavkgarg/mycase/cmd/holdings.go:76.3,77.1 6 0
github.com/raghavkgarg/mycase/cmd/holdings.go:78.3,81.1 6 0
github.com/raghavkgarg/mycase/cmd/holdings.go:82.3,83.28 6 0
github.com/raghavkgarg/mycase/cmd/holdings.go:86.4,90.54 1 0
github.com/raghavkgarg/mycase/cmd/holdings.go:91.5,93.10 3 0
github.com/raghavkgarg/mycase/cmd/holdings.go:96.3,96.15 1 0
github.com/raghavkgarg/mycase/cmd/holdings.go:97.4,98.1 1 0
github.com/raghavkgarg/mycase/cmd/holdings.go:102.2,102.21 1 0
github.com/raghavkgarg/mycase/cmd/holdings.go:103.3,104.33 2 0
github.com/raghavkgarg/mycase/cmd/holdings.go:105.4,107.1 2 0
github.com/raghavkgarg/mycase/cmd/holdings.go:109.3,110.22 2 0
github.com/raghavkgarg/mycase/cmd/holdings.go:111.4,112.1 1 0
github.com/raghavkgarg/mycase/cmd/holdings.go:113.3,114.56 2 0
github.com/raghavkgarg/mycase/cmd/holdings.go:115.4,116.29 2 0
github.com/raghavkgarg/mycase/cmd/holdings.go:117.5,117.29 1 0
github.com/raghavkgarg/mycase/cmd/holdings.go:118.6,118.14 1 0
github.com/raghavkgarg/mycase/cmd/holdings.go:120.5,121.20 2 0
github.com/raghavkgarg/mycase/cmd/holdings.go:122.6,122.14 1 0
github.com/raghavkgarg/mycase/cmd/holdings.go:124.5,128.51 2 0
github.com/raghavkgarg/mycase/cmd/holdings.go:129.6,130.1 1 0
github.com/raghavkgarg/mycase/cmd/holdings.go:135.2,137.1 4 0
github.com/raghavkgarg/mycase/cmd/holdings.go:138.2,139.50 4 0
github.com/raghavkgarg/mycase/cmd/holdings.go:140.3,142.70 3 0
github.com/raghavkgarg/mycase/cmd/holdings.go:143.4,144.1 1 0
github.com/raghavkgarg/mycase/cmd/holdings.go:145.4,146.1 1 0
github.com/raghavkgarg/mycase/cmd/holdings.go:148.3,149.1 1 0
github.com/raghavkgarg/mycase/cmd/holdings.go:150.2,150.12 1 0
github.com/raghavkgarg/mycase/cmd/holidays.go:49.2,50.18 2 0
github.com/raghavkgarg/mycase/cmd/holidays.go:51.3,52.1 1 0
github.com/raghavkgarg/mycase/cmd/holidays.go:53.2,54.16 2 0
github.com/raghavkgarg/mycase/cmd/holidays.go:55.3,56.1 1 0
github.com/raghavkgarg/mycase/cmd/holidays.go:58.2,59.26 2 0
github.com/raghavkgarg/mycase/cmd/holidays.go:60.3,61.1 1 0
github.com/raghavkgarg/mycase/cmd/holidays.go:63.2,65.45 3 0
github.com/raghavkgarg/mycase/cmd/holidays.go:66.3,66.45 1 0
github.com/raghavkgarg/mycase/cmd/holidays.go:67.4,68.1 1 0
github.com/raghavkgarg/mycase/cmd/holidays.go:69.4,71.1 2 0
github.com/raghavkgarg/mycase/cmd/holidays.go:73.2,78.1 2 0
github.com/raghavkgarg/mycase/cmd/holidays.go:79.2,79.23 2 0
github.com/raghavkgarg/mycase/cmd/holidays.go:80.3,83.1 3 0
github.com/raghavkgarg/mycase/cmd/holidays.go:84.2,85.12 2 0
github.com/raghavkgarg/mycase/cmd/holidays.go:89.2,90.18 2 0
github.com/raghavkgarg/mycase/cmd/holidays.go:91.3,92.1 1 0
github.com/raghavkgarg/mycase/cmd/holidays.go:93.2,95.21 3 0
github.com/raghavkgarg/mycase/cmd/holidays.go:96.3,99.1 3 0
github.com/raghavkgarg/mycase/cmd/holidays.go:100.2,101.26 2 0
github.com/raghavkgarg/mycase/cmd/holidays.go:102.3,103.1 1 0
github.com/raghavkgarg/mycase/cmd/holidays.go:104.2,110.12 3 0
github.com/raghavkgarg/mycase/cmd/merge.go:21.5,22.22 2 0
github.com/raghavkgarg/mycase/cmd/merge.go:23.6,24.1 1 0
github.com/raghavkgarg/mycase/cmd/merge.go:25.5,27.78 3 0
github.com/raghavkgarg/mycase/cmd/merge.go:28.6,29.1 1 0
github.com/raghavkgarg/mycase/cmd/merge.go:30.5,31.15 2 0
github.com/raghavkgarg/mycase/cmd/merge.go:39.5,40.22 2 0
github.com/raghavkgarg/mycase/cmd/merge.go:41.6,42.1 1 0
github.com/raghavkgarg/mycase/cmd/merge.go:43.5,44.63 2 0
github.com/raghavkgarg/mycase/cmd/merge.go:45.6,46.1 1 0
github.com/raghavkgarg/mycase/cmd/merge.go:47.5,48.15 2 0
github.com/raghavkgarg/mycase/cmd/monitor.go:39.3,49.1 1 0
github.com/raghavkgarg/mycase/cmd/monitor.go:53.2,54.16 2 0
github.com/raghavkgarg/mycase/cmd/monitor.go:55.3,56.1 1 0
github.com/raghavkgarg/mycase/cmd/monitor.go:57.2,58.1 4 0
github.com/raghavkgarg/mycase/cmd/monitor.go:59.2,61.16 4 0
github.com/raghavkgarg/mycase/cmd/monitor.go:62.3,63.1 1 0
github.com/raghavkgarg/mycase/cmd/monitor.go:64.2,64.22 1 0
github.com/raghavkgarg/mycase/cmd/monitor.go:65.3,66.1 1 0
github.com/raghavkgarg/mycase/cmd/monitor.go:68.2,69.31 2 0
github.com/raghavkgarg/mycase/cmd/monitor.go:70.3,71.17 2 0
github.com/raghavkgarg/mycase/cmd/monitor.go:73.4,73.17 1 0
github.com/raghavkgarg/mycase/cmd/monitor.go:75.4,75.17 1 0
github.com/raghavkgarg/mycase/cmd/monitor.go:78.2,78.40 1 0
github.com/raghavkgarg/mycase/cmd/monitor.go:79.3,80.1 1 0
github.com/raghavkgarg/mycase/cmd/monitor.go:82.2,84.37 3 0
github.com/raghavkgarg/mycase/cmd/monitor.go:85.3,85.59 1 0
github.com/raghavkgarg/mycase/cmd/monitor.go:86.4,86.12 1 0
github.com/raghavkgarg/mycase/cmd/monitor.go:88.3,90.33 3 0
github.com/raghavkgarg/mycase/cmd/monitor.go:91.4,91.12 1 0
github.com/raghavkgarg/mycase/cmd/monitor.go:93.3,94.36 2 0
github.com/raghavkgarg/mycase/cmd/monitor.go:96.2,96.25 1 0
github.com/raghavkgarg/mycase/cmd/monitor.go:97.3,98.1 1 0
github.com/raghavkgarg/mycase/cmd/monitor.go:100.2,101.23 2 0
github.com/raghavkgarg/mycase/cmd/monitor.go:102.3,103.1 1 0
github.com/raghavkgarg/mycase/cmd/monitor.go:105.2,107.1 3 0
github.com/raghavkgarg/mycase/cmd/monitor.go:108.2,108.17 3 0
github.com/raghavkgarg/mycase/cmd/monitor.go:109.3,112.48 4 0
github.com/raghavkgarg/mycase/cmd/monitor.go:113.4,114.1 1 0
github.com/raghavkgarg/mycase/cmd/monitor.go:117.2,119.33 3 0
github.com/raghavkgarg/mycase/cmd/monitor.go:120.3,121.1 1 0
github.com/raghavkgarg/mycase/cmd/monitor.go:122.2,123.1 7 0
github.com/raghavkgarg/mycase/cmd/monitor.go:124.2,135.1 7 0
github.com/raghavkgarg/mycase/cmd/monitor.go:136.2,138.16 7 0
github.com/raghavkgarg/mycase/cmd/monitor.go:139.3,140.1 1 0
github.com/raghavkgarg/mycase/cmd/monitor.go:141.3,142.1 1 0
github.com/raghavkgarg/mycase/cmd/monitor.go:144.2,144.27 1 0
github.com/raghavkgarg/mycase/cmd/monitor.go:145.3,145.41 1 0
github.com/raghavkgarg/mycase/cmd/monitor.go:146.4,147.1 1 0
github.com/raghavkgarg/mycase/cmd/monitor.go:150.2,151.16 2 0
github.com/raghavkgarg/mycase/cmd/monitor.go:152.3,153.1 1 0
github.com/raghavkgarg/mycase/cmd/monitor.go:155.2,156.12 2 0
github.com/raghavkgarg/mycase/cmd/monitor.go:160.2,168.1 11 0
github.com/raghavkgarg/mycase/cmd/monitor.go:169.2,171.1 11 0
github.com/raghavkgarg/mycase/cmd/monitor.go:172.2,172.16 11 0
github.com/raghavkgarg/mycase/cmd/monitor.go:174.3,174.72 1 0
github.com/raghavkgarg/mycase/cmd/monitor.go:176.3,176.63 1 0
github.com/raghavkgarg/mycase/cmd/monitor.go:178.3,180.1 5 0
github.com/raghavkgarg/mycase/cmd/monitor.go:181.3,183.20 5 0
github.com/raghavkgarg/mycase/cmd/monitor.go:184.4,185.1 1 0
github.com/raghavkgarg/mycase/cmd/monitor.go:186.3,188.28 3 0
github.com/raghavkgarg/mycase/cmd/monitor.go:189.4,190.1 1 0
github.com/raghavkgarg/mycase/cmd/monitor.go:191.3,193.19 3 0
github.com/raghavkgarg/mycase/cmd/monitor.go:194.4,195.1 1 0
github.com/raghavkgarg/mycase/cmd/monitor.go:196.3,198.27 3 0
github.com/raghavkgarg/mycase/cmd/monitor.go:199.4,200.1 1 0
github.com/raghavkgarg/mycase/cmd/monitor.go:201.3,203.20 3 0
github.com/raghavkgarg/mycase/cmd/monitor.go:204.4,205.1 1 0
github.com/raghavkgarg/mycase/cmd/monitor.go:206.3,213.1 1 0
github.com/raghavkgarg/mycase/cmd/monitor.go:215.3,215.64 1 0
github.com/raghavkgarg/mycase/cmd/monitor.go:226.2,230.1 5 0
github.com/raghavkgarg/mycase/cmd/monitor.go:231.2,231.15 5 0
github.com/raghavkgarg/mycase/cmd/monitor.go:232.3,234.52 3 0
github.com/raghavkgarg/mycase/cmd/monitor.go:235.4,238.1 3 0
github.com/raghavkgarg/mycase/cmd/monitor.go:241.2,243.1 3 0
github.com/raghavkgarg/mycase/cmd/monitor.go:244.2,244.28 3 0
github.com/raghavkgarg/mycase/cmd/monitor.go:245.3,246.26 2 0
github.com/raghavkgarg/mycase/cmd/monitor.go:247.4,249.53 3 0
github.com/raghavkgarg/mycase/cmd/monitor.go:250.5,253.1 3 0
github.com/raghavkgarg/mycase/cmd/monitor.go:255.3,255.26 1 0
github.com/raghavkgarg/mycase/cmd/monitor.go:256.4,258.36 3 0
github.com/raghavkgarg/mycase/cmd/monitor.go:259.5,260.37 2 0
github.com/raghavkgarg/mycase/cmd/monitor.go:261.6,262.1 1 0
github.com/raghavkgarg/mycase/cmd/monitor.go:263.5,263.16 1 0
github.com/raghavkgarg/mycase/cmd/monitor.go:267.2,268.1 3 0
github.com/raghavkgarg/mycase/cmd/monitor.go:269.2,270.67 3 0
github.com/raghavkgarg/mycase/cmd/monitor.go:274.2,276.53 3 0
github.com/raghavkgarg/mycase/cmd/monitor.go:277.3,278.1 1 0
github.com/raghavkgarg/mycase/cmd/monitor.go:280.2,281.19 2 0
github.com/raghavkgarg/mycase/cmd/monitor.go:282.3,283.1 1 0
github.com/raghavkgarg/mycase/cmd/monitor.go:284.2,285.1 4 0
github.com/raghavkgarg/mycase/cmd/monitor.go:286.2,288.16 4 0
github.com/raghavkgarg/mycase/cmd/monitor.go:289.3,290.1 1 0
github.com/raghavkgarg/mycase/cmd/monitor.go:291.3,293.1 2 0
github.com/raghavkgarg/mycase/cmd/monitor.go:295.2,298.28 4 0
github.com/raghavkgarg/mycase/cmd/monitor.go:299.3,300.1 1 0
github.com/raghavkgarg/mycase/cmd/monitor.go:301.2,302.16 2 0
github.com/raghavkgarg/mycase/cmd/monitor.go:303.3,304.1 1 0
github.com/raghavkgarg/mycase/cmd/monitor.go:305.2,313.1 4 0
github.com/raghavkgarg/mycase/cmd/monitor.go:314.2,315.33 4 0
github.com/raghavkgarg/mycase/cmd/monitor.go:316.3,317.21 2 0
github.com/raghavkgarg/mycase/cmd/monitor.go:318.4,319.1 1 0
github.com/raghavkgarg/mycase/cmd/monitor.go:320.3,326.5 1 0
github.com/raghavkgarg/mycase/cmd/monitor.go:328.2,344.4 3 0
github.com/raghavkgarg/mycase/cmd/monitor.go:348.2,356.1 12 0
github.com/raghavkgarg/mycase/cmd/monitor.go:357.2,360.1 12 0
github.com/raghavkgarg/mycase/cmd/monitor.go:361.2,361.19 12 0
github.com/raghavkgarg/mycase/cmd/monitor.go:363.3,363.22 1 0
github.com/raghavkgarg/mycase/cmd/monitor.go:365.3,368.36 4 0
github.com/raghavkgarg/mycase/cmd/monitor.go:370.3,370.12 1 0
github.com/raghavkgarg/mycase/cmd/monitor.go:375.2,376.16 2 0
github.com/raghavkgarg/mycase/cmd/monitor.go:377.3,378.1 1 0
github.com/raghavkgarg/mycase/cmd/monitor.go:379.2,382.1 3 0
github.com/raghavkgarg/mycase/cmd/monitor.go:383.2,383.59 3 0
github.com/raghavkgarg/mycase/cmd/monitor.go:384.3,385.1 1 0
github.com/raghavkgarg/mycase/cmd/monitor.go:386.2,386.29 1 0
github.com/raghavkgarg/mycase/cmd/monitor.go:387.3,388.1 1 0
github.com/raghavkgarg/mycase/cmd/monitor.go:389.2,389.44 1 0
github.com/raghavkgarg/mycase/cmd/monitor.go:390.3,391.1 1 0
github.com/raghavkgarg/mycase/cmd/monitor.go:392.2,392.65 1 0
github.com/raghavkgarg/mycase/cmd/monitor.go:393.3,393.37 1 0
github.com/raghavkgarg/mycase/cmd/monitor.go:394.4,395.1 1 0
github.com/raghavkgarg/mycase/cmd/monitor.go:397.2,397.21 1 0
github.com/raghavkgarg/mycase/cmd/monitor.go:401.2,402.16 2 0
github.com/raghavkgarg/mycase/cmd/monitor.go:403.3,404.1 1 0
github.com/raghavkgarg/mycase/cmd/monitor.go:405.2,408.1 3 0
github.com/raghavkgarg/mycase/cmd/monitor.go:409.2,409.59 3 0
github.com/raghavkgarg/mycase/cmd/monitor.go:410.3,411.1 1 0
github.com/raghavkgarg/mycase/cmd/monitor.go:412.2,412.25 1 0
github.com/raghavkgarg/mycase/cmd/monitor.go:413.3,414.1 1 0
github.com/raghavkgarg/mycase/cmd/monitor.go:415.2,415.40 1 0
github.com/raghavkgarg/mycase/cmd/monitor.go:416.3,417.1 1 0
github.com/raghavkgarg/mycase/cmd/monitor.go:418.2,418.61 1 0
github.com/raghavkgarg/mycase/cmd/monitor.go:419.3,419.37 1 0
github.com/raghavkgarg/mycase/cmd/monitor.go:420.4,421.1 1 0
github.com/raghavkgarg/mycase/cmd/monitor.go:423.2,423.19 1 0
github.com/raghavkgarg/mycase/cmd/optimize.go:41.2,42.46 2 0
github.com/raghavkgarg/mycase/cmd/optimize.go:43.3,44.1 1 0
github.com/raghavkgarg/mycase/cmd/optimize.go:45.2,45.64 1 0
github.com/raghavkgarg/mycase/cmd/optimize.go:46.3,47.1 1 0
github.com/raghavkgarg/mycase/cmd/optimize.go:48.2,57.3 1 0
github.com/raghavkgarg/mycase/cmd/optimize.go:61.2,62.16 2 0
github.com/raghavkgarg/mycase/cmd/optimize.go:63.3,64.1 1 0
github.com/raghavkgarg/mycase/cmd/optimize.go:66.2,67.25 2 0
github.com/raghavkgarg/mycase/cmd/optimize.go:68.3,68.55 1 0
github.com/raghavkgarg/mycase/cmd/optimize.go:69.4,70.1 1 0
github.com/raghavkgarg/mycase/cmd/optimize.go:73.2,73.22 1 0
github.com/raghavkgarg/mycase/cmd/optimize.go:74.3,75.17 2 0
github.com/raghavkgarg/mycase/cmd/optimize.go:76.4,76.70 1 0
github.com/raghavkgarg/mycase/cmd/optimize.go:77.5,77.21 1 0
github.com/raghavkgarg/mycase/cmd/optimize.go:78.6,80.1 2 0
github.com/raghavkgarg/mycase/cmd/optimize.go:83.4,84.1 1 0
github.com/raghavkgarg/mycase/cmd/optimize.go:87.2,88.31 2 0
github.com/raghavkgarg/mycase/cmd/optimize.go:89.3,89.19 1 0
github.com/raghavkgarg/mycase/cmd/optimize.go:90.4,91.1 1 0
github.com/raghavkgarg/mycase/cmd/optimize.go:92.4,93.1 1 0
github.com/raghavkgarg/mycase/cmd/optimize.go:96.2,96.26 1 0
github.com/raghavkgarg/mycase/cmd/optimize.go:97.3,99.1 2 0
github.com/raghavkgarg/mycase/cmd/optimize.go:101.2,106.1 6 0
github.com/raghavkgarg/mycase/cmd/optimize.go:107.2,107.36 6 0
github.com/raghavkgarg/mycase/cmd/optimize.go:108.3,109.21 2 0
github.com/raghavkgarg/mycase/cmd/optimize.go:110.4,112.18 3 0
github.com/raghavkgarg/mycase/cmd/optimize.go:113.5,115.1 2 0
github.com/raghavkgarg/mycase/cmd/optimize.go:116.4,118.15 3 0
github.com/raghavkgarg/mycase/cmd/optimize.go:121.2,122.1 3 0
github.com/raghavkgarg/mycase/cmd/optimize.go:123.2,124.28 3 0
github.com/raghavkgarg/mycase/cmd/optimize.go:125.3,128.17 4 0
github.com/raghavkgarg/mycase/cmd/optimize.go:129.4,131.1 2 0
github.com/raghavkgarg/mycase/cmd/optimize.go:134.2,136.28 3 0
github.com/raghavkgarg/mycase/cmd/optimize.go:137.3,138.17 2 0
github.com/raghavkgarg/mycase/cmd/optimize.go:139.4,140.1 1 0
github.com/raghavkgarg/mycase/cmd/optimize.go:141.3,158.1 4 0
github.com/raghavkgarg/mycase/cmd/optimize.go:159.3,161.17 4 0
github.com/raghavkgarg/mycase/cmd/optimize.go:162.4,163.1 1 0
github.com/raghavkgarg/mycase/cmd/optimize.go:164.3,164.114 1 0
github.com/raghavkgarg/mycase/cmd/optimize.go:166.3,167.1 1 0
github.com/raghavkgarg/mycase/cmd/optimize.go:169.2,169.40 1 0
github.com/raghavkgarg/mycase/cmd/optimize.go:170.3,171.46 2 0
github.com/raghavkgarg/mycase/cmd/optimize.go:172.4,173.1 1 0
github.com/raghavkgarg/mycase/cmd/optimize.go:174.3,176.32 3 0
github.com/raghavkgarg/mycase/cmd/optimize.go:177.4,179.1 2 0
github.com/raghavkgarg/mycase/cmd/optimize.go:180.3,182.32 3 0
github.com/raghavkgarg/mycase/cmd/optimize.go:183.4,184.1 1 0
github.com/raghavkgarg/mycase/cmd/optimize.go:185.3,186.29 2 0
github.com/raghavkgarg/mycase/cmd/optimize.go:187.4,195.1 3 0
github.com/raghavkgarg/mycase/cmd/optimize.go:196.4,197.1 3 0
github.com/raghavkgarg/mycase/cmd/optimize.go:198.4,199.1 1 0
github.com/raghavkgarg/mycase/cmd/optimize.go:202.2,202.17 1 0
github.com/raghavkgarg/mycase/cmd/optimize.go:203.3,204.1 1 0
github.com/raghavkgarg/mycase/cmd/optimize.go:206.2,207.46 2 0
github.com/raghavkgarg/mycase/cmd/optimize.go:208.3,209.1 1 0
github.com/raghavkgarg/mycase/cmd/optimize.go:211.2,212.28 2 0
github.com/raghavkgarg/mycase/cmd/optimize.go:213.3,214.1 1 0
github.com/raghavkgarg/mycase/cmd/optimize.go:215.2,216.1 4 0
github.com/raghavkgarg/mycase/cmd/optimize.go:217.2,219.32 4 0
github.com/raghavkgarg/mycase/cmd/optimize.go:220.3,230.1 5 0
github.com/raghavkgarg/mycase/cmd/optimize.go:231.2,238.1 3 0
github.com/raghavkgarg/mycase/cmd/optimize.go:239.2,240.14 3 0
github.com/raghavkgarg/mycase/cmd/optimize.go:241.3,245.80 5 0
github.com/raghavkgarg/mycase/cmd/optimize.go:246.4,247.1 1 0
github.com/raghavkgarg/mycase/cmd/optimize.go:248.4,249.1 1 0
github.com/raghavkgarg/mycase/cmd/optimize.go:250.3,250.122 1 0
github.com/raghavkgarg/mycase/cmd/optimize.go:252.3,255.54 4 0
github.com/raghavkgarg/mycase/cmd/optimize.go:256.4,257.1 1 0
github.com/raghavkgarg/mycase/cmd/optimize.go:258.3,260.56 3 0
github.com/raghavkgarg/mycase/cmd/optimize.go:261.4,261.74 1 0
github.com/raghavkgarg/mycase/cmd/optimize.go:262.5,263.1 1 0
github.com/raghavkgarg/mycase/cmd/optimize.go:265.3,265.78 1 0
github.com/raghavkgarg/mycase/cmd/optimize.go:268.2,269.16 2 0
github.com/raghavkgarg/mycase/cmd/optimize.go:270.3,271.1 1 0
github.com/raghavkgarg/mycase/cmd/optimize.go:272.2,273.1 3 0
github.com/raghavkgarg/mycase/cmd/optimize.go:274.2,275.67 3 0
github.com/raghavkgarg/mycase/cmd/optimize.go:276.3,277.1 1 0
github.com/raghavkgarg/mycase/cmd/optimize.go:278.2,278.32 1 0
github.com/raghavkgarg/mycase/cmd/optimize.go:279.3,279.87 1 0
github.com/raghavkgarg/mycase/cmd/optimize.go:280.4,281.1 1 0
github.com/raghavkgarg/mycase/cmd/optimize.go:283.2,283.26 1 0
github.com/raghavkgarg/mycase/cmd/optimize.go:284.3,284.61 1 0
github.com/raghavkgarg/mycase/cmd/optimize.go:285.4,286.1 1 0
github.com/raghavkgarg/mycase/cmd/optimize.go:288.2,290.12 3 0
github.com/raghavkgarg/mycase/cmd/performance.go:44.2,44.28 1 0
github.com/raghavkgarg/mycase/cmd/performance.go:45.3,46.1 1 0
github.com/raghavkgarg/mycase/cmd/performance.go:47.2,47.125 1 0
github.com/raghavkgarg/mycase/cmd/performance.go:51.2,51.20 1 0
github.com/raghavkgarg/mycase/cmd/performance.go:52.3,53.1 1 0
github.com/raghavkgarg/mycase/cmd/performance.go:55.2,56.25 2 0
github.com/raghavkgarg/mycase/cmd/performance.go:57.3,58.1 1 0
github.com/raghavkgarg/mycase/cmd/performance.go:59.2,60.16 2 0
github.com/raghavkgarg/mycase/cmd/performance.go:61.3,62.1 1 0
github.com/raghavkgarg/mycase/cmd/performance.go:63.2,64.16 2 0
github.com/raghavkgarg/mycase/cmd/performance.go:65.3,66.1 1 0
github.com/raghavkgarg/mycase/cmd/performance.go:68.2,69.16 2 0
github.com/raghavkgarg/mycase/cmd/performance.go:70.3,71.1 1 0
github.com/raghavkgarg/mycase/cmd/performance.go:72.2,73.1 4 0
github.com/raghavkgarg/mycase/cmd/performance.go:74.2,76.16 4 0
github.com/raghavkgarg/mycase/cmd/performance.go:77.3,78.1 1 0
github.com/raghavkgarg/mycase/cmd/performance.go:79.2,79.22 1 0
github.com/raghavkgarg/mycase/cmd/performance.go:80.3,81.1 1 0
github.com/raghavkgarg/mycase/cmd/performance.go:83.2,84.31 2 0
github.com/raghavkgarg/mycase/cmd/performance.go:85.3,86.17 2 0
github.com/raghavkgarg/mycase/cmd/performance.go:88.4,88.17 1 0
github.com/raghavkgarg/mycase/cmd/performance.go:90.4,90.17 1 0
github.com/raghavkgarg/mycase/cmd/performance.go:93.2,93.40 1 0
github.com/raghavkgarg/mycase/cmd/performance.go:94.3,95.1 1 0
github.com/raghavkgarg/mycase/cmd/performance.go:97.2,98.37 2 0
github.com/raghavkgarg/mycase/cmd/performance.go:99.3,99.59 1 0
github.com/raghavkgarg/mycase/cmd/performance.go:100.4,100.12 1 0
github.com/raghavkgarg/mycase/cmd/performance.go:102.3,104.33 3 0
github.com/raghavkgarg/mycase/cmd/performance.go:105.4,105.12 1 0
github.com/raghavkgarg/mycase/cmd/performance.go:107.3,107.85 1 0
github.com/raghavkgarg/mycase/cmd/performance.go:109.2,109.25 1 0
github.com/raghavkgarg/mycase/cmd/performance.go:110.3,111.1 1 0
github.com/raghavkgarg/mycase/cmd/performance.go:113.2,114.56 2 0
github.com/raghavkgarg/mycase/cmd/performance.go:115.3,116.1 1 0
github.com/raghavkgarg/mycase/cmd/performance.go:117.2,118.23 2 0
github.com/raghavkgarg/mycase/cmd/performance.go:119.3,120.1 1 0
github.com/raghavkgarg/mycase/cmd/performance.go:120.9,120.33 1 0
github.com/raghavkgarg/mycase/cmd/performance.go:121.3,122.1 1 0
github.com/raghavkgarg/mycase/cmd/performance.go:123.3,124.12 2 0
github.com/raghavkgarg/mycase/cmd/performance.go:125.4,125.32 1 0
github.com/raghavkgarg/mycase/cmd/performance.go:126.5,126.78 1 0
github.com/raghavkgarg/mycase/cmd/performance.go:127.6,128.11 2 0
github.com/raghavkgarg/mycase/cmd/performance.go:134.2,137.10 4 0
github.com/raghavkgarg/mycase/cmd/performance.go:138.3,141.17 4 0
github.com/raghavkgarg/mycase/cmd/performance.go:142.4,143.1 1 0
github.com/raghavkgarg/mycase/cmd/performance.go:144.4,145.1 1 0
github.com/raghavkgarg/mycase/cmd/performance.go:147.3,148.1 1 0
github.com/raghavkgarg/mycase/cmd/performance.go:150.2,152.16 3 0
github.com/raghavkgarg/mycase/cmd/performance.go:153.3,154.1 1 0
github.com/raghavkgarg/mycase/cmd/performance.go:156.2,157.1 5 0
github.com/raghavkgarg/mycase/cmd/performance.go:158.2,161.1 5 0
github.com/raghavkgarg/mycase/cmd/performance.go:162.2,162.99 5 0
github.com/raghavkgarg/mycase/cmd/performance.go:163.3,164.1 1 0
github.com/raghavkgarg/mycase/cmd/performance.go:165.2,165.20 1 0
github.com/raghavkgarg/mycase/cmd/performance.go:166.3,167.10 2 0
github.com/raghavkgarg/mycase/cmd/performance.go:169.4,169.20 1 0
github.com/raghavkgarg/mycase/cmd/performance.go:171.4,171.20 1 0
github.com/raghavkgarg/mycase/cmd/performance.go:173.4,173.20 1 0
github.com/raghavkgarg/mycase/cmd/performance.go:175.4,175.19 1 0
github.com/raghavkgarg/mycase/cmd/performance.go:177.4,177.19 1 0
github.com/raghavkgarg/mycase/cmd/performance.go:179.4,179.19 1 0
github.com/raghavkgarg/mycase/cmd/performance.go:181.3,181.172 1 0
github.com/raghavkgarg/mycase/cmd/performance.go:184.2,184.19 1 0
github.com/raghavkgarg/mycase/cmd/performance.go:185.3,186.1 1 0
github.com/raghavkgarg/mycase/cmd/performance.go:187.3,188.1 1 0
github.com/raghavkgarg/mycase/cmd/performance.go:190.2,191.1 5 0
github.com/raghavkgarg/mycase/cmd/performance.go:192.2,195.30 5 0
github.com/raghavkgarg/mycase/cmd/performance.go:196.3,196.21 1 0
github.com/raghavkgarg/mycase/cmd/performance.go:197.4,198.12 2 0
github.com/raghavkgarg/mycase/cmd/performance.go:200.3,211.31 3 0
github.com/raghavkgarg/mycase/cmd/performance.go:213.2,221.1 7 0
github.com/raghavkgarg/mycase/cmd/performance.go:222.2,225.1 7 0
github.com/raghavkgarg/mycase/cmd/performance.go:226.2,234.12 7 0
github.com/raghavkgarg/mycase/cmd/performance.go:267.2,267.19 1 1
github.com/raghavkgarg/mycase/cmd/performance.go:268.3,269.1 1 1
github.com/raghavkgarg/mycase/cmd/performance.go:270.2,270.76 1 1
github.com/raghavkgarg/mycase/cmd/performance.go:271.3,272.1 1 1
github.com/raghavkgarg/mycase/cmd/performance.go:273.2,273.74 1 1
github.com/raghavkgarg/mycase/cmd/performance.go:274.3,275.1 1 1
github.com/raghavkgarg/mycase/cmd/performance.go:276.2,276.96 1 1
github.com/raghavkgarg/mycase/cmd/performance.go:287.2,287.20 1 0
github.com/raghavkgarg/mycase/cmd/performance.go:288.3,289.1 1 0
github.com/raghavkgarg/mycase/cmd/performance.go:291.2,292.16 2 0
github.com/raghavkgarg/mycase/cmd/performance.go:293.3,294.1 1 0
github.com/raghavkgarg/mycase/cmd/performance.go:295.2,296.29 2 0
github.com/raghavkgarg/mycase/cmd/performance.go:297.3,297.30 1 0
github.com/raghavkgarg/mycase/cmd/performance.go:298.4,299.1 1 0
github.com/raghavkgarg/mycase/cmd/performance.go:301.2,301.24 1 0
github.com/raghavkgarg/mycase/cmd/performance.go:302.3,303.1 1 0
github.com/raghavkgarg/mycase/cmd/performance.go:306.2,307.16 2 0
github.com/raghavkgarg/mycase/cmd/performance.go:308.3,309.1 1 0
github.com/raghavkgarg/mycase/cmd/performance.go:310.2,312.20 3 0
github.com/raghavkgarg/mycase/cmd/performance.go:313.3,314.17 2 0
github.com/raghavkgarg/mycase/cmd/performance.go:315.4,316.1 1 0
github.com/raghavkgarg/mycase/cmd/performance.go:318.3,319.1 1 0
github.com/raghavkgarg/mycase/cmd/performance.go:321.2,322.1 6 0
github.com/raghavkgarg/mycase/cmd/performance.go:323.2,330.1 6 0
github.com/raghavkgarg/mycase/cmd/performance.go:332.2,336.1 6 0
github.com/raghavkgarg/mycase/cmd/performance.go:337.2,338.16 6 0
github.com/raghavkgarg/mycase/cmd/performance.go:339.3,340.1 1 0
github.com/raghavkgarg/mycase/cmd/performance.go:342.2,343.1 2 0
github.com/raghavkgarg/mycase/cmd/performance.go:345.2,345.62 2 0
github.com/raghavkgarg/mycase/cmd/performance.go:346.3,346.77 1 0
github.com/raghavkgarg/mycase/cmd/performance.go:347.4,348.1 1 0
github.com/raghavkgarg/mycase/cmd/performance.go:349.4,350.1 1 0
github.com/raghavkgarg/mycase/cmd/performance.go:353.2,354.1 2 0
github.com/raghavkgarg/mycase/cmd/performance.go:355.2,355.15 2 0
github.com/raghavkgarg/mycase/cmd/performance.go:356.3,356.90 1 0
github.com/raghavkgarg/mycase/cmd/performance.go:359.4,361.1 2 0
github.com/raghavkgarg/mycase/cmd/performance.go:363.2,363.12 1 0
github.com/raghavkgarg/mycase/cmd/performance.go:369.2,370.36 2 0
github.com/raghavkgarg/mycase/cmd/performance.go:371.3,372.17 2 0
github.com/raghavkgarg/mycase/cmd/performance.go:373.4,374.1 1 0
github.com/raghavkgarg/mycase/cmd/performance.go:375.3,375.14 1 0
github.com/raghavkgarg/mycase/cmd/performance.go:378.2,387.16 2 0
github.com/raghavkgarg/mycase/cmd/performance.go:388.3,389.1 1 0
github.com/raghavkgarg/mycase/cmd/performance.go:390.2,391.12 2 0
github.com/raghavkgarg/mycase/cmd/performance.go:395.2,406.1 7 0
github.com/raghavkgarg/mycase/cmd/performance.go:407.2,410.1 7 0
github.com/raghavkgarg/mycase/cmd/performance.go:414.2,414.34 1 0
github.com/raghavkgarg/mycase/cmd/performance.go:415.3,416.1 1 0
github.com/raghavkgarg/mycase/cmd/performance.go:417.2,417.12 1 0
github.com/raghavkgarg/mycase/cmd/performance.go:421.2,440.1 4 0
github.com/raghavkgarg/mycase/cmd/pick.go:46.2,46.24 1 0
github.com/raghavkgarg/mycase/cmd/pick.go:47.3,48.1 1 0
github.com/raghavkgarg/mycase/cmd/pick.go:49.2,50.1 6 0
github.com/raghavkgarg/mycase/cmd/pick.go:55.2,57.1 6 0
github.com/raghavkgarg/mycase/cmd/pick.go:58.2,60.25 6 0
github.com/raghavkgarg/mycase/cmd/pick.go:61.3,62.1 1 0
github.com/raghavkgarg/mycase/cmd/pick.go:66.3,66.73 1 0
github.com/raghavkgarg/mycase/cmd/pick.go:67.4,68.18 2 0
github.com/raghavkgarg/mycase/cmd/pick.go:69.5,70.1 1 0
github.com/raghavkgarg/mycase/cmd/pick.go:71.4,72.38 2 0
github.com/raghavkgarg/mycase/cmd/pick.go:73.5,74.1 1 0
github.com/raghavkgarg/mycase/cmd/pick.go:78.2,80.51 3 0
github.com/raghavkgarg/mycase/cmd/pick.go:81.3,82.14 2 0
github.com/raghavkgarg/mycase/cmd/pick.go:83.4,84.1 1 0
github.com/raghavkgarg/mycase/cmd/pick.go:85.3,85.13 1 0
github.com/raghavkgarg/mycase/cmd/pick.go:86.4,87.25 2 0
github.com/raghavkgarg/mycase/cmd/pick.go:88.5,89.1 1 0
github.com/raghavkgarg/mycase/cmd/pick.go:93.3,93.75 1 0
github.com/raghavkgarg/mycase/cmd/pick.go:94.4,98.25 5 0
github.com/raghavkgarg/mycase/cmd/pick.go:99.5,100.1 1 0
github.com/raghavkgarg/mycase/cmd/pick.go:101.4,102.18 2 0
github.com/raghavkgarg/mycase/cmd/pick.go:103.5,104.1 1 0
github.com/raghavkgarg/mycase/cmd/pick.go:105.4,112.1 8 0
github.com/raghavkgarg/mycase/cmd/pick.go:113.4,115.14 8 0
github.com/raghavkgarg/mycase/cmd/pick.go:117.3,117.16 1 0
github.com/raghavkgarg/mycase/cmd/pick.go:120.2,120.23 1 0
github.com/raghavkgarg/mycase/cmd/pick.go:121.3,122.1 1 0
github.com/raghavkgarg/mycase/cmd/pick.go:123.2,124.16 2 0
github.com/raghavkgarg/mycase/cmd/pick.go:125.3,126.1 1 0
github.com/raghavkgarg/mycase/cmd/pick.go:127.2,128.1 2 0
github.com/raghavkgarg/mycase/cmd/pick.go:129.2,129.35 2 0
github.com/raghavkgarg/mycase/cmd/pick.go:133.2,134.1 3 0
github.com/raghavkgarg/mycase/cmd/pick.go:135.2,136.21 3 0
github.com/raghavkgarg/mycase/cmd/pick.go:137.3,138.1 1 0
github.com/raghavkgarg/mycase/cmd/pick.go:139.2,139.21 1 0
github.com/raghavkgarg/mycase/cmd/pick.go:140.3,141.1 1 0
github.com/raghavkgarg/mycase/cmd/pick.go:143.2,144.18 2 0
github.com/raghavkgarg/mycase/cmd/pick.go:145.3,146.1 1 0
github.com/raghavkgarg/mycase/cmd/pick.go:147.2,147.18 1 0
github.com/raghavkgarg/mycase/cmd/pick.go:148.3,149.1 1 0
github.com/raghavkgarg/mycase/cmd/pick.go:151.2,152.15 2 0
github.com/raghavkgarg/mycase/cmd/pick.go:153.3,154.1 1 0
github.com/raghavkgarg/mycase/cmd/pick.go:155.2,155.15 1 0
github.com/raghavkgarg/mycase/cmd/pick.go:156.3,157.1 1 0
github.com/raghavkgarg/mycase/cmd/pick.go:159.2,160.20 2 0
github.com/raghavkgarg/mycase/cmd/pick.go:161.3,162.1 1 0
github.com/raghavkgarg/mycase/cmd/pick.go:163.2,163.20 1 0
github.com/raghavkgarg/mycase/cmd/pick.go:164.3,165.1 1 0
github.com/raghavkgarg/mycase/cmd/pick.go:166.2,167.46 2 0
github.com/raghavkgarg/mycase/cmd/pick.go:168.3,169.1 1 0
github.com/raghavkgarg/mycase/cmd/pick.go:170.2,170.64 1 0
github.com/raghavkgarg/mycase/cmd/pick.go:171.3,172.1 1 0
github.com/raghavkgarg/mycase/cmd/pick.go:174.2,191.1 1 0
github.com/raghavkgarg/mycase/cmd/pick.go:197.2,197.29 1 0
github.com/raghavkgarg/mycase/cmd/pick.go:198.3,199.1 1 0
github.com/raghavkgarg/mycase/cmd/pick.go:206.2,206.27 1 0
github.com/raghavkgarg/mycase/cmd/pick.go:207.3,208.1 1 0
github.com/raghavkgarg/mycase/cmd/pick.go:209.2,210.16 2 0
github.com/raghavkgarg/mycase/cmd/pick.go:211.3,212.1 1 0
github.com/raghavkgarg/mycase/cmd/pick.go:217.2,217.48 1 0
github.com/raghavkgarg/mycase/cmd/pick.go:218.3,218.56 1 0
github.com/raghavkgarg/mycase/cmd/pick.go:219.4,219.75 1 0
github.com/raghavkgarg/mycase/cmd/pick.go:220.5,221.1 1 0
github.com/raghavkgarg/mycase/cmd/pick.go:222.5,223.1 1 0
github.com/raghavkgarg/mycase/cmd/pick.go:224.4,224.17 1 0
github.com/raghavkgarg/mycase/cmd/pick.go:227.2,227.12 1 0
github.com/raghavkgarg/mycase/cmd/pick.go:234.2,235.25 2 0
github.com/raghavkgarg/mycase/cmd/pick.go:236.3,237.1 1 0
github.com/raghavkgarg/mycase/cmd/pick.go:238.2,240.1 7 0
github.com/raghavkgarg/mycase/cmd/pick.go:241.2,242.1 7 0
github.com/raghavkgarg/mycase/cmd/pick.go:244.2,246.1 7 0
github.com/raghavkgarg/mycase/cmd/pick.go:247.2,248.23 7 0
github.com/raghavkgarg/mycase/cmd/pick.go:249.3,250.1 1 0
github.com/raghavkgarg/mycase/cmd/pick.go:252.2,252.22 1 0
github.com/raghavkgarg/mycase/cmd/pick.go:253.3,256.17 4 0
github.com/raghavkgarg/mycase/cmd/pick.go:257.4,261.31 5 0
github.com/raghavkgarg/mycase/cmd/pick.go:262.5,262.45 1 0
github.com/raghavkgarg/mycase/cmd/pick.go:263.6,265.14 3 0
github.com/raghavkgarg/mycase/cmd/pick.go:267.5,267.46 1 0
github.com/raghavkgarg/mycase/cmd/pick.go:268.6,268.22 1 0
github.com/raghavkgarg/mycase/cmd/pick.go:269.7,270.1 1 0
github.com/raghavkgarg/mycase/cmd/pick.go:271.6,272.14 2 0
github.com/raghavkgarg/mycase/cmd/pick.go:274.5,274.38 1 0
github.com/raghavkgarg/mycase/cmd/pick.go:276.4,281.54 6 0
github.com/raghavkgarg/mycase/cmd/pick.go:282.5,283.1 1 0
github.com/raghavkgarg/mycase/cmd/pick.go:284.4,285.54 2 0
github.com/raghavkgarg/mycase/cmd/pick.go:286.5,287.1 1 0
github.com/raghavkgarg/mycase/cmd/pick.go:288.4,288.10 1 0
github.com/raghavkgarg/mycase/cmd/pick.go:293.2,295.33 3 0
github.com/raghavkgarg/mycase/cmd/pick.go:296.3,305.1 14 0
github.com/raghavkgarg/mycase/cmd/pick.go:306.3,311.1 14 0
github.com/raghavkgarg/mycase/cmd/pipeline.go:60.2,63.1 6 0
github.com/raghavkgarg/mycase/cmd/pipeline.go:64.2,65.1 6 0
github.com/raghavkgarg/mycase/cmd/pipeline.go:67.2,68.19 6 0
github.com/raghavkgarg/mycase/cmd/pipeline.go:69.3,69.26 1 0
github.com/raghavkgarg/mycase/cmd/pipeline.go:70.4,71.1 1 0
github.com/raghavkgarg/mycase/cmd/pipeline.go:71.10,71.31 1 0
github.com/raghavkgarg/mycase/cmd/pipeline.go:72.4,73.1 1 0
github.com/raghavkgarg/mycase/cmd/pipeline.go:76.2,77.37 2 0
github.com/raghavkgarg/mycase/cmd/pipeline.go:78.3,79.1 1 0
github.com/raghavkgarg/mycase/cmd/pipeline.go:81.2,82.19 2 0
github.com/raghavkgarg/mycase/cmd/pipeline.go:83.3,84.1 1 0
github.com/raghavkgarg/mycase/cmd/pipeline.go:86.2,86.22 1 0
github.com/raghavkgarg/mycase/cmd/pipeline.go:87.3,88.16 2 0
github.com/raghavkgarg/mycase/cmd/pipeline.go:89.4,90.26 2 0
github.com/raghavkgarg/mycase/cmd/pipeline.go:91.5,92.1 1 0
github.com/raghavkgarg/mycase/cmd/pipeline.go:96.2,96.21 1 0
github.com/raghavkgarg/mycase/cmd/pipeline.go:97.3,98.14 2 0
github.com/raghavkgarg/mycase/cmd/pipeline.go:99.4,101.25 3 0
github.com/raghavkgarg/mycase/cmd/pipeline.go:102.5,103.1 1 0
github.com/raghavkgarg/mycase/cmd/pipeline.go:107.2,107.25 1 0
github.com/raghavkgarg/mycase/cmd/pipeline.go:108.3,109.1 1 0
github.com/raghavkgarg/mycase/cmd/pipeline.go:111.2,111.20 1 0
github.com/raghavkgarg/mycase/cmd/pipeline.go:112.3,113.1 1 0
github.com/raghavkgarg/mycase/cmd/pipeline.go:115.2,115.23 1 0
github.com/raghavkgarg/mycase/cmd/pipeline.go:116.3,117.1 1 0
github.com/raghavkgarg/mycase/cmd/pipeline.go:119.2,119.24 1 0
github.com/raghavkgarg/mycase/cmd/pipeline.go:120.3,121.1 1 0
github.com/raghavkgarg/mycase/cmd/pipeline.go:123.2,123.30 1 0
github.com/raghavkgarg/mycase/cmd/pipeline.go:124.3,125.1 1 0
github.com/raghavkgarg/mycase/cmd/pipeline.go:127.2,127.36 1 0
github.com/raghavkgarg/mycase/cmd/pipeline.go:128.3,129.1 1 0
github.com/raghavkgarg/mycase/cmd/pipeline.go:131.2,131.34 1 0
github.com/raghavkgarg/mycase/cmd/pipeline.go:132.3,133.1 1 0
github.com/raghavkgarg/mycase/cmd/pipeline.go:135.2,135.23 1 0
github.com/raghavkgarg/mycase/cmd/pipeline.go:136.3,137.1 1 0
github.com/raghavkgarg/mycase/cmd/pipeline.go:138.2,138.30 1 0
github.com/raghavkgarg/mycase/cmd/pipeline.go:139.3,140.1 1 0
github.com/raghavkgarg/mycase/cmd/pipeline.go:141.2,141.23 1 0
github.com/raghavkgarg/mycase/cmd/pipeline.go:142.3,143.1 1 0
github.com/raghavkgarg/mycase/cmd/pipeline.go:144.2,144.25 1 0
github.com/raghavkgarg/mycase/cmd/pipeline.go:145.3,146.1 1 0
github.com/raghavkgarg/mycase/cmd/pipeline.go:148.2,149.26 2 0
github.com/raghavkgarg/mycase/cmd/pipeline.go:150.3,151.1 1 0
github.com/raghavkgarg/mycase/cmd/pipeline.go:152.2,154.1 3 0
github.com/raghavkgarg/mycase/cmd/pipeline.go:155.2,156.1 3 0
github.com/raghavkgarg/mycase/cmd/pipeline.go:158.2,158.77 3 0
github.com/raghavkgarg/mycase/cmd/pipeline.go:159.3,160.27 2 0
github.com/raghavkgarg/mycase/cmd/pipeline.go:161.4,161.35 1 0
github.com/raghavkgarg/mycase/cmd/pipeline.go:162.5,163.1 1 0
github.com/raghavkgarg/mycase/cmd/pipeline.go:167.2,167.43 1 0
github.com/raghavkgarg/mycase/cmd/pipeline.go:168.3,168.59 1 0
github.com/raghavkgarg/mycase/cmd/pipeline.go:169.4,170.52 2 0
github.com/raghavkgarg/mycase/cmd/pipeline.go:171.5,173.17 3 0
github.com/raghavkgarg/mycase/cmd/pipeline.go:174.6,177.1 3 0
github.com/raghavkgarg/mycase/cmd/pipeline.go:178.5,178.49 1 0
github.com/raghavkgarg/mycase/cmd/pipeline.go:179.6,180.1 1 0
github.com/raghavkgarg/mycase/cmd/pipeline.go:185.2,189.1 3 0
github.com/raghavkgarg/mycase/cmd/pipeline.go:191.2,192.30 3 0
github.com/raghavkgarg/mycase/cmd/pipeline.go:193.3,193.33 1 0
github.com/raghavkgarg/mycase/cmd/pipeline.go:194.4,199.1 1 0
github.com/raghavkgarg/mycase/cmd/pipeline.go:201.2,201.34 1 0
github.com/raghavkgarg/mycase/cmd/pipeline.go:202.3,202.35 1 0
github.com/raghavkgarg/mycase/cmd/pipeline.go:203.4,207.1 1 0
github.com/raghavkgarg/mycase/cmd/pipeline.go:210.2,211.1 3 0
github.com/raghavkgarg/mycase/cmd/pipeline.go:212.2,213.14 3 0
github.com/raghavkgarg/mycase/cmd/pipeline.go:214.3,215.1 1 0
github.com/raghavkgarg/mycase/cmd/pipeline.go:216.3,217.23 2 0
github.com/raghavkgarg/mycase/cmd/pipeline.go:218.4,219.1 1 0
github.com/raghavkgarg/mycase/cmd/pipeline.go:220.3,220.18 1 0
github.com/raghavkgarg/mycase/cmd/pipeline.go:223.2,226.1 6 0
github.com/raghavkgarg/mycase/cmd/pipeline.go:228.2,230.1 6 0
github.com/raghavkgarg/mycase/cmd/pipeline.go:231.2,231.15 6 0
github.com/raghavkgarg/mycase/cmd/pipeline.go:232.3,232.24 1 0
github.com/raghavkgarg/mycase/cmd/pipeline.go:233.4,234.1 1 0
github.com/raghavkgarg/mycase/cmd/pipeline.go:237.3,240.16 4 0
github.com/raghavkgarg/mycase/cmd/pipeline.go:241.4,247.1 2 0
github.com/raghavkgarg/mycase/cmd/pipeline.go:248.4,248.57 2 0
github.com/raghavkgarg/mycase/cmd/pipeline.go:249.5,251.1 2 0
github.com/raghavkgarg/mycase/cmd/pipeline.go:252.5,252.18 1 0
github.com/raghavkgarg/mycase/cmd/pipeline.go:253.6,253.19 1 0
github.com/raghavkgarg/mycase/cmd/pipeline.go:255.7,256.1 1 0
github.com/raghavkgarg/mycase/cmd/pipeline.go:261.3,262.31 2 0
github.com/raghavkgarg/mycase/cmd/pipeline.go:263.4,281.1 3 0
github.com/raghavkgarg/mycase/cmd/pipeline.go:282.4,282.19 3 0
github.com/raghavkgarg/mycase/cmd/pipeline.go:283.5,285.1 2 0
github.com/raghavkgarg/mycase/cmd/pipeline.go:286.5,289.1 3 0
github.com/raghavkgarg/mycase/cmd/pipeline.go:290.4,290.24 1 0
github.com/raghavkgarg/mycase/cmd/pipeline.go:291.5,292.1 1 0
github.com/raghavkgarg/mycase/cmd/pipeline.go:293.4,293.53 1 0
github.com/raghavkgarg/mycase/cmd/pipeline.go:294.5,295.1 1 0
github.com/raghavkgarg/mycase/cmd/pipeline.go:296.4,297.1 2 0
github.com/raghavkgarg/mycase/cmd/pipeline.go:299.4,299.17 2 0
github.com/raghavkgarg/mycase/cmd/pipeline.go:300.5,300.75 1 0
github.com/raghavkgarg/mycase/cmd/pipeline.go:301.6,301.77 1 0
github.com/raghavkgarg/mycase/cmd/pipeline.go:302.7,303.1 1 0
github.com/raghavkgarg/mycase/cmd/pipeline.go:307.4,307.17 1 0
github.com/raghavkgarg/mycase/cmd/pipeline.go:310.3,312.1 3 0
github.com/raghavkgarg/mycase/cmd/pipeline.go:313.3,313.23 3 0
github.com/raghavkgarg/mycase/cmd/pipeline.go:315.4,316.17 2 0
github.com/raghavkgarg/mycase/cmd/pipeline.go:317.5,318.40 2 0
github.com/raghavkgarg/mycase/cmd/pipeline.go:319.6,320.33 2 0
github.com/raghavkgarg/mycase/cmd/pipeline.go:321.7,321.26 1 0
github.com/raghavkgarg/mycase/cmd/pipeline.go:322.8,324.1 2 0
github.com/raghavkgarg/mycase/cmd/pipeline.go:326.6,326.131 1 0
github.com/raghavkgarg/mycase/cmd/pipeline.go:331.4,331.33 1 0
github.com/raghavkgarg/mycase/cmd/pipeline.go:332.5,333.71 2 0
github.com/raghavkgarg/mycase/cmd/pipeline.go:334.6,335.1 1 0
github.com/raghavkgarg/mycase/cmd/pipeline.go:336.5,337.81 2 0
github.com/raghavkgarg/mycase/cmd/pipeline.go:338.6,339.1 1 0
github.com/raghavkgarg/mycase/cmd/pipeline.go:341.5,342.28 2 0
github.com/raghavkgarg/mycase/cmd/pipeline.go:343.6,344.1 1 0
github.com/raghavkgarg/mycase/cmd/pipeline.go:345.5,345.30 1 0
github.com/raghavkgarg/mycase/cmd/pipeline.go:347.4,348.1 6 0
github.com/raghavkgarg/mycase/cmd/pipeline.go:349.4,371.1 6 0
github.com/raghavkgarg/mycase/cmd/pipeline.go:372.4,372.53 6 0
github.com/raghavkgarg/mycase/cmd/pipeline.go:373.5,374.1 1 0
github.com/raghavkgarg/mycase/cmd/pipeline.go:377.4,377.17 1 0
github.com/raghavkgarg/mycase/cmd/pipeline.go:378.5,378.72 1 0
github.com/raghavkgarg/mycase/cmd/pipeline.go:379.6,379.79 1 0
github.com/raghavkgarg/mycase/cmd/pipeline.go:380.7,381.1 1 0
github.com/raghavkgarg/mycase/cmd/pipeline.go:385.4,386.1 5 0
github.com/raghavkgarg/mycase/cmd/pipeline.go:387.4,390.40 5 0
github.com/raghavkgarg/mycase/cmd/pipeline.go:391.5,395.1 4 0
github.com/raghavkgarg/mycase/cmd/pipeline.go:398.4,419.1 4 0
github.com/raghavkgarg/mycase/cmd/pipeline.go:420.4,420.54 4 0
github.com/raghavkgarg/mycase/cmd/pipeline.go:421.5,422.1 1 0
github.com/raghavkgarg/mycase/cmd/pipeline.go:423.4,424.1 2 0
github.com/raghavkgarg/mycase/cmd/pipeline.go:426.4,426.17 2 0
github.com/raghavkgarg/mycase/cmd/pipeline.go:427.5,427.74 1 0
github.com/raghavkgarg/mycase/cmd/pipeline.go:428.6,428.83 1 0
github.com/raghavkgarg/mycase/cmd/pipeline.go:429.7,430.1 1 0
github.com/raghavkgarg/mycase/cmd/pipeline.go:434.4,434.17 1 0
github.com/raghavkgarg/mycase/cmd/pipeline.go:436.4,437.1 1 0
github.com/raghavkgarg/mycase/cmd/pipeline.go:440.3,441.24 2 0
github.com/raghavkgarg/mycase/cmd/pipeline.go:442.4,443.1 1 0
github.com/raghavkgarg/mycase/cmd/pipeline.go:445.3,445.39 1 0
github.com/raghavkgarg/mycase/cmd/pipeline.go:446.4,447.25 2 0
github.com/raghavkgarg/mycase/cmd/pipeline.go:448.5,449.1 1 0
github.com/raghavkgarg/mycase/cmd/pipeline.go:451.4,451.24 1 0
github.com/raghavkgarg/mycase/cmd/pipeline.go:452.5,452.50 1 0
github.com/raghavkgarg/mycase/cmd/pipeline.go:453.6,454.21 2 0
github.com/raghavkgarg/mycase/cmd/pipeline.go:455.7,459.1 4 0
github.com/raghavkgarg/mycase/cmd/pipeline.go:460.7,461.22 4 0
github.com/raghavkgarg/mycase/cmd/pipeline.go:462.8,463.1 1 0
github.com/raghavkgarg/mycase/cmd/pipeline.go:463.14,463.37 1 0
github.com/raghavkgarg/mycase/cmd/pipeline.go:464.8,467.1 5 0
github.com/raghavkgarg/mycase/cmd/pipeline.go:468.8,469.101 5 0
github.com/raghavkgarg/mycase/cmd/pipeline.go:470.9,471.1 1 0
github.com/raghavkgarg/mycase/cmd/pipeline.go:472.9,473.1 4 0
github.com/raghavkgarg/mycase/cmd/pipeline.go:475.9,477.39 4 0
github.com/raghavkgarg/mycase/cmd/pipeline.go:478.10,480.1 6 0
github.com/raghavkgarg/mycase/cmd/pipeline.go:481.10,483.1 6 0
github.com/raghavkgarg/mycase/cmd/pipeline.go:484.10,486.1 6 0
github.com/raghavkgarg/mycase/cmd/pipeline.go:487.10,489.1 6 0
github.com/raghavkgarg/mycase/cmd/pipeline.go:490.9,491.1 2 0
github.com/raghavkgarg/mycase/cmd/pipeline.go:493.9,493.22 2 0
github.com/raghavkgarg/mycase/cmd/pipeline.go:494.10,494.79 1 0
github.com/raghavkgarg/mycase/cmd/pipeline.go:495.11,496.1 1 0
github.com/raghavkgarg/mycase/cmd/pipeline.go:500.8,501.1 1 0
github.com/raghavkgarg/mycase/cmd/pipeline.go:506.5,507.20 2 0
github.com/raghavkgarg/mycase/cmd/pipeline.go:508.6,510.21 3 0
github.com/raghavkgarg/mycase/cmd/pipeline.go:511.7,512.33 2 0
github.com/raghavkgarg/mycase/cmd/pipeline.go:513.8,513.30 1 0
github.com/raghavkgarg/mycase/cmd/pipeline.go:514.9,515.1 1 0
github.com/raghavkgarg/mycase/cmd/pipeline.go:517.7,517.22 1 0
github.com/raghavkgarg/mycase/cmd/pipeline.go:518.8,519.1 1 0
github.com/raghavkgarg/mycase/cmd/pipeline.go:520.8,521.1 1 0
github.com/raghavkgarg/mycase/cmd/pipeline.go:528.3,529.1 5 0
github.com/raghavkgarg/mycase/cmd/pipeline.go:530.3,532.1 5 0
github.com/raghavkgarg/mycase/cmd/pipeline.go:533.3,534.15 5 0
github.com/raghavkgarg/mycase/cmd/pipeline.go:535.4,538.1 3 0
github.com/raghavkgarg/mycase/cmd/pipeline.go:539.3,539.73 1 0
github.com/raghavkgarg/mycase/cmd/pipeline.go:540.4,540.48 1 0
github.com/raghavkgarg/mycase/cmd/pipeline.go:541.5,542.56 2 0
github.com/raghavkgarg/mycase/cmd/pipeline.go:543.6,544.1 1 0
github.com/raghavkgarg/mycase/cmd/pipeline.go:545.5,547.67 3 0
github.com/raghavkgarg/mycase/cmd/pipeline.go:548.6,549.1 1 0
github.com/raghavkgarg/mycase/cmd/pipeline.go:550.6,551.1 1 0
github.com/raghavkgarg/mycase/cmd/pipeline.go:553.4,553.74 1 0
github.com/raghavkgarg/mycase/cmd/pipeline.go:554.5,555.1 1 0
github.com/raghavkgarg/mycase/cmd/pipeline.go:556.4,557.1 2 0
github.com/raghavkgarg/mycase/cmd/pipeline.go:559.4,559.48 2 0
github.com/raghavkgarg/mycase/cmd/pipeline.go:560.5,560.92 1 0
github.com/raghavkgarg/mycase/cmd/pipeline.go:561.6,562.1 1 0
github.com/raghavkgarg/mycase/cmd/pipeline.go:563.6,564.1 1 0
github.com/raghavkgarg/mycase/cmd/pipeline.go:565.5,565.16 1 0
github.com/raghavkgarg/mycase/cmd/pipeline.go:567.4,567.16 1 0
github.com/raghavkgarg/mycase/cmd/pipeline.go:568.5,571.1 3 0
github.com/raghavkgarg/mycase/cmd/pipeline.go:573.4,575.1 2 0
github.com/raghavkgarg/mycase/cmd/pipeline.go:576.3,577.1 3 0
github.com/raghavkgarg/mycase/cmd/pipeline.go:579.3,580.75 3 0
github.com/raghavkgarg/mycase/cmd/pipeline.go:581.4,582.1 1 0
github.com/raghavkgarg/mycase/cmd/pipeline.go:583.3,586.1 5 0
github.com/raghavkgarg/mycase/cmd/pipeline.go:587.3,588.26 5 0
github.com/raghavkgarg/mycase/cmd/pipeline.go:589.4,594.1 5 0
github.com/raghavkgarg/mycase/cmd/pipeline.go:596.4,600.21 5 0
github.com/raghavkgarg/mycase/cmd/pipeline.go:601.5,602.1 1 0
github.com/raghavkgarg/mycase/cmd/pipeline.go:603.4,606.21 4 0
github.com/raghavkgarg/mycase/cmd/pipeline.go:607.5,608.1 1 0
github.com/raghavkgarg/mycase/cmd/pipeline.go:609.4,610.18 2 0
github.com/raghavkgarg/mycase/cmd/pipeline.go:611.5,612.1 1 0
github.com/raghavkgarg/mycase/cmd/pipeline.go:613.4,614.111 2 0
github.com/raghavkgarg/mycase/cmd/pipeline.go:615.5,616.1 1 0
github.com/raghavkgarg/mycase/cmd/pipeline.go:617.4,617.63 1 0
github.com/raghavkgarg/mycase/cmd/pipeline.go:618.5,619.1 1 0
github.com/raghavkgarg/mycase/cmd/pipeline.go:620.4,620.104 1 0
github.com/raghavkgarg/mycase/cmd/pipeline.go:621.5,622.1 1 0
github.com/raghavkgarg/mycase/cmd/pipeline.go:623.4,624.1 10 0
github.com/raghavkgarg/mycase/cmd/pipeline.go:626.4,633.1 10 0
github.com/raghavkgarg/mycase/cmd/pipeline.go:634.4,635.30 10 0
github.com/raghavkgarg/mycase/cmd/pipeline.go:636.5,637.1 1 0
github.com/raghavkgarg/mycase/cmd/pipeline.go:638.4,638.146 1 0
github.com/raghavkgarg/mycase/cmd/pipeline.go:639.5,640.1 1 0
github.com/raghavkgarg/mycase/cmd/pipeline.go:641.4,643.17 3 0
github.com/raghavkgarg/mycase/cmd/pipeline.go:647.2,648.47 2 0
github.com/raghavkgarg/mycase/cmd/pipeline.go:649.3,650.1 1 0
github.com/raghavkgarg/mycase/cmd/pipeline.go:651.2,651.34 1 0
github.com/raghavkgarg/mycase/cmd/pipeline.go:652.3,652.33 1 0
github.com/raghavkgarg/mycase/cmd/pipeline.go:653.4,655.21 3 0
github.com/raghavkgarg/mycase/cmd/pipeline.go:656.5,657.1 1 0
github.com/raghavkgarg/mycase/cmd/pipeline.go:660.2,660.30 1 0
github.com/raghavkgarg/mycase/cmd/pipeline.go:661.3,661.31 1 0
github.com/raghavkgarg/mycase/cmd/pipeline.go:662.4,664.21 3 0
github.com/raghavkgarg/mycase/cmd/pipeline.go:665.5,666.1 1 0
github.com/raghavkgarg/mycase/cmd/pipeline.go:670.2,671.32 2 0
github.com/raghavkgarg/mycase/cmd/pipeline.go:672.3,673.1 1 0
github.com/raghavkgarg/mycase/cmd/pipeline.go:673.9,673.38 1 0
github.com/raghavkgarg/mycase/cmd/pipeline.go:674.3,675.1 1 0
github.com/raghavkgarg/mycase/cmd/pipeline.go:677.3,681.67 5 0
github.com/raghavkgarg/mycase/cmd/pipeline.go:682.4,682.42 1 0
github.com/raghavkgarg/mycase/cmd/pipeline.go:683.5,684.1 1 0
github.com/raghavkgarg/mycase/cmd/pipeline.go:686.4,687.1 1 0
github.com/raghavkgarg/mycase/cmd/pipeline.go:688.3,689.1 6 0
github.com/raghavkgarg/mycase/cmd/pipeline.go:691.3,695.67 6 0
github.com/raghavkgarg/mycase/cmd/pipeline.go:696.4,698.88 3 0
github.com/raghavkgarg/mycase/cmd/pipeline.go:699.5,700.1 1 0
github.com/raghavkgarg/mycase/cmd/pipeline.go:702.4,703.1 1 0
github.com/raghavkgarg/mycase/cmd/pipeline.go:706.2,706.15 1 0
github.com/raghavkgarg/mycase/cmd/pipeline.go:707.3,710.43 4 0
github.com/raghavkgarg/mycase/cmd/pipeline.go:711.4,713.72 3 0
github.com/raghavkgarg/mycase/cmd/pipeline.go:714.5,715.1 1 0
github.com/raghavkgarg/mycase/cmd/pipeline.go:716.4,716.130 1 0
github.com/raghavkgarg/mycase/cmd/pipeline.go:718.3,719.27 2 0
github.com/raghavkgarg/mycase/cmd/pipeline.go:720.4,729.1 9 0
github.com/raghavkgarg/mycase/cmd/pipeline.go:730.3,732.141 3 0
github.com/raghavkgarg/mycase/cmd/pipeline.go:735.2,737.1 3 0
github.com/raghavkgarg/mycase/cmd/pipeline.go:739.2,739.15 3 0
github.com/raghavkgarg/mycase/cmd/pipeline.go:740.3,740.52 1 0
github.com/raghavkgarg/mycase/cmd/pipeline.go:741.4,742.1 1 0
github.com/raghavkgarg/mycase/cmd/pipeline.go:743.4,744.1 1 0
github.com/raghavkgarg/mycase/cmd/pipeline.go:747.2,747.12 1 0
github.com/raghavkgarg/mycase/cmd/pipeline.go:751.2,751.13 1 1
github.com/raghavkgarg/mycase/cmd/pipeline.go:752.3,753.1 1 1
github.com/raghavkgarg/mycase/cmd/pipeline.go:754.2,757.54 4 0
github.com/raghavkgarg/mycase/cmd/pipeline.go:758.3,759.1 1 0
github.com/raghavkgarg/mycase/cmd/pipeline.go:763.2,764.16 2 0
github.com/raghavkgarg/mycase/cmd/pipeline.go:765.3,766.1 1 0
github.com/raghavkgarg/mycase/cmd/pipeline.go:767.2,767.38 1 0
github.com/raghavkgarg/mycase/cmd/pipeline.go:772.2,773.16 2 0
github.com/raghavkgarg/mycase/cmd/pipeline.go:774.3,775.1 1 0
github.com/raghavkgarg/mycase/cmd/pipeline.go:777.2,780.1 3 0
github.com/raghavkgarg/mycase/cmd/pipeline.go:781.2,782.28 3 0
github.com/raghavkgarg/mycase/cmd/pipeline.go:783.3,784.1 1 0
github.com/raghavkgarg/mycase/cmd/pipeline.go:785.2,785.41 1 0
github.com/raghavkgarg/mycase/cmd/pipeline.go:786.3,787.1 1 0
github.com/raghavkgarg/mycase/cmd/pipeline.go:789.2,790.27 2 0
github.com/raghavkgarg/mycase/cmd/pipeline.go:791.3,797.1 1 0
github.com/raghavkgarg/mycase/cmd/pipeline.go:798.2,798.14 1 0
github.com/raghavkgarg/mycase/cmd/pipeline.go:803.2,804.16 2 0
github.com/raghavkgarg/mycase/cmd/pipeline.go:805.3,806.1 1 0
github.com/raghavkgarg/mycase/cmd/pipeline.go:807.2,810.1 3 0
github.com/raghavkgarg/mycase/cmd/pipeline.go:811.2,812.28 3 0
github.com/raghavkgarg/mycase/cmd/pipeline.go:813.3,814.1 1 0
github.com/raghavkgarg/mycase/cmd/pipeline.go:815.2,815.41 1 0
github.com/raghavkgarg/mycase/cmd/pipeline.go:816.3,817.1 1 0
github.com/raghavkgarg/mycase/cmd/pipeline.go:819.2,820.27 2 0
github.com/raghavkgarg/mycase/cmd/pipeline.go:821.3,826.1 1 0
github.com/raghavkgarg/mycase/cmd/pipeline.go:827.2,827.18 1 0
github.com/raghavkgarg/mycase/cmd/pipeline_diff.go:28.2,28.18 1 0
github.com/raghavkgarg/mycase/cmd/pipeline_diff.go:29.3,30.1 1 0
github.com/raghavkgarg/mycase/cmd/pipeline_diff.go:31.2,34.1 5 0
github.com/raghavkgarg/mycase/cmd/pipeline_diff.go:35.2,36.15 5 0
github.com/raghavkgarg/mycase/cmd/pipeline_diff.go:37.3,39.1 2 0
github.com/raghavkgarg/mycase/cmd/pipeline_diff.go:42.2,43.16 2 0
github.com/raghavkgarg/mycase/cmd/pipeline_diff.go:44.3,45.1 1 0
github.com/raghavkgarg/mycase/cmd/pipeline_diff.go:46.2,47.16 2 0
github.com/raghavkgarg/mycase/cmd/pipeline_diff.go:48.3,49.1 1 0
github.com/raghavkgarg/mycase/cmd/pipeline_diff.go:52.2,53.16 2 0
github.com/raghavkgarg/mycase/cmd/pipeline_diff.go:54.3,55.1 1 0
github.com/raghavkgarg/mycase/cmd/pipeline_diff.go:56.2,57.16 2 0
github.com/raghavkgarg/mycase/cmd/pipeline_diff.go:58.3,59.1 1 0
github.com/raghavkgarg/mycase/cmd/pipeline_diff.go:62.2,62.50 1 0
github.com/raghavkgarg/mycase/cmd/pipeline_diff.go:63.3,64.1 1 0
github.com/raghavkgarg/mycase/cmd/pipeline_diff.go:67.2,68.31 2 0
github.com/raghavkgarg/mycase/cmd/pipeline_diff.go:69.3,70.1 1 0
github.com/raghavkgarg/mycase/cmd/pipeline_diff.go:71.2,72.31 2 0
github.com/raghavkgarg/mycase/cmd/pipeline_diff.go:73.3,74.1 1 0
github.com/raghavkgarg/mycase/cmd/pipeline_diff.go:77.2,84.1 3 0
github.com/raghavkgarg/mycase/cmd/pipeline_diff.go:85.2,86.1 3 0
github.com/raghavkgarg/mycase/cmd/pipeline_diff.go:87.2,87.31 3 0
github.com/raghavkgarg/mycase/cmd/pipeline_diff.go:88.3,89.15 2 0
github.com/raghavkgarg/mycase/cmd/pipeline_diff.go:90.4,91.1 1 0
github.com/raghavkgarg/mycase/cmd/pipeline_diff.go:91.10,91.69 1 0
github.com/raghavkgarg/mycase/cmd/pipeline_diff.go:92.4,93.1 1 0
github.com/raghavkgarg/mycase/cmd/pipeline_diff.go:95.2,95.31 1 0
github.com/raghavkgarg/mycase/cmd/pipeline_diff.go:96.3,96.41 1 0
github.com/raghavkgarg/mycase/cmd/pipeline_diff.go:97.4,98.1 1 0
github.com/raghavkgarg/mycase/cmd/pipeline_diff.go:101.2,109.1 5 0
github.com/raghavkgarg/mycase/cmd/pipeline_diff.go:110.2,110.23 5 0
github.com/raghavkgarg/mycase/cmd/pipeline_diff.go:111.3,113.1 2 0
github.com/raghavkgarg/mycase/cmd/pipeline_diff.go:115.2,116.28 2 0
github.com/raghavkgarg/mycase/cmd/pipeline_diff.go:117.3,118.19 2 0
github.com/raghavkgarg/mycase/cmd/pipeline_diff.go:120.4,122.33 3 0
github.com/raghavkgarg/mycase/cmd/pipeline_diff.go:124.4,126.18 3 0
github.com/raghavkgarg/mycase/cmd/pipeline_diff.go:128.4,130.33 3 0
github.com/raghavkgarg/mycase/cmd/pipeline_diff.go:132.3,132.77 1 0
github.com/raghavkgarg/mycase/cmd/pipeline_diff.go:134.2,139.1 3 0
github.com/raghavkgarg/mycase/cmd/pipeline_diff.go:141.2,142.28 3 0
github.com/raghavkgarg/mycase/cmd/pipeline_diff.go:143.3,143.19 1 0
github.com/raghavkgarg/mycase/cmd/pipeline_diff.go:145.4,145.11 1 0
github.com/raghavkgarg/mycase/cmd/pipeline_diff.go:147.4,147.13 1 0
github.com/raghavkgarg/mycase/cmd/pipeline_diff.go:149.4,149.13 1 0
github.com/raghavkgarg/mycase/cmd/pipeline_diff.go:152.2,153.1 2 0
github.com/raghavkgarg/mycase/cmd/pipeline_diff.go:154.2,154.23 2 0
github.com/raghavkgarg/mycase/cmd/pipeline_diff.go:155.3,155.71 1 0
github.com/raghavkgarg/mycase/cmd/pipeline_diff.go:156.4,157.1 1 0
github.com/raghavkgarg/mycase/cmd/pipeline_diff.go:159.2,159.12 1 0
github.com/raghavkgarg/mycase/cmd/pipeline_diff.go:172.55,172.69 1 0
github.com/raghavkgarg/mycase/cmd/pipeline_diff.go:173.63,173.84 1 0
github.com/raghavkgarg/mycase/cmd/pipeline_diff.go:174.61,174.80 1 0
github.com/raghavkgarg/mycase/cmd/pipeline_diff.go:175.56,175.71 1 0
github.com/raghavkgarg/mycase/cmd/pipeline_diff.go:176.62,176.82 1 0
github.com/raghavkgarg/mycase/cmd/pipeline_diff.go:177.64,177.86 1 0
github.com/raghavkgarg/mycase/cmd/pipeline_diff.go:178.61,178.80 1 0
github.com/raghavkgarg/mycase/cmd/pipeline_diff.go:187.2,188.16 2 0
github.com/raghavkgarg/mycase/cmd/pipeline_diff.go:189.3,190.1 1 0
github.com/raghavkgarg/mycase/cmd/pipeline_diff.go:191.2,192.16 2 0
github.com/raghavkgarg/mycase/cmd/pipeline_diff.go:193.3,194.1 1 0
github.com/raghavkgarg/mycase/cmd/pipeline_diff.go:196.2,199.1 4 0
github.com/raghavkgarg/mycase/cmd/pipeline_diff.go:200.2,200.38 4 0
github.com/raghavkgarg/mycase/cmd/pipeline_diff.go:201.3,203.1 2 0
github.com/raghavkgarg/mycase/cmd/pipeline_diff.go:205.2,206.25 2 0
github.com/raghavkgarg/mycase/cmd/pipeline_diff.go:207.3,208.1 1 0
github.com/raghavkgarg/mycase/cmd/pipeline_diff.go:209.2,210.25 2 0
github.com/raghavkgarg/mycase/cmd/pipeline_diff.go:211.3,212.1 1 0
github.com/raghavkgarg/mycase/cmd/pipeline_diff.go:216.2,217.27 2 0
github.com/raghavkgarg/mycase/cmd/pipeline_diff.go:218.3,218.32 1 0
github.com/raghavkgarg/mycase/cmd/pipeline_diff.go:219.4,220.1 1 0
github.com/raghavkgarg/mycase/cmd/pipeline_diff.go:222.2,223.1 3 0
github.com/raghavkgarg/mycase/cmd/pipeline_diff.go:224.2,225.32 3 0
github.com/raghavkgarg/mycase/cmd/pipeline_diff.go:226.3,227.44 2 0
github.com/raghavkgarg/mycase/cmd/pipeline_diff.go:228.4,229.26 2 0
github.com/raghavkgarg/mycase/cmd/pipeline_diff.go:230.5,230.13 1 0
github.com/raghavkgarg/mycase/cmd/pipeline_diff.go:232.4,232.25 1 0
github.com/raghavkgarg/mycase/cmd/pipeline_diff.go:233.5,233.13 1 0
github.com/raghavkgarg/mycase/cmd/pipeline_diff.go:235.4,241.6 1 0
github.com/raghavkgarg/mycase/cmd/pipeline_diff.go:245.2,245.20 1 0
github.com/raghavkgarg/mycase/cmd/pipeline_diff.go:246.3,248.1 2 0
github.com/raghavkgarg/mycase/cmd/pipeline_diff.go:250.2,257.12 2 0
github.com/raghavkgarg/mycase/cmd/pipeline_diff.go:261.2,261.9 1 1
github.com/raghavkgarg/mycase/cmd/pipeline_diff.go:262.3,263.1 1 1
github.com/raghavkgarg/mycase/cmd/pipeline_diff.go:264.2,264.31 1 1
github.com/raghavkgarg/mycase/cmd/pipeline_diff.go:268.2,269.11 2 1
github.com/raghavkgarg/mycase/cmd/pipeline_diff.go:270.3,272.1 2 1
github.com/raghavkgarg/mycase/cmd/pipeline_diff.go:273.2,273.9 1 1
github.com/raghavkgarg/mycase/cmd/pipeline_diff.go:274.3,275.1 1 1
github.com/raghavkgarg/mycase/cmd/pipeline_diff.go:276.2,276.39 1 1
github.com/raghavkgarg/mycase/cmd/pipeline_diff.go:280.2,281.16 2 0
github.com/raghavkgarg/mycase/cmd/pipeline_diff.go:282.3,283.1 1 0
github.com/raghavkgarg/mycase/cmd/pipeline_diff.go:284.2,285.16 2 0
github.com/raghavkgarg/mycase/cmd/pipeline_diff.go:286.3,287.1 1 0
github.com/raghavkgarg/mycase/cmd/pipeline_diff.go:289.2,289.42 1 0
github.com/raghavkgarg/mycase/cmd/pipeline_diff.go:290.3,292.1 2 0
github.com/raghavkgarg/mycase/cmd/pipeline_diff.go:294.2,295.27 2 0
github.com/raghavkgarg/mycase/cmd/pipeline_diff.go:296.3,297.1 1 0
github.com/raghavkgarg/mycase/cmd/pipeline_diff.go:298.2,299.27 2 0
github.com/raghavkgarg/mycase/cmd/pipeline_diff.go:300.3,301.1 1 0
github.com/raghavkgarg/mycase/cmd/pipeline_diff.go:303.2,310.1 6 0
github.com/raghavkgarg/mycase/cmd/pipeline_diff.go:311.2,312.27 6 0
github.com/raghavkgarg/mycase/cmd/pipeline_diff.go:313.3,313.22 1 0
github.com/raghavkgarg/mycase/cmd/pipeline_diff.go:314.4,315.1 1 0
github.com/raghavkgarg/mycase/cmd/pipeline_diff.go:317.2,317.27 1 0
github.com/raghavkgarg/mycase/cmd/pipeline_diff.go:318.3,318.22 1 0
github.com/raghavkgarg/mycase/cmd/pipeline_diff.go:319.4,320.1 1 0
github.com/raghavkgarg/mycase/cmd/pipeline_diff.go:323.2,323.20 1 0
github.com/raghavkgarg/mycase/cmd/pipeline_diff.go:324.3,325.1 1 0
github.com/raghavkgarg/mycase/cmd/pipeline_diff.go:326.2,326.22 1 0
github.com/raghavkgarg/mycase/cmd/pipeline_diff.go:327.3,328.1 1 0
github.com/raghavkgarg/mycase/cmd/pipeline_diff.go:329.2,329.42 1 0
github.com/raghavkgarg/mycase/cmd/pipeline_diff.go:330.3,331.1 1 0
github.com/raghavkgarg/mycase/cmd/pipeline_diff.go:332.2,332.12 1 0
github.com/raghavkgarg/mycase/cmd/pipeline_diff.go:336.2,336.11 1 0
github.com/raghavkgarg/mycase/cmd/pipeline_diff.go:337.3,338.1 1 0
github.com/raghavkgarg/mycase/cmd/pipeline_diff.go:339.2,339.10 1 0
github.com/raghavkgarg/mycase/cmd/pipeline_history.go:25.2,26.15 2 0
github.com/raghavkgarg/mycase/cmd/pipeline_history.go:27.3,29.1 2 0
github.com/raghavkgarg/mycase/cmd/pipeline_history.go:31.2,33.1 5 0
github.com/raghavkgarg/mycase/cmd/pipeline_history.go:34.2,36.21 5 0
github.com/raghavkgarg/mycase/cmd/pipeline_history.go:37.3,38.1 1 0
github.com/raghavkgarg/mycase/cmd/pipeline_history.go:39.3,40.1 1 0
github.com/raghavkgarg/mycase/cmd/pipeline_history.go:41.2,41.16 1 0
github.com/raghavkgarg/mycase/cmd/pipeline_history.go:42.3,43.1 1 0
github.com/raghavkgarg/mycase/cmd/pipeline_history.go:45.2,45.20 1 0
github.com/raghavkgarg/mycase/cmd/pipeline_history.go:46.3,48.1 2 0
github.com/raghavkgarg/mycase/cmd/pipeline_history.go:50.2,51.25 2 0
github.com/raghavkgarg/mycase/cmd/pipeline_history.go:52.3,53.30 2 0
github.com/raghavkgarg/mycase/cmd/pipeline_history.go:54.4,55.24 2 0
github.com/raghavkgarg/mycase/cmd/pipeline_history.go:56.5,57.1 1 0
github.com/raghavkgarg/mycase/cmd/pipeline_history.go:58.5,59.1 1 0
github.com/raghavkgarg/mycase/cmd/pipeline_history.go:61.3,68.5 1 0
github.com/raghavkgarg/mycase/cmd/pipeline_history.go:71.2,75.1 3 0
github.com/raghavkgarg/mycase/cmd/pipeline_history.go:76.2,77.12 3 0
github.com/raghavkgarg/mycase/cmd/pipeline_history.go:81.2,81.11 1 0
github.com/raghavkgarg/mycase/cmd/pipeline_history.go:83.3,83.15 1 0
github.com/raghavkgarg/mycase/cmd/pipeline_history.go:85.3,85.15 1 0
github.com/raghavkgarg/mycase/cmd/pipeline_history.go:87.3,87.15 1 0
github.com/raghavkgarg/mycase/cmd/pipeline_history.go:89.3,89.15 1 0
github.com/raghavkgarg/mycase/cmd/pipeline_history.go:91.3,91.13 1 0
github.com/raghavkgarg/mycase/cmd/pipeline_reconcile.go:35.2,35.18 1 0
github.com/raghavkgarg/mycase/cmd/pipeline_reconcile.go:36.3,37.1 1 0
github.com/raghavkgarg/mycase/cmd/pipeline_reconcile.go:38.2,39.1 3 0
github.com/raghavkgarg/mycase/cmd/pipeline_reconcile.go:40.2,41.28 3 0
github.com/raghavkgarg/mycase/cmd/pipeline_reconcile.go:42.3,43.1 1 0
github.com/raghavkgarg/mycase/cmd/pipeline_reconcile.go:45.2,46.15 2 0
github.com/raghavkgarg/mycase/cmd/pipeline_reconcile.go:47.3,48.1 1 0
github.com/raghavkgarg/mycase/cmd/pipeline_reconcile.go:50.2,51.16 2 0
github.com/raghavkgarg/mycase/cmd/pipeline_reconcile.go:52.3,53.1 1 0
github.com/raghavkgarg/mycase/cmd/pipeline_reconcile.go:58.2,60.38 3 0
github.com/raghavkgarg/mycase/cmd/pipeline_reconcile.go:61.3,62.1 1 0
github.com/raghavkgarg/mycase/cmd/pipeline_reconcile.go:64.2,65.19 2 0
github.com/raghavkgarg/mycase/cmd/pipeline_reconcile.go:66.3,67.1 1 0
github.com/raghavkgarg/mycase/cmd/pipeline_reconcile.go:68.2,69.16 2 0
github.com/raghavkgarg/mycase/cmd/pipeline_reconcile.go:70.3,71.1 1 0
github.com/raghavkgarg/mycase/cmd/pipeline_reconcile.go:73.2,81.1 6 0
github.com/raghavkgarg/mycase/cmd/pipeline_reconcile.go:84.2,85.90 6 0
github.com/raghavkgarg/mycase/cmd/pipeline_reconcile.go:86.3,87.25 2 0
github.com/raghavkgarg/mycase/cmd/pipeline_reconcile.go:88.4,89.1 1 0
github.com/raghavkgarg/mycase/cmd/pipeline_reconcile.go:90.3,91.17 2 0
github.com/raghavkgarg/mycase/cmd/pipeline_reconcile.go:92.4,94.1 1 0
github.com/raghavkgarg/mycase/cmd/pipeline_reconcile.go:95.3,95.30 1 0
github.com/raghavkgarg/mycase/cmd/pipeline_reconcile.go:98.2,100.24 3 0
github.com/raghavkgarg/mycase/cmd/pipeline_reconcile.go:101.3,104.1 3 0
github.com/raghavkgarg/mycase/cmd/pipeline_reconcile.go:106.2,108.29 3 0
github.com/raghavkgarg/mycase/cmd/pipeline_reconcile.go:109.3,110.1 1 0
github.com/raghavkgarg/mycase/cmd/pipeline_reconcile.go:111.2,117.1 3 0
github.com/raghavkgarg/mycase/cmd/pipeline_reconcile.go:118.2,118.23 3 0
github.com/raghavkgarg/mycase/cmd/pipeline_reconcile.go:119.3,121.1 2 0
github.com/raghavkgarg/mycase/cmd/pipeline_reconcile.go:126.2,126.69 1 0
github.com/raghavkgarg/mycase/cmd/pipeline_reconcile.go:127.3,128.1 1 0
github.com/raghavkgarg/mycase/cmd/pipeline_reconcile.go:129.2,129.74 1 0
github.com/raghavkgarg/mycase/cmd/pipeline_reconcile.go:130.3,131.1 1 0
github.com/raghavkgarg/mycase/cmd/pipeline_reconcile.go:133.2,135.12 3 0
github.com/raghavkgarg/mycase/cmd/pipeline_show.go:23.2,23.18 1 0
github.com/raghavkgarg/mycase/cmd/pipeline_show.go:24.3,25.1 1 0
github.com/raghavkgarg/mycase/cmd/pipeline_show.go:26.2,27.1 3 0
github.com/raghavkgarg/mycase/cmd/pipeline_show.go:28.2,29.15 3 0
github.com/raghavkgarg/mycase/cmd/pipeline_show.go:30.3,32.1 2 0
github.com/raghavkgarg/mycase/cmd/pipeline_show.go:35.2,36.16 2 0
github.com/raghavkgarg/mycase/cmd/pipeline_show.go:37.3,38.1 1 0
github.com/raghavkgarg/mycase/cmd/pipeline_show.go:40.2,47.1 4 0
github.com/raghavkgarg/mycase/cmd/pipeline_show.go:48.2,48.31 4 0
github.com/raghavkgarg/mycase/cmd/pipeline_show.go:49.3,53.1 1 0
github.com/raghavkgarg/mycase/cmd/pipeline_show.go:54.2,56.1 4 0
github.com/raghavkgarg/mycase/cmd/pipeline_show.go:58.2,59.16 4 0
github.com/raghavkgarg/mycase/cmd/pipeline_show.go:60.3,61.1 1 0
github.com/raghavkgarg/mycase/cmd/pipeline_show.go:62.2,62.23 1 0
github.com/raghavkgarg/mycase/cmd/pipeline_show.go:63.3,65.30 3 0
github.com/raghavkgarg/mycase/cmd/pipeline_show.go:66.4,70.1 1 0
github.com/raghavkgarg/mycase/cmd/pipeline_show.go:71.3,76.20 2 0
github.com/raghavkgarg/mycase/cmd/pipeline_show.go:80.2,81.64 2 0
github.com/raghavkgarg/mycase/cmd/pipeline_show.go:82.3,83.17 2 0
github.com/raghavkgarg/mycase/cmd/pipeline_show.go:84.4,85.1 1 0
github.com/raghavkgarg/mycase/cmd/pipeline_show.go:86.3,86.26 1 0
github.com/raghavkgarg/mycase/cmd/pipeline_show.go:87.4,87.12 1 0
github.com/raghavkgarg/mycase/cmd/pipeline_show.go:89.3,92.31 4 0
github.com/raghavkgarg/mycase/cmd/pipeline_show.go:93.4,97.1 1 0
github.com/raghavkgarg/mycase/cmd/pipeline_show.go:98.3,103.20 2 0
github.com/raghavkgarg/mycase/cmd/pipeline_show.go:107.2,108.16 2 0
github.com/raghavkgarg/mycase/cmd/pipeline_show.go:109.3,110.1 1 0
github.com/raghavkgarg/mycase/cmd/pipeline_show.go:111.2,111.25 1 0
github.com/raghavkgarg/mycase/cmd/pipeline_show.go:112.3,114.32 3 0
github.com/raghavkgarg/mycase/cmd/pipeline_show.go:115.4,116.22 2 0
github.com/raghavkgarg/mycase/cmd/pipeline_show.go:117.5,118.1 1 0
github.com/raghavkgarg/mycase/cmd/pipeline_show.go:119.4,123.6 1 0
github.com/raghavkgarg/mycase/cmd/pipeline_show.go:125.3,133.20 2 0
github.com/raghavkgarg/mycase/cmd/pipeline_show.go:136.2,136.65 1 0
github.com/raghavkgarg/mycase/cmd/pipeline_show.go:137.3,138.1 1 0
github.com/raghavkgarg/mycase/cmd/pipeline_show.go:140.2,140.12 1 0
github.com/raghavkgarg/mycase/cmd/pipeline_show.go:146.2,147.17 2 0
github.com/raghavkgarg/mycase/cmd/pipeline_show.go:148.3,149.1 1 0
github.com/raghavkgarg/mycase/cmd/pipeline_show.go:150.2,150.21 1 0
github.com/raghavkgarg/mycase/cmd/pipeline_show.go:151.3,152.1 1 0
github.com/raghavkgarg/mycase/cmd/pipeline_show.go:153.2,153.22 1 0
github.com/raghavkgarg/mycase/cmd/pipeline_show.go:154.3,155.1 1 0
github.com/raghavkgarg/mycase/cmd/pipeline_show.go:156.2,156.24 1 0
github.com/raghavkgarg/mycase/cmd/pipeline_show.go:157.3,158.1 1 0
github.com/raghavkgarg/mycase/cmd/pipeline_show.go:159.2,159.23 1 0
github.com/raghavkgarg/mycase/cmd/pipeline_show.go:160.3,161.1 1 0
github.com/raghavkgarg/mycase/cmd/pipeline_show.go:162.2,162.16 1 0
github.com/raghavkgarg/mycase/cmd/pipeline_show.go:163.3,164.1 1 0
github.com/raghavkgarg/mycase/cmd/pipeline_show.go:165.2,165.21 1 0
github.com/raghavkgarg/mycase/cmd/pipeline_show.go:166.3,167.1 1 0
github.com/raghavkgarg/mycase/cmd/pipeline_show.go:168.2,168.34 1 0
github.com/raghavkgarg/mycase/cmd/pipeline_show.go:173.2,173.16 1 0
github.com/raghavkgarg/mycase/cmd/pipeline_show.go:174.3,175.1 1 0
github.com/raghavkgarg/mycase/cmd/pipeline_show.go:176.2,176.35 1 0
github.com/raghavkgarg/mycase/cmd/pipeline_show.go:182.2,183.1 1 0
github.com/raghavkgarg/mycase/cmd/pipeline_show.go:187.2,187.13 1 0
github.com/raghavkgarg/mycase/cmd/pipeline_show.go:188.3,189.1 1 0
github.com/raghavkgarg/mycase/cmd/pipeline_show.go:190.2,190.10 1 0
github.com/raghavkgarg/mycase/cmd/pit.go:27.3,27.25 1 0
github.com/raghavkgarg/mycase/cmd/pit.go:28.4,29.1 1 0
github.com/raghavkgarg/mycase/cmd/pit.go:30.3,30.29 1 0
github.com/raghavkgarg/mycase/cmd/pit.go:57.5,57.25 1 0
github.com/raghavkgarg/mycase/cmd/pit.go:58.6,59.1 1 0
github.com/raghavkgarg/mycase/cmd/pit.go:60.5,60.27 1 0
github.com/raghavkgarg/mycase/cmd/pit.go:61.6,62.1 1 0
github.com/raghavkgarg/mycase/cmd/pit.go:63.5,63.31 1 0
github.com/raghavkgarg/mycase/cmd/pit.go:130.2,134.1 12 0
github.com/raghavkgarg/mycase/cmd/pit.go:135.2,140.1 12 0
github.com/raghavkgarg/mycase/cmd/pit.go:141.2,143.16 12 0
github.com/raghavkgarg/mycase/cmd/pit.go:144.3,145.14 2 0
github.com/raghavkgarg/mycase/cmd/pit.go:146.4,147.1 1 0
github.com/raghavkgarg/mycase/cmd/pit.go:148.3,149.25 2 0
github.com/raghavkgarg/mycase/cmd/pit.go:150.4,156.1 5 0
github.com/raghavkgarg/mycase/cmd/pit.go:159.2,168.1 3 0
github.com/raghavkgarg/mycase/cmd/pit.go:170.2,170.51 3 0
github.com/raghavkgarg/mycase/cmd/pit.go:171.3,172.1 1 0
github.com/raghavkgarg/mycase/cmd/pit.go:175.2,175.53 1 0
github.com/raghavkgarg/mycase/cmd/pit.go:176.3,176.122 1 0
github.com/raghavkgarg/mycase/cmd/pit.go:177.4,177.35 1 0
github.com/raghavkgarg/mycase/cmd/pit.go:178.5,180.42 2 0
github.com/raghavkgarg/mycase/cmd/pit.go:181.6,182.1 1 0
github.com/raghavkgarg/mycase/cmd/pit.go:183.5,183.100 1 0
github.com/raghavkgarg/mycase/cmd/pit.go:185.5,187.1 1 0
github.com/raghavkgarg/mycase/cmd/pit.go:189.3,189.16 1 0
github.com/raghavkgarg/mycase/cmd/pit.go:192.2,193.12 2 0
github.com/raghavkgarg/mycase/cmd/pit.go:197.2,201.1 6 0
github.com/raghavkgarg/mycase/cmd/pit.go:202.2,203.16 6 0
github.com/raghavkgarg/mycase/cmd/pit.go:204.3,205.1 1 0
github.com/raghavkgarg/mycase/cmd/pit.go:206.2,207.1 2 0
github.com/raghavkgarg/mycase/cmd/pit.go:209.2,209.118 2 0
github.com/raghavkgarg/mycase/cmd/pit.go:210.3,210.34 1 0
github.com/raghavkgarg/mycase/cmd/pit.go:211.4,213.41 2 0
github.com/raghavkgarg/mycase/cmd/pit.go:214.5,215.1 1 0
github.com/raghavkgarg/mycase/cmd/pit.go:216.4,216.99 1 0
github.com/raghavkgarg/mycase/cmd/pit.go:220.2,220.18 1 0
github.com/raghavkgarg/mycase/cmd/pit.go:221.3,221.41 1 0
github.com/raghavkgarg/mycase/cmd/pit.go:222.4,223.1 1 0
github.com/raghavkgarg/mycase/cmd/pit.go:224.3,225.23 2 0
github.com/raghavkgarg/mycase/cmd/pit.go:226.4,227.1 1 0
github.com/raghavkgarg/mycase/cmd/pit.go:228.3,229.24 2 0
github.com/raghavkgarg/mycase/cmd/pit.go:230.4,231.1 1 0
github.com/raghavkgarg/mycase/cmd/pit.go:232.3,233.17 2 0
github.com/raghavkgarg/mycase/cmd/pit.go:234.4,235.1 1 0
github.com/raghavkgarg/mycase/cmd/pit.go:236.3,239.21 4 0
github.com/raghavkgarg/mycase/cmd/pit.go:240.4,242.1 2 0
github.com/raghavkgarg/mycase/cmd/pit.go:243.3,246.26 3 0
github.com/raghavkgarg/mycase/cmd/pit.go:247.4,248.23 2 0
github.com/raghavkgarg/mycase/cmd/pit.go:249.5,250.1 1 0
github.com/raghavkgarg/mycase/cmd/pit.go:251.4,252.18 2 0
github.com/raghavkgarg/mycase/cmd/pit.go:253.5,254.1 1 0
github.com/raghavkgarg/mycase/cmd/pit.go:255.4,256.137 1 0
github.com/raghavkgarg/mycase/cmd/pit.go:258.3,259.13 2 0
github.com/raghavkgarg/mycase/cmd/pit.go:263.2,264.16 2 0
github.com/raghavkgarg/mycase/cmd/pit.go:265.3,266.1 1 0
github.com/raghavkgarg/mycase/cmd/pit.go:268.2,269.16 2 0
github.com/raghavkgarg/mycase/cmd/pit.go:270.3,271.1 1 0
github.com/raghavkgarg/mycase/cmd/pit.go:273.2,279.14 7 0
github.com/raghavkgarg/mycase/cmd/pit.go:280.3,281.1 1 0
github.com/raghavkgarg/mycase/cmd/pit.go:282.3,283.1 1 0
github.com/raghavkgarg/mycase/cmd/pit.go:284.2,295.25 12 0
github.com/raghavkgarg/mycase/cmd/pit.go:296.3,298.1 1 0
github.com/raghavkgarg/mycase/cmd/pit.go:299.2,300.1 2 0
github.com/raghavkgarg/mycase/cmd/pit.go:301.2,301.12 2 0
github.com/raghavkgarg/mycase/cmd/pit.go:305.2,309.21 5 0
github.com/raghavkgarg/mycase/cmd/pit.go:310.3,311.17 2 0
github.com/raghavkgarg/mycase/cmd/pit.go:312.4,313.1 1 0
github.com/raghavkgarg/mycase/cmd/pit.go:314.3,315.65 2 0
github.com/raghavkgarg/mycase/cmd/pit.go:317.2,317.77 1 0
github.com/raghavkgarg/mycase/cmd/pit.go:322.2,323.1 1 0
github.com/raghavkgarg/mycase/cmd/pit.go:327.2,328.20 2 0
github.com/raghavkgarg/mycase/cmd/pit.go:329.3,330.1 1 0
github.com/raghavkgarg/mycase/cmd/pit.go:331.2,331.18 1 0
github.com/raghavkgarg/mycase/cmd/pit.go:332.3,333.1 1 0
github.com/raghavkgarg/mycase/cmd/pit.go:335.2,336.16 2 0
github.com/raghavkgarg/mycase/cmd/pit.go:337.3,338.1 1 0
github.com/raghavkgarg/mycase/cmd/pit.go:339.2,340.1 2 0
github.com/raghavkgarg/mycase/cmd/pit.go:341.2,341.75 2 0
github.com/raghavkgarg/mycase/cmd/pit.go:345.2,347.18 3 0
github.com/raghavkgarg/mycase/cmd/pit.go:348.3,349.1 1 0
github.com/raghavkgarg/mycase/cmd/pit.go:351.2,352.16 2 0
github.com/raghavkgarg/mycase/cmd/pit.go:353.3,354.1 1 0
github.com/raghavkgarg/mycase/cmd/pit.go:355.2,356.1 3 0
github.com/raghavkgarg/mycase/cmd/pit.go:357.2,358.36 3 0
github.com/raghavkgarg/mycase/cmd/pit.go:359.3,360.23 2 0
github.com/raghavkgarg/mycase/cmd/pit.go:361.4,362.1 1 0
github.com/raghavkgarg/mycase/cmd/pit.go:365.2,365.68 1 0
github.com/raghavkgarg/mycase/cmd/pit.go:369.2,372.1 5 0
github.com/raghavkgarg/mycase/cmd/pit.go:373.2,374.16 5 0
github.com/raghavkgarg/mycase/cmd/pit.go:375.3,376.1 1 0
github.com/raghavkgarg/mycase/cmd/pit.go:378.2,379.16 2 0
github.com/raghavkgarg/mycase/cmd/pit.go:380.3,381.59 2 0
github.com/raghavkgarg/mycase/cmd/pit.go:382.4,383.1 1 0
github.com/raghavkgarg/mycase/cmd/pit.go:384.4,385.1 1 0
github.com/raghavkgarg/mycase/cmd/pit.go:388.2,388.12 1 0
github.com/raghavkgarg/mycase/cmd/pit.go:392.2,394.1 4 0
github.com/raghavkgarg/mycase/cmd/pit.go:395.2,396.16 4 0
github.com/raghavkgarg/mycase/cmd/pit.go:397.3,398.1 1 0
github.com/raghavkgarg/mycase/cmd/pit.go:399.2,400.1 2 0
github.com/raghavkgarg/mycase/cmd/pit.go:401.2,401.53 2 0
github.com/raghavkgarg/mycase/cmd/pit.go:405.2,410.1 7 0
github.com/raghavkgarg/mycase/cmd/pit.go:411.2,412.16 7 0
github.com/raghavkgarg/mycase/cmd/pit.go:413.3,414.1 1 0
github.com/raghavkgarg/mycase/cmd/pit.go:415.2,416.1 3 0
github.com/raghavkgarg/mycase/cmd/pit.go:417.2,418.16 3 0
github.com/raghavkgarg/mycase/cmd/pit.go:419.3,420.1 1 0
github.com/raghavkgarg/mycase/cmd/pit.go:422.2,423.12 2 0
github.com/raghavkgarg/mycase/cmd/pit.go:427.2,431.1 6 0
github.com/raghavkgarg/mycase/cmd/pit.go:432.2,433.16 6 0
github.com/raghavkgarg/mycase/cmd/pit.go:434.3,435.1 1 0
github.com/raghavkgarg/mycase/cmd/pit.go:436.2,437.1 4 0
github.com/raghavkgarg/mycase/cmd/pit.go:438.2,440.1 4 0
github.com/raghavkgarg/mycase/cmd/pit.go:442.2,443.16 4 0
github.com/raghavkgarg/mycase/cmd/pit.go:444.3,445.1 1 0
github.com/raghavkgarg/mycase/cmd/pit.go:447.2,448.1 2 0
github.com/raghavkgarg/mycase/cmd/pit.go:449.2,449.11 2 0
github.com/raghavkgarg/mycase/cmd/pit.go:450.3,450.27 1 0
github.com/raghavkgarg/mycase/cmd/pit.go:451.4,453.1 2 0
github.com/raghavkgarg/mycase/cmd/pit.go:454.3,454.80 1 0
github.com/raghavkgarg/mycase/cmd/pit.go:455.4,456.1 1 0
github.com/raghavkgarg/mycase/cmd/pit.go:459.2,459.12 1 0
github.com/raghavkgarg/mycase/cmd/raw.go:90.2,96.16 3 0
github.com/raghavkgarg/mycase/cmd/raw.go:97.3,98.1 1 0
github.com/raghavkgarg/mycase/cmd/raw.go:99.2,99.23 1 0
github.com/raghavkgarg/mycase/cmd/raw.go:100.3,102.1 2 0
github.com/raghavkgarg/mycase/cmd/raw.go:104.2,104.69 1 0
github.com/raghavkgarg/mycase/cmd/raw.go:105.3,106.1 1 0
github.com/raghavkgarg/mycase/cmd/raw.go:108.2,110.28 3 0
github.com/raghavkgarg/mycase/cmd/raw.go:111.3,112.16 2 0
github.com/raghavkgarg/mycase/cmd/raw.go:113.4,114.1 1 0
github.com/raghavkgarg/mycase/cmd/raw.go:115.3,120.18 2 0
github.com/raghavkgarg/mycase/cmd/raw.go:122.2,128.12 2 0
github.com/raghavkgarg/mycase/cmd/raw.go:132.2,135.9 4 0
github.com/raghavkgarg/mycase/cmd/raw.go:136.3,137.1 1 0
github.com/raghavkgarg/mycase/cmd/raw.go:138.2,139.16 2 0
github.com/raghavkgarg/mycase/cmd/raw.go:140.3,141.1 1 0
github.com/raghavkgarg/mycase/cmd/raw.go:143.2,144.46 2 0
github.com/raghavkgarg/mycase/cmd/raw.go:145.3,146.1 1 0
github.com/raghavkgarg/mycase/cmd/raw.go:147.3,149.1 2 0
github.com/raghavkgarg/mycase/cmd/raw.go:150.2,150.12 1 0
github.com/raghavkgarg/mycase/cmd/raw.go:154.2,157.9 4 0
github.com/raghavkgarg/mycase/cmd/raw.go:158.3,158.18 1 0
github.com/raghavkgarg/mycase/cmd/raw.go:160.4,162.1 2 0
github.com/raghavkgarg/mycase/cmd/raw.go:163.3,163.27 1 0
github.com/raghavkgarg/mycase/cmd/raw.go:165.2,166.12 2 0
github.com/raghavkgarg/mycase/cmd/raw.go:170.2,172.1 4 0
github.com/raghavkgarg/mycase/cmd/raw.go:175.2,180.16 4 0
github.com/raghavkgarg/mycase/cmd/raw.go:181.3,182.1 1 0
github.com/raghavkgarg/mycase/cmd/raw.go:183.2,183.23 1 0
github.com/raghavkgarg/mycase/cmd/raw.go:184.3,184.19 1 0
github.com/raghavkgarg/mycase/cmd/raw.go:185.4,187.1 1 0
github.com/raghavkgarg/mycase/cmd/raw.go:188.3,189.65 1 0
github.com/raghavkgarg/mycase/cmd/raw.go:193.2,195.16 3 0
github.com/raghavkgarg/mycase/cmd/raw.go:196.3,197.1 1 0
github.com/raghavkgarg/mycase/cmd/raw.go:199.2,200.16 2 0
github.com/raghavkgarg/mycase/cmd/raw.go:201.3,202.1 1 0
github.com/raghavkgarg/mycase/cmd/raw.go:204.2,206.15 3 0
github.com/raghavkgarg/mycase/cmd/raw.go:207.3,208.1 1 0
github.com/raghavkgarg/mycase/cmd/raw.go:209.2,211.1 2 0
github.com/raghavkgarg/mycase/cmd/raw.go:212.2,212.26 2 0
github.com/raghavkgarg/mycase/cmd/raw.go:213.3,214.34 2 0
github.com/raghavkgarg/mycase/cmd/raw.go:215.4,216.1 1 0
github.com/raghavkgarg/mycase/cmd/raw.go:217.3,221.5 1 0
github.com/raghavkgarg/mycase/cmd/raw.go:224.2,224.31 1 0
github.com/raghavkgarg/mycase/cmd/raw.go:225.3,226.38 2 0
github.com/raghavkgarg/mycase/cmd/raw.go:227.4,228.1 1 0
github.com/raghavkgarg/mycase/cmd/raw.go:230.3,231.1 1 0
github.com/raghavkgarg/mycase/cmd/raw.go:232.2,232.12 1 0
github.com/raghavkgarg/mycase/cmd/raw.go:236.2,238.1 5 0
github.com/raghavkgarg/mycase/cmd/raw.go:239.2,241.16 5 0
github.com/raghavkgarg/mycase/cmd/raw.go:242.3,243.1 1 0
github.com/raghavkgarg/mycase/cmd/raw.go:245.2,245.24 1 0
github.com/raghavkgarg/mycase/cmd/raw.go:246.3,249.1 2 0
github.com/raghavkgarg/mycase/cmd/raw.go:250.2,253.12 3 0
github.com/raghavkgarg/mycase/cmd/raw.go:257.2,257.17 1 0
github.com/raghavkgarg/mycase/cmd/raw.go:258.3,259.1 1 0
github.com/raghavkgarg/mycase/cmd/raw.go:260.2,260.61 1 0
github.com/raghavkgarg/mycase/cmd/raw.go:263.32,263.71 1 0
github.com/raghavkgarg/mycase/cmd/raw.go:267.2,267.9 1 0
github.com/raghavkgarg/mycase/cmd/raw.go:269.3,269.56 1 0
github.com/raghavkgarg/mycase/cmd/raw.go:271.3,271.49 1 0
github.com/raghavkgarg/mycase/cmd/raw.go:273.3,273.32 1 0
github.com/raghavkgarg/mycase/cmd/report.go:32.3,33.1 1 0
github.com/raghavkgarg/mycase/cmd/report.go:37.2,37.20 1 0
github.com/raghavkgarg/mycase/cmd/report.go:38.3,39.1 1 0
github.com/raghavkgarg/mycase/cmd/report.go:41.2,42.16 2 0
github.com/raghavkgarg/mycase/cmd/report.go:43.3,44.1 1 0
github.com/raghavkgarg/mycase/cmd/report.go:45.2,46.1 4 0
github.com/raghavkgarg/mycase/cmd/report.go:47.2,49.16 4 0
github.com/raghavkgarg/mycase/cmd/report.go:50.3,51.1 1 0
github.com/raghavkgarg/mycase/cmd/report.go:52.2,54.53 3 0
github.com/raghavkgarg/mycase/cmd/report.go:55.3,56.1 1 0
github.com/raghavkgarg/mycase/cmd/report.go:57.2,59.1 3 0
github.com/raghavkgarg/mycase/cmd/report.go:60.2,60.22 3 0
github.com/raghavkgarg/mycase/cmd/report.go:61.3,62.17 2 0
github.com/raghavkgarg/mycase/cmd/report.go:63.4,64.1 1 0
github.com/raghavkgarg/mycase/cmd/report.go:65.3,66.1 18 0
github.com/raghavkgarg/mycase/cmd/report.go:67.3,82.1 18 0
github.com/raghavkgarg/mycase/cmd/report.go:83.3,84.13 18 0
github.com/raghavkgarg/mycase/cmd/report.go:87.2,88.31 2 0
github.com/raghavkgarg/mycase/cmd/report.go:89.3,90.17 2 0
github.com/raghavkgarg/mycase/cmd/report.go:92.4,92.17 1 0
github.com/raghavkgarg/mycase/cmd/report.go:94.4,94.17 1 0
github.com/raghavkgarg/mycase/cmd/report.go:97.2,97.40 1 0
github.com/raghavkgarg/mycase/cmd/report.go:98.3,99.1 1 0
github.com/raghavkgarg/mycase/cmd/report.go:101.2,104.1 4 0
github.com/raghavkgarg/mycase/cmd/report.go:106.2,108.37 4 0
github.com/raghavkgarg/mycase/cmd/report.go:109.3,109.59 1 0
github.com/raghavkgarg/mycase/cmd/report.go:110.4,110.12 1 0
github.com/raghavkgarg/mycase/cmd/report.go:112.3,114.51 3 0
github.com/raghavkgarg/mycase/cmd/report.go:115.4,115.12 1 0
github.com/raghavkgarg/mycase/cmd/report.go:117.3,118.36 2 0
github.com/raghavkgarg/mycase/cmd/report.go:121.2,121.23 1 0
github.com/raghavkgarg/mycase/cmd/report.go:122.3,123.17 2 0
github.com/raghavkgarg/mycase/cmd/report.go:124.4,125.1 1 0
github.com/raghavkgarg/mycase/cmd/report.go:126.3,127.1 18 0
github.com/raghavkgarg/mycase/cmd/report.go:128.3,143.1 18 0
github.com/raghavkgarg/mycase/cmd/report.go:144.3,145.13 18 0
github.com/raghavkgarg/mycase/cmd/report.go:148.2,149.16 2 0
github.com/raghavkgarg/mycase/cmd/report.go:150.3,151.1 1 0
github.com/raghavkgarg/mycase/cmd/report.go:152.2,154.1 11 0
github.com/raghavkgarg/mycase/cmd/report.go:155.2,163.1 11 0
github.com/raghavkgarg/mycase/cmd/report.go:164.2,165.1 11 0
github.com/raghavkgarg/mycase/cmd/report.go:166.2,170.1 11 0
github.com/raghavkgarg/mycase/cmd/report.go:171.2,171.28 11 0
github.com/raghavkgarg/mycase/cmd/report.go:172.3,173.26 2 0
github.com/raghavkgarg/mycase/cmd/report.go:174.4,176.18 3 0
github.com/raghavkgarg/mycase/cmd/report.go:177.5,180.1 3 0
github.com/raghavkgarg/mycase/cmd/report.go:182.3,182.26 1 0
github.com/raghavkgarg/mycase/cmd/report.go:183.4,185.18 3 0
github.com/raghavkgarg/mycase/cmd/report.go:186.5,189.1 3 0
github.com/raghavkgarg/mycase/cmd/report.go:192.2,193.1 4 0
github.com/raghavkgarg/mycase/cmd/report.go:194.2,196.33 4 0
github.com/raghavkgarg/mycase/cmd/report.go:197.3,198.1 1 0
github.com/raghavkgarg/mycase/cmd/report.go:200.2,201.16 2 0
github.com/raghavkgarg/mycase/cmd/report.go:202.3,203.1 1 0
github.com/raghavkgarg/mycase/cmd/report.go:205.2,205.29 1 0
github.com/raghavkgarg/mycase/cmd/report.go:206.3,209.31 4 0
github.com/raghavkgarg/mycase/cmd/report.go:210.4,217.40 8 0
github.com/raghavkgarg/mycase/cmd/report.go:218.5,219.1 1 0
github.com/raghavkgarg/mycase/cmd/report.go:220.4,228.6 1 0
github.com/raghavkgarg/mycase/cmd/report.go:230.3,237.23 2 0
github.com/raghavkgarg/mycase/cmd/report.go:239.3,242.31 4 0
github.com/raghavkgarg/mycase/cmd/report.go:243.4,247.66 5 0
github.com/raghavkgarg/mycase/cmd/report.go:248.5,249.1 1 0
github.com/raghavkgarg/mycase/cmd/report.go:250.4,250.87 1 0
github.com/raghavkgarg/mycase/cmd/report.go:252.3,259.23 2 0
github.com/raghavkgarg/mycase/cmd/report.go:262.2,262.30 1 0
github.com/raghavkgarg/mycase/cmd/report.go:263.3,265.1 5 0
github.com/raghavkgarg/mycase/cmd/report.go:266.3,268.1 5 0
github.com/raghavkgarg/mycase/cmd/report.go:269.3,269.102 5 0
github.com/raghavkgarg/mycase/cmd/report.go:270.4,271.1 1 0
github.com/raghavkgarg/mycase/cmd/report.go:272.3,272.28 1 0
github.com/raghavkgarg/mycase/cmd/report.go:275.2,276.12 2 0
github.com/raghavkgarg/mycase/cmd/retry.go:23.3,25.1 4 0
github.com/raghavkgarg/mycase/cmd/retry.go:26.3,27.17 4 0
github.com/raghavkgarg/mycase/cmd/retry.go:28.4,29.1 1 0
github.com/raghavkgarg/mycase/cmd/retry.go:30.3,31.1 3 0
github.com/raghavkgarg/mycase/cmd/retry.go:32.3,33.13 3 0
github.com/raghavkgarg/mycase/cmd/returns.go:77.2,79.16 3 0
github.com/raghavkgarg/mycase/cmd/returns.go:80.3,81.1 1 0
github.com/raghavkgarg/mycase/cmd/returns.go:82.2,83.1 4 0
github.com/raghavkgarg/mycase/cmd/returns.go:84.2,86.1 4 0
github.com/raghavkgarg/mycase/cmd/returns.go:88.2,88.14 4 0
github.com/raghavkgarg/mycase/cmd/returns.go:89.3,90.56 2 0
github.com/raghavkgarg/mycase/cmd/returns.go:91.4,91.34 1 0
github.com/raghavkgarg/mycase/cmd/returns.go:92.5,93.1 1 0
github.com/raghavkgarg/mycase/cmd/returns.go:95.4,96.1 1 0
github.com/raghavkgarg/mycase/cmd/returns.go:99.2,106.1 4 0
github.com/raghavkgarg/mycase/cmd/returns.go:108.2,110.1 4 0
github.com/raghavkgarg/mycase/cmd/returns.go:111.2,111.17 4 0
github.com/raghavkgarg/mycase/cmd/returns.go:112.3,113.17 2 0
github.com/raghavkgarg/mycase/cmd/returns.go:114.4,115.1 1 0
github.com/raghavkgarg/mycase/cmd/returns.go:117.3,118.29 2 0
github.com/raghavkgarg/mycase/cmd/returns.go:119.4,120.18 2 0
github.com/raghavkgarg/mycase/cmd/returns.go:121.5,121.13 1 0
github.com/raghavkgarg/mycase/cmd/returns.go:123.4,124.18 2 0
github.com/raghavkgarg/mycase/cmd/returns.go:125.5,125.13 1 0
github.com/raghavkgarg/mycase/cmd/returns.go:127.4,128.24 2 0
github.com/raghavkgarg/mycase/cmd/returns.go:129.5,130.1 1 0
github.com/raghavkgarg/mycase/cmd/returns.go:133.3,133.23 1 0
github.com/raghavkgarg/mycase/cmd/returns.go:134.4,137.1 3 0
github.com/raghavkgarg/mycase/cmd/returns.go:138.3,138.13 1 0
github.com/raghavkgarg/mycase/cmd/returns.go:141.2,143.1 4 0
github.com/raghavkgarg/mycase/cmd/returns.go:144.2,145.16 4 0
github.com/raghavkgarg/mycase/cmd/returns.go:146.3,147.1 1 0
github.com/raghavkgarg/mycase/cmd/returns.go:149.2,150.16 2 0
github.com/raghavkgarg/mycase/cmd/returns.go:151.3,152.1 1 0
github.com/raghavkgarg/mycase/cmd/returns.go:154.2,154.22 1 0
github.com/raghavkgarg/mycase/cmd/returns.go:155.3,158.1 3 0
github.com/raghavkgarg/mycase/cmd/returns.go:160.2,161.12 2 0
github.com/raghavkgarg/mycase/cmd/scheduler.go:101.2,102.35 2 1
github.com/raghavkgarg/mycase/cmd/scheduler.go:103.3,104.1 1 1
github.com/raghavkgarg/mycase/cmd/scheduler.go:105.2,105.37 1 0
github.com/raghavkgarg/mycase/cmd/scheduler.go:112.2,114.1 4 0
github.com/raghavkgarg/mycase/cmd/scheduler.go:115.2,116.16 4 0
github.com/raghavkgarg/mycase/cmd/scheduler.go:117.3,118.1 1 0
github.com/raghavkgarg/mycase/cmd/scheduler.go:119.2,120.16 2 0
github.com/raghavkgarg/mycase/cmd/scheduler.go:121.3,122.1 1 0
github.com/raghavkgarg/mycase/cmd/scheduler.go:124.2,125.16 2 0
github.com/raghavkgarg/mycase/cmd/scheduler.go:126.3,127.1 1 0
github.com/raghavkgarg/mycase/cmd/scheduler.go:129.2,130.15 2 0
github.com/raghavkgarg/mycase/cmd/scheduler.go:131.3,132.1 1 0
github.com/raghavkgarg/mycase/cmd/scheduler.go:134.2,154.8 1 0
github.com/raghavkgarg/mycase/cmd/scheduler.go:158.2,159.16 2 0
github.com/raghavkgarg/mycase/cmd/scheduler.go:160.3,161.1 1 0
github.com/raghavkgarg/mycase/cmd/scheduler.go:162.2,164.36 2 0
github.com/raghavkgarg/mycase/cmd/scheduler.go:173.2,174.1 4 0
github.com/raghavkgarg/mycase/cmd/scheduler.go:176.2,178.16 4 0
github.com/raghavkgarg/mycase/cmd/scheduler.go:179.3,180.1 1 0
github.com/raghavkgarg/mycase/cmd/scheduler.go:181.2,181.12 1 0
github.com/raghavkgarg/mycase/cmd/scheduler.go:184.3,188.1 4 0
github.com/raghavkgarg/mycase/cmd/scheduler.go:189.2,189.40 1 0
github.com/raghavkgarg/mycase/cmd/scheduler.go:193.2,194.16 2 0
github.com/raghavkgarg/mycase/cmd/scheduler.go:195.3,196.1 1 0
github.com/raghavkgarg/mycase/cmd/scheduler.go:197.2,202.1 5 0
github.com/raghavkgarg/mycase/cmd/scheduler.go:203.2,204.1 5 0
github.com/raghavkgarg/mycase/cmd/scheduler.go:209.2,210.16 5 0
github.com/raghavkgarg/mycase/cmd/scheduler.go:211.3,214.17 4 0
github.com/raghavkgarg/mycase/cmd/scheduler.go:215.4,216.1 1 0
github.com/raghavkgarg/mycase/cmd/scheduler.go:217.3,219.60 2 0
github.com/raghavkgarg/mycase/cmd/scheduler.go:221.3,222.1 1 0
github.com/raghavkgarg/mycase/cmd/scheduler.go:223.2,223.12 1 0
github.com/raghavkgarg/mycase/cmd/scheduler.go:227.2,227.60 1 0
github.com/raghavkgarg/mycase/cmd/scheduler.go:228.3,229.1 1 0
github.com/raghavkgarg/mycase/cmd/scheduler.go:230.2,230.33 1 0
github.com/raghavkgarg/mycase/cmd/scheduler.go:239.2,241.1 8 0
github.com/raghavkgarg/mycase/cmd/scheduler.go:243.2,250.1 8 0
github.com/raghavkgarg/mycase/cmd/scheduler.go:251.2,252.1 8 0
github.com/raghavkgarg/mycase/cmd/scheduler.go:256.2,258.46 8 0
github.com/raghavkgarg/mycase/cmd/scheduler.go:259.3,262.1 3 0
github.com/raghavkgarg/mycase/cmd/scheduler.go:263.3,266.1 3 0
github.com/raghavkgarg/mycase/cmd/scheduler.go:269.2,269.53 1 0
github.com/raghavkgarg/mycase/cmd/scheduler.go:270.3,273.1 3 0
github.com/raghavkgarg/mycase/cmd/scheduler.go:273.9,273.20 1 0
github.com/raghavkgarg/mycase/cmd/scheduler.go:274.3,275.1 1 0
github.com/raghavkgarg/mycase/cmd/scheduler.go:276.3,277.1 1 0
github.com/raghavkgarg/mycase/cmd/scheduler.go:280.2,281.30 2 0
github.com/raghavkgarg/mycase/cmd/scheduler.go:282.3,282.80 1 0
github.com/raghavkgarg/mycase/cmd/scheduler.go:283.4,283.29 1 0
github.com/raghavkgarg/mycase/cmd/scheduler.go:284.5,287.1 3 0
github.com/raghavkgarg/mycase/cmd/scheduler.go:290.3,290.41 1 0
github.com/raghavkgarg/mycase/cmd/scheduler.go:291.4,293.1 2 0
github.com/raghavkgarg/mycase/cmd/scheduler.go:294.4,296.1 2 0
github.com/raghavkgarg/mycase/cmd/scheduler.go:298.3,299.1 1 0
github.com/raghavkgarg/mycase/cmd/scheduler.go:302.2,304.9 3 0
github.com/raghavkgarg/mycase/cmd/scheduler.go:306.3,306.93 1 0
github.com/raghavkgarg/mycase/cmd/scheduler.go:308.3,309.13 2 0
github.com/raghavkgarg/mycase/cmd/scheduler.go:311.3,313.13 3 0
github.com/raghavkgarg/mycase/cmd/scheduler.go:317.2,318.9 2 0
github.com/raghavkgarg/mycase/cmd/scheduler.go:320.3,320.122 1 0
github.com/raghavkgarg/mycase/cmd/scheduler.go:322.3,322.70 1 0
github.com/raghavkgarg/mycase/cmd/scheduler.go:324.3,324.40 1 0
github.com/raghavkgarg/mycase/cmd/scheduler.go:326.2,326.12 1 0
github.com/raghavkgarg/mycase/cmd/scheduler.go:332.2,333.1 1 0
github.com/raghavkgarg/mycase/cmd/scheduler.go:339.2,340.16 2 0
github.com/raghavkgarg/mycase/cmd/scheduler.go:341.3,342.1 1 0
github.com/raghavkgarg/mycase/cmd/scheduler.go:343.2,345.16 3 0
github.com/raghavkgarg/mycase/cmd/scheduler.go:346.3,347.1 1 0
github.com/raghavkgarg/mycase/cmd/scheduler.go:349.2,350.24 2 0
github.com/raghavkgarg/mycase/cmd/scheduler.go:351.3,352.1 1 0
github.com/raghavkgarg/mycase/cmd/scheduler.go:353.2,354.16 2 0
github.com/raghavkgarg/mycase/cmd/scheduler.go:355.3,356.1 1 0
github.com/raghavkgarg/mycase/cmd/scheduler.go:357.2,358.70 2 0
github.com/raghavkgarg/mycase/cmd/scheduler.go:359.3,360.1 1 0
github.com/raghavkgarg/mycase/cmd/scheduler.go:361.2,361.68 1 0
github.com/raghavkgarg/mycase/cmd/scheduler.go:362.3,363.1 1 0
github.com/raghavkgarg/mycase/cmd/scheduler.go:364.2,364.29 1 0
github.com/raghavkgarg/mycase/cmd/scheduler.go:365.3,368.1 3 0
github.com/raghavkgarg/mycase/cmd/scheduler.go:374.2,375.11 2 0
github.com/raghavkgarg/mycase/cmd/scheduler.go:376.3,377.1 1 0
github.com/raghavkgarg/mycase/cmd/scheduler.go:378.2,380.14 3 0
github.com/raghavkgarg/mycase/cmd/scheduler.go:381.3,382.1 1 0
github.com/raghavkgarg/mycase/cmd/scheduler.go:383.2,385.13 3 0
github.com/raghavkgarg/mycase/cmd/scheduler.go:386.3,387.1 1 0
github.com/raghavkgarg/mycase/cmd/scheduler.go:388.2,388.38 1 0
github.com/raghavkgarg/mycase/cmd/scheduler.go:421.2,422.16 2 0
github.com/raghavkgarg/mycase/cmd/scheduler.go:423.3,424.1 1 0
github.com/raghavkgarg/mycase/cmd/scheduler.go:425.2,426.1 4 0
github.com/raghavkgarg/mycase/cmd/scheduler.go:428.2,430.37 4 0
github.com/raghavkgarg/mycase/cmd/scheduler.go:434.2,435.16 2 0
github.com/raghavkgarg/mycase/cmd/scheduler.go:436.3,437.1 1 0
github.com/raghavkgarg/mycase/cmd/scheduler.go:438.2,439.16 2 0
github.com/raghavkgarg/mycase/cmd/scheduler.go:440.3,441.1 1 0
github.com/raghavkgarg/mycase/cmd/scheduler.go:443.2,446.1 4 0
github.com/raghavkgarg/mycase/cmd/scheduler.go:447.2,447.30 4 0
github.com/raghavkgarg/mycase/cmd/scheduler.go:448.3,450.1 2 0
github.com/raghavkgarg/mycase/cmd/scheduler.go:452.2,453.16 2 0
github.com/raghavkgarg/mycase/cmd/scheduler.go:454.3,455.1 1 0
github.com/raghavkgarg/mycase/cmd/scheduler.go:456.2,457.53 2 0
github.com/raghavkgarg/mycase/cmd/scheduler.go:458.3,459.1 1 0
github.com/raghavkgarg/mycase/cmd/scheduler.go:460.2,461.1 3 0
github.com/raghavkgarg/mycase/cmd/scheduler.go:462.2,463.16 3 0
github.com/raghavkgarg/mycase/cmd/scheduler.go:464.3,465.1 1 0
github.com/raghavkgarg/mycase/cmd/scheduler.go:466.2,467.1 4 0
github.com/raghavkgarg/mycase/cmd/scheduler.go:468.2,470.46 4 0
github.com/raghavkgarg/mycase/cmd/scheduler.go:471.3,472.1 1 0
github.com/raghavkgarg/mycase/cmd/scheduler.go:476.2,478.106 3 0
github.com/raghavkgarg/mycase/cmd/scheduler.go:479.3,482.1 3 0
github.com/raghavkgarg/mycase/cmd/scheduler.go:484.2,490.12 6 0
github.com/raghavkgarg/mycase/cmd/scheduler.go:494.2,494.30 1 0
github.com/raghavkgarg/mycase/cmd/scheduler.go:495.3,497.1 2 0
github.com/raghavkgarg/mycase/cmd/scheduler.go:498.2,499.16 2 0
github.com/raghavkgarg/mycase/cmd/scheduler.go:500.3,501.1 1 0
github.com/raghavkgarg/mycase/cmd/scheduler.go:502.2,505.45 4 0
github.com/raghavkgarg/mycase/cmd/scheduler.go:506.3,506.25 1 0
github.com/raghavkgarg/mycase/cmd/scheduler.go:507.4,509.1 2 0
github.com/raghavkgarg/mycase/cmd/scheduler.go:510.3,510.47 1 0
github.com/raghavkgarg/mycase/cmd/scheduler.go:512.2,513.12 2 0
github.com/raghavkgarg/mycase/cmd/scheduler.go:519.2,520.28 2 0
github.com/raghavkgarg/mycase/cmd/scheduler.go:521.3,522.1 1 0
github.com/raghavkgarg/mycase/cmd/scheduler.go:523.2,523.26 1 0
github.com/raghavkgarg/mycase/cmd/scheduler.go:527.2,553.1 1 0
github.com/raghavkgarg/mycase/cmd/serve.go:25.3,26.17 2 0
github.com/raghavkgarg/mycase/cmd/serve.go:27.4,28.1 1 0
github.com/raghavkgarg/mycase/cmd/serve.go:30.3,31.70 2 0
github.com/raghavkgarg/mycase/cmd/serve.go:32.4,36.1 4 0
github.com/raghavkgarg/mycase/cmd/serve.go:38.3,39.1 6 0
github.com/raghavkgarg/mycase/cmd/serve.go:40.3,42.1 6 0
github.com/raghavkgarg/mycase/cmd/serve.go:43.3,45.39 6 0
github.com/raghavkgarg/mycase/cmd/tax.go:56.2,57.28 2 0
github.com/raghavkgarg/mycase/cmd/tax.go:58.3,59.1 1 0
github.com/raghavkgarg/mycase/cmd/tax.go:61.2,62.15 2 0
github.com/raghavkgarg/mycase/cmd/tax.go:63.3,64.1 1 0
github.com/raghavkgarg/mycase/cmd/tax.go:66.2,67.19 2 0
github.com/raghavkgarg/mycase/cmd/tax.go:68.3,69.1 1 0
github.com/raghavkgarg/mycase/cmd/tax.go:71.2,72.16 2 0
github.com/raghavkgarg/mycase/cmd/tax.go:73.3,74.1 1 0
github.com/raghavkgarg/mycase/cmd/tax.go:76.2,79.1 6 0
github.com/raghavkgarg/mycase/cmd/tax.go:80.2,82.1 6 0
github.com/raghavkgarg/mycase/cmd/tax.go:84.2,85.90 6 0
github.com/raghavkgarg/mycase/cmd/tax.go:86.3,87.25 2 0
github.com/raghavkgarg/mycase/cmd/tax.go:88.4,89.1 1 0
github.com/raghavkgarg/mycase/cmd/tax.go:90.3,91.17 2 0
github.com/raghavkgarg/mycase/cmd/tax.go:92.4,94.1 1 0
github.com/raghavkgarg/mycase/cmd/tax.go:95.3,95.30 1 0
github.com/raghavkgarg/mycase/cmd/tax.go:98.2,100.20 3 0
github.com/raghavkgarg/mycase/cmd/tax.go:101.3,103.1 2 0
github.com/raghavkgarg/mycase/cmd/tax.go:105.2,106.60 2 0
github.com/raghavkgarg/mycase/cmd/tax.go:107.3,108.1 1 0
github.com/raghavkgarg/mycase/cmd/tax.go:111.2,111.32 1 0
github.com/raghavkgarg/mycase/cmd/tax.go:117.2,118.16 2 0
github.com/raghavkgarg/mycase/cmd/tax.go:119.3,120.1 1 0
github.com/raghavkgarg/mycase/cmd/tax.go:122.2,123.1 2 0
github.com/raghavkgarg/mycase/cmd/tax.go:124.2,124.68 2 0
github.com/raghavkgarg/mycase/cmd/tax.go:125.3,126.1 1 0
github.com/raghavkgarg/mycase/cmd/tax.go:127.2,127.78 1 0
github.com/raghavkgarg/mycase/cmd/tax.go:128.3,129.1 1 0
github.com/raghavkgarg/mycase/cmd/tax.go:131.2,132.39 2 0
github.com/raghavkgarg/mycase/cmd/tax.go:133.3,134.1 1 0
github.com/raghavkgarg/mycase/cmd/tax.go:135.2,137.1 2 0
github.com/raghavkgarg/mycase/cmd/tax.go:138.2,138.36 2 0
github.com/raghavkgarg/mycase/cmd/tax.go:139.3,140.1 1 0
github.com/raghavkgarg/mycase/cmd/tax.go:141.2,141.12 1 0
github.com/raghavkgarg/mycase/cmd/tax.go:145.2,146.15 2 0
github.com/raghavkgarg/mycase/cmd/tax.go:147.3,148.1 1 0
github.com/raghavkgarg/mycase/cmd/tax.go:150.2,152.16 3 0
github.com/raghavkgarg/mycase/cmd/tax.go:153.3,154.1 1 0
github.com/raghavkgarg/mycase/cmd/tax.go:156.2,157.16 2 0
github.com/raghavkgarg/mycase/cmd/tax.go:158.3,159.1 1 0
github.com/raghavkgarg/mycase/cmd/tax.go:161.2,163.1 3 0
github.com/raghavkgarg/mycase/cmd/tax.go:164.2,164.24 3 0
github.com/raghavkgarg/mycase/cmd/tax.go:165.3,166.1 1 0
github.com/raghavkgarg/mycase/cmd/tax.go:167.3,168.27 2 0
github.com/raghavkgarg/mycase/cmd/tax.go:169.4,170.1 1 0
github.com/raghavkgarg/mycase/cmd/tax.go:171.3,172.1 5 0
github.com/raghavkgarg/mycase/cmd/tax.go:173.3,176.29 5 0
github.com/raghavkgarg/mycase/cmd/tax.go:177.4,177.36 1 0
github.com/raghavkgarg/mycase/cmd/tax.go:178.5,179.29 2 0
github.com/raghavkgarg/mycase/cmd/tax.go:180.6,181.1 1 0
github.com/raghavkgarg/mycase/cmd/tax.go:182.5,189.7 1 0
github.com/raghavkgarg/mycase/cmd/tax.go:192.3,196.5 1 0
github.com/raghavkgarg/mycase/cmd/tax.go:200.2,203.1 8 0
github.com/raghavkgarg/mycase/cmd/tax.go:204.2,208.1 8 0
github.com/raghavkgarg/mycase/cmd/tax.go:209.2,209.12 8 0
github.com/raghavkgarg/mycase/cmd/tax.go:213.2,218.1 1 0
github.com/raghavkgarg/mycase/cmd/tax.go:221.2,222.15 2 0
github.com/raghavkgarg/mycase/cmd/tax.go:223.3,224.1 1 0
github.com/raghavkgarg/mycase/cmd/tax.go:226.2,228.16 3 0
github.com/raghavkgarg/mycase/cmd/tax.go:229.3,230.1 1 0
github.com/raghavkgarg/mycase/cmd/tax.go:231.2,231.24 1 0
github.com/raghavkgarg/mycase/cmd/tax.go:232.3,234.1 2 0
github.com/raghavkgarg/mycase/cmd/tax.go:237.2,238.26 2 0
github.com/raghavkgarg/mycase/cmd/tax.go:239.3,240.1 1 0
github.com/raghavkgarg/mycase/cmd/tax.go:241.2,243.16 3 0
github.com/raghavkgarg/mycase/cmd/tax.go:244.3,245.1 1 0
github.com/raghavkgarg/mycase/cmd/tax.go:247.2,248.16 2 0
github.com/raghavkgarg/mycase/cmd/tax.go:249.3,250.1 1 0
github.com/raghavkgarg/mycase/cmd/tax.go:252.2,255.1 7 0
github.com/raghavkgarg/mycase/cmd/tax.go:256.2,257.1 7 0
github.com/raghavkgarg/mycase/cmd/tax.go:258.2,260.26 7 0
github.com/raghavkgarg/mycase/cmd/tax.go:261.3,263.1 2 0
github.com/raghavkgarg/mycase/cmd/tax.go:265.2,267.31 3 0
github.com/raghavkgarg/mycase/cmd/tax.go:268.3,269.17 2 0
github.com/raghavkgarg/mycase/cmd/tax.go:270.4,271.1 1 0
github.com/raghavkgarg/mycase/cmd/tax.go:272.3,273.21 2 0
github.com/raghavkgarg/mycase/cmd/tax.go:274.4,275.1 1 0
github.com/raghavkgarg/mycase/cmd/tax.go:276.3,284.32 2 0
github.com/raghavkgarg/mycase/cmd/tax.go:286.2,294.1 5 0
github.com/raghavkgarg/mycase/cmd/tax.go:295.2,295.12 5 0
github.com/raghavkgarg/mycase/cmd/theme.go:62.2,64.16 3 0
github.com/raghavkgarg/mycase/cmd/theme.go:65.3,66.1 1 0
github.com/raghavkgarg/mycase/cmd/theme.go:67.2,68.1 3 0
github.com/raghavkgarg/mycase/cmd/theme.go:69.2,70.24 3 0
github.com/raghavkgarg/mycase/cmd/theme.go:71.3,72.1 1 0
github.com/raghavkgarg/mycase/cmd/theme.go:73.2,73.63 1 0
github.com/raghavkgarg/mycase/cmd/theme.go:74.3,80.1 3 0
github.com/raghavkgarg/mycase/cmd/theme.go:81.3,81.62 3 0
github.com/raghavkgarg/mycase/cmd/theme.go:82.4,84.1 2 0
github.com/raghavkgarg/mycase/cmd/theme.go:85.3,89.13 5 0
github.com/raghavkgarg/mycase/cmd/theme.go:92.2,92.19 1 0
github.com/raghavkgarg/mycase/cmd/theme.go:93.3,95.17 3 0
github.com/raghavkgarg/mycase/cmd/theme.go:96.4,97.1 1 0
github.com/raghavkgarg/mycase/cmd/theme.go:98.3,98.29 1 0
github.com/raghavkgarg/mycase/cmd/theme.go:99.4,101.64 3 0
github.com/raghavkgarg/mycase/cmd/theme.go:102.5,103.1 1 0
github.com/raghavkgarg/mycase/cmd/theme.go:104.4,104.57 1 0
github.com/raghavkgarg/mycase/cmd/theme.go:105.5,106.1 1 0
github.com/raghavkgarg/mycase/cmd/theme.go:108.3,108.13 1 0
github.com/raghavkgarg/mycase/cmd/theme.go:111.2,114.1 4 0
github.com/raghavkgarg/mycase/cmd/theme.go:115.2,115.78 4 0
github.com/raghavkgarg/mycase/cmd/theme.go:116.3,116.29 1 0
github.com/raghavkgarg/mycase/cmd/theme.go:117.4,123.61 3 0
github.com/raghavkgarg/mycase/cmd/theme.go:124.5,124.25 1 0
github.com/raghavkgarg/mycase/cmd/theme.go:125.6,126.1 1 0
github.com/raghavkgarg/mycase/cmd/theme.go:127.5,128.10 2 0
github.com/raghavkgarg/mycase/cmd/theme.go:132.2,132.22 1 0
github.com/raghavkgarg/mycase/cmd/theme.go:133.3,134.1 1 0
github.com/raghavkgarg/mycase/cmd/theme.go:135.2,136.1 3 0
github.com/raghavkgarg/mycase/cmd/theme.go:137.2,138.40 3 0
github.com/raghavkgarg/mycase/cmd/theme.go:139.3,140.1 1 0
github.com/raghavkgarg/mycase/cmd/theme.go:142.2,142.43 1 0
github.com/raghavkgarg/mycase/cmd/theme.go:146.2,147.78 2 0
github.com/raghavkgarg/mycase/cmd/theme.go:148.3,148.29 1 0
github.com/raghavkgarg/mycase/cmd/theme.go:149.4,154.61 2 0
github.com/raghavkgarg/mycase/cmd/theme.go:155.5,156.1 1 0
github.com/raghavkgarg/mycase/cmd/theme.go:159.2,159.17 1 0
github.com/raghavkgarg/mycase/cmd/theme.go:178.3,180.17 3 0
github.com/raghavkgarg/mycase/cmd/theme.go:181.4,182.1 1 0
github.com/raghavkgarg/mycase/cmd/theme.go:183.3,184.1 4 0
github.com/raghavkgarg/mycase/cmd/theme.go:185.3,187.17 4 0
github.com/raghavkgarg/mycase/cmd/theme.go:188.4,189.1 1 0
github.com/raghavkgarg/mycase/cmd/theme.go:190.3,190.27 1 0
github.com/raghavkgarg/mycase/cmd/theme.go:191.4,193.1 2 0
github.com/raghavkgarg/mycase/cmd/theme.go:195.3,199.32 5 0
github.com/raghavkgarg/mycase/cmd/theme.go:200.4,202.1 1 0
github.com/raghavkgarg/mycase/cmd/theme.go:203.3,205.13 3 0
github.com/raghavkgarg/mycase/cmd/theme.go:230.3,232.17 3 0
github.com/raghavkgarg/mycase/cmd/theme.go:233.4,234.1 1 0
github.com/raghavkgarg/mycase/cmd/theme.go:235.3,236.1 4 0
github.com/raghavkgarg/mycase/cmd/theme.go:237.3,239.1 4 0
github.com/raghavkgarg/mycase/cmd/theme.go:240.3,240.17 4 0
github.com/raghavkgarg/mycase/cmd/theme.go:241.4,242.18 2 0
github.com/raghavkgarg/mycase/cmd/theme.go:243.5,244.1 1 0
github.com/raghavkgarg/mycase/cmd/theme.go:245.4,249.30 5 0
github.com/raghavkgarg/mycase/cmd/theme.go:250.5,252.1 1 0
github.com/raghavkgarg/mycase/cmd/theme.go:253.4,255.14 3 0
github.com/raghavkgarg/mycase/cmd/theme.go:258.3,259.17 2 0
github.com/raghavkgarg/mycase/cmd/theme.go:260.4,261.1 1 0
github.com/raghavkgarg/mycase/cmd/theme.go:262.3,267.29 6 0
github.com/raghavkgarg/mycase/cmd/theme.go:268.4,270.1 1 0
github.com/raghavkgarg/mycase/cmd/theme.go:271.3,273.13 3 0
github.com/raghavkgarg/mycase/pkg/backtest/calibrate.go:63.2,64.12 2 1
github.com/raghavkgarg/mycase/pkg/backtest/calibrate.go:65.3,66.1 1 0
github.com/raghavkgarg/mycase/pkg/backtest/calibrate.go:68.2,71.1 3 1
github.com/raghavkgarg/mycase/pkg/backtest/calibrate.go:72.2,73.27 3 1
github.com/raghavkgarg/mycase/pkg/backtest/calibrate.go:74.3,75.1 1 1
github.com/raghavkgarg/mycase/pkg/backtest/calibrate.go:77.2,77.40 1 1
github.com/raghavkgarg/mycase/pkg/backtest/calibrate.go:78.3,79.1 1 1
github.com/raghavkgarg/mycase/pkg/backtest/calibrate.go:81.2,83.12 3 1
github.com/raghavkgarg/mycase/pkg/backtest/calibrate.go:84.3,85.49 2 1
github.com/raghavkgarg/mycase/pkg/backtest/calibrate.go:86.4,87.1 1 1
github.com/raghavkgarg/mycase/pkg/backtest/calibrate.go:89.3,90.27 2 1
github.com/raghavkgarg/mycase/pkg/backtest/calibrate.go:91.4,92.1 1 1
github.com/raghavkgarg/mycase/pkg/backtest/calibrate.go:93.3,93.12 1 1
github.com/raghavkgarg/mycase/pkg/backtest/calibrate.go:96.2,96.14 1 1
github.com/raghavkgarg/mycase/pkg/backtest/calibrate.go:101.2,102.26 2 1
github.com/raghavkgarg/mycase/pkg/backtest/calibrate.go:103.3,104.1 1 0
github.com/raghavkgarg/mycase/pkg/backtest/calibrate.go:106.2,108.1 4 1
github.com/raghavkgarg/mycase/pkg/backtest/calibrate.go:109.2,110.19 4 1
github.com/raghavkgarg/mycase/pkg/backtest/calibrate.go:111.3,113.1 2 1
github.com/raghavkgarg/mycase/pkg/backtest/calibrate.go:114.2,116.1 4 1
github.com/raghavkgarg/mycase/pkg/backtest/calibrate.go:117.2,118.19 4 1
github.com/raghavkgarg/mycase/pkg/backtest/calibrate.go:119.3,124.1 5 1
github.com/raghavkgarg/mycase/pkg/backtest/calibrate.go:126.2,127.14 2 1
github.com/raghavkgarg/mycase/pkg/backtest/calibrate.go:128.3,129.1 1 0
github.com/raghavkgarg/mycase/pkg/backtest/calibrate.go:131.2,132.22 2 1
github.com/raghavkgarg/mycase/pkg/backtest/calibrate.go:133.3,134.1 1 0
github.com/raghavkgarg/mycase/pkg/backtest/calibrate.go:135.2,135.13 1 1
github.com/raghavkgarg/mycase/pkg/backtest/calibrate.go:140.2,141.12 2 1
github.com/raghavkgarg/mycase/pkg/backtest/calibrate.go:142.3,143.1 1 0
github.com/raghavkgarg/mycase/pkg/backtest/calibrate.go:145.2,147.24 3 1
github.com/raghavkgarg/mycase/pkg/backtest/calibrate.go:148.3,149.12 2 1
github.com/raghavkgarg/mycase/pkg/backtest/calibrate.go:150.4,151.1 1 1
github.com/raghavkgarg/mycase/pkg/backtest/calibrate.go:153.2,154.1 3 1
github.com/raghavkgarg/mycase/pkg/backtest/calibrate.go:155.2,156.24 3 1
github.com/raghavkgarg/mycase/pkg/backtest/calibrate.go:157.3,159.1 2 1
github.com/raghavkgarg/mycase/pkg/backtest/calibrate.go:160.2,161.11 2 1
github.com/raghavkgarg/mycase/pkg/backtest/calibrate.go:162.3,163.1 1 1
github.com/raghavkgarg/mycase/pkg/backtest/calibrate.go:165.2,166.13 2 1
github.com/raghavkgarg/mycase/pkg/backtest/calibrate.go:167.3,168.1 1 1
github.com/raghavkgarg/mycase/pkg/backtest/calibrate.go:169.2,171.1 3 1
github.com/raghavkgarg/mycase/pkg/backtest/calibrate.go:172.2,179.1 3 1
github.com/raghavkgarg/mycase/pkg/backtest/calibrate.go:184.2,185.12 2 1
github.com/raghavkgarg/mycase/pkg/backtest/calibrate.go:186.3,187.1 1 0
github.com/raghavkgarg/mycase/pkg/backtest/calibrate.go:188.2,188.12 1 1
github.com/raghavkgarg/mycase/pkg/backtest/calibrate.go:189.3,190.1 1 1
github.com/raghavkgarg/mycase/pkg/backtest/calibrate.go:191.2,191.14 1 1
github.com/raghavkgarg/mycase/pkg/backtest/calibrate.go:192.3,193.1 1 1
github.com/raghavkgarg/mycase/pkg/backtest/calibrate.go:194.2,197.17 4 1
github.com/raghavkgarg/mycase/pkg/backtest/calibrate.go:198.3,199.1 1 0
github.com/raghavkgarg/mycase/pkg/backtest/calibrate.go:200.2,201.55 2 1
github.com/raghavkgarg/mycase/pkg/backtest/calibrate.go:216.2,216.23 1 0
github.com/raghavkgarg/mycase/pkg/backtest/calibrate.go:217.3,218.1 1 0
github.com/raghavkgarg/mycase/pkg/backtest/calibrate.go:219.2,219.52 1 0
github.com/raghavkgarg/mycase/pkg/backtest/calibrate.go:220.3,221.1 1 0
github.com/raghavkgarg/mycase/pkg/backtest/calibrate.go:222.2,222.19 1 0
github.com/raghavkgarg/mycase/pkg/backtest/calibrate.go:223.3,224.1 1 0
github.com/raghavkgarg/mycase/pkg/backtest/calibrate.go:225.2,225.22 1 0
github.com/raghavkgarg/mycase/pkg/backtest/calibrate.go:226.3,227.1 1 0
github.com/raghavkgarg/mycase/pkg/backtest/calibrate.go:228.2,228.42 1 0
github.com/raghavkgarg/mycase/pkg/backtest/calibrate.go:229.3,230.1 1 0
github.com/raghavkgarg/mycase/pkg/backtest/calibrate.go:232.2,233.16 2 0
github.com/raghavkgarg/mycase/pkg/backtest/calibrate.go:234.3,235.1 1 0
github.com/raghavkgarg/mycase/pkg/backtest/calibrate.go:238.2,240.18 3 0
github.com/raghavkgarg/mycase/pkg/backtest/calibrate.go:241.3,242.1 1 0
github.com/raghavkgarg/mycase/pkg/backtest/calibrate.go:245.2,246.54 2 0
github.com/raghavkgarg/mycase/pkg/backtest/calibrate.go:247.3,248.1 1 0
github.com/raghavkgarg/mycase/pkg/backtest/calibrate.go:250.2,250.26 1 0
github.com/raghavkgarg/mycase/pkg/backtest/calibrate.go:251.3,252.1 1 0
github.com/raghavkgarg/mycase/pkg/backtest/calibrate.go:254.2,256.1 4 0
github.com/raghavkgarg/mycase/pkg/backtest/calibrate.go:257.2,258.16 4 0
github.com/raghavkgarg/mycase/pkg/backtest/calibrate.go:259.3,260.1 1 0
github.com/raghavkgarg/mycase/pkg/backtest/calibrate.go:262.2,262.43 1 0
github.com/raghavkgarg/mycase/pkg/backtest/calibrate.go:263.3,266.1 5 0
github.com/raghavkgarg/mycase/pkg/backtest/calibrate.go:268.3,269.30 5 0
github.com/raghavkgarg/mycase/pkg/backtest/calibrate.go:270.4,271.1 1 0
github.com/raghavkgarg/mycase/pkg/backtest/calibrate.go:272.3,273.1 4 0
github.com/raghavkgarg/mycase/pkg/backtest/calibrate.go:275.3,285.1 4 0
github.com/raghavkgarg/mycase/pkg/backtest/calibrate.go:286.3,287.1 4 0
github.com/raghavkgarg/mycase/pkg/backtest/calibrate.go:288.3,288.29 4 0
github.com/raghavkgarg/mycase/pkg/backtest/calibrate.go:289.4,290.38 2 0
github.com/raghavkgarg/mycase/pkg/backtest/calibrate.go:291.5,291.13 1 0
github.com/raghavkgarg/mycase/pkg/backtest/calibrate.go:295.4,296.53 2 0
github.com/raghavkgarg/mycase/pkg/backtest/calibrate.go:297.5,297.20 1 0
github.com/raghavkgarg/mycase/pkg/backtest/calibrate.go:298.6,299.11 2 0
github.com/raghavkgarg/mycase/pkg/backtest/calibrate.go:302.4,302.21 1 0
github.com/raghavkgarg/mycase/pkg/backtest/calibrate.go:303.5,303.13 1 0
github.com/raghavkgarg/mycase/pkg/backtest/calibrate.go:307.4,308.32 2 0
github.com/raghavkgarg/mycase/pkg/backtest/calibrate.go:309.5,309.13 1 0
github.com/raghavkgarg/mycase/pkg/backtest/calibrate.go:311.4,313.17 3 0
github.com/raghavkgarg/mycase/pkg/backtest/calibrate.go:314.5,314.13 1 0
github.com/raghavkgarg/mycase/pkg/backtest/calibrate.go:316.4,317.1 6 0
github.com/raghavkgarg/mycase/pkg/backtest/calibrate.go:319.4,322.1 6 0
github.com/raghavkgarg/mycase/pkg/backtest/calibrate.go:324.4,325.1 6 0
github.com/raghavkgarg/mycase/pkg/backtest/calibrate.go:326.4,326.31 6 0
github.com/raghavkgarg/mycase/pkg/backtest/calibrate.go:327.5,328.64 2 0
github.com/raghavkgarg/mycase/pkg/backtest/calibrate.go:329.6,330.1 1 0
github.com/raghavkgarg/mycase/pkg/backtest/calibrate.go:331.5,332.27 2 0
github.com/raghavkgarg/mycase/pkg/backtest/calibrate.go:333.6,333.14 1 0
github.com/raghavkgarg/mycase/pkg/backtest/calibrate.go:338.4,339.19 2 0
github.com/raghavkgarg/mycase/pkg/backtest/calibrate.go:340.5,340.13 1 0
github.com/raghavkgarg/mycase/pkg/backtest/calibrate.go:344.4,345.17 2 0
github.com/raghavkgarg/mycase/pkg/backtest/calibrate.go:346.5,346.13 1 0
github.com/raghavkgarg/mycase/pkg/backtest/calibrate.go:350.4,355.1 6 0
github.com/raghavkgarg/mycase/pkg/backtest/calibrate.go:357.4,357.51 6 0
github.com/raghavkgarg/mycase/pkg/backtest/calibrate.go:358.5,358.19 1 0
github.com/raghavkgarg/mycase/pkg/backtest/calibrate.go:359.6,360.1 1 0
github.com/raghavkgarg/mycase/pkg/backtest/calibrate.go:361.5,361.19 1 0
github.com/raghavkgarg/mycase/pkg/backtest/calibrate.go:362.6,363.1 1 0
github.com/raghavkgarg/mycase/pkg/backtest/calibrate.go:364.5,364.15 1 0
github.com/raghavkgarg/mycase/pkg/backtest/calibrate.go:366.4,374.1 10 0
github.com/raghavkgarg/mycase/pkg/backtest/calibrate.go:375.4,386.1 10 0
github.com/raghavkgarg/mycase/pkg/backtest/calibrate.go:387.4,387.18 10 0
github.com/raghavkgarg/mycase/pkg/backtest/calibrate.go:388.5,393.1 5 0
github.com/raghavkgarg/mycase/pkg/backtest/calibrate.go:396.3,396.25 1 0
github.com/raghavkgarg/mycase/pkg/backtest/calibrate.go:397.4,397.12 1 0
github.com/raghavkgarg/mycase/pkg/backtest/calibrate.go:401.3,402.31 2 0
github.com/raghavkgarg/mycase/pkg/backtest/calibrate.go:403.4,411.1 8 0
github.com/raghavkgarg/mycase/pkg/backtest/calibrate.go:413.3,424.1 2 0
github.com/raghavkgarg/mycase/pkg/backtest/calibrate.go:426.3,426.39 2 0
github.com/raghavkgarg/mycase/pkg/backtest/calibrate.go:429.2,429.26 1 0
github.com/raghavkgarg/mycase/pkg/backtest/calibrate.go:430.3,431.1 1 0
github.com/raghavkgarg/mycase/pkg/backtest/calibrate.go:434.2,435.26 2 0
github.com/raghavkgarg/mycase/pkg/backtest/calibrate.go:436.3,437.1 1 0
github.com/raghavkgarg/mycase/pkg/backtest/calibrate.go:438.2,440.1 9 0
github.com/raghavkgarg/mycase/pkg/backtest/calibrate.go:442.2,447.1 9 0
github.com/raghavkgarg/mycase/pkg/backtest/calibrate.go:448.2,454.1 9 0
github.com/raghavkgarg/mycase/pkg/backtest/calibrate.go:457.2,457.72 9 0
github.com/raghavkgarg/mycase/pkg/backtest/calibrate.go:458.3,459.29 2 0
github.com/raghavkgarg/mycase/pkg/backtest/calibrate.go:460.4,467.1 7 0
github.com/raghavkgarg/mycase/pkg/backtest/calibrate.go:468.3,476.1 1 0
github.com/raghavkgarg/mycase/pkg/backtest/calibrate.go:479.2,481.26 3 0
github.com/raghavkgarg/mycase/pkg/backtest/calibrate.go:482.3,483.1 1 0
github.com/raghavkgarg/mycase/pkg/backtest/calibrate.go:486.2,491.1 7 0
github.com/raghavkgarg/mycase/pkg/backtest/calibrate.go:492.2,493.15 7 0
github.com/raghavkgarg/mycase/pkg/backtest/calibrate.go:494.3,498.1 4 0
github.com/raghavkgarg/mycase/pkg/backtest/calibrate.go:500.3,504.1 4 0
github.com/raghavkgarg/mycase/pkg/backtest/calibrate.go:506.2,516.8 1 0
github.com/raghavkgarg/mycase/pkg/backtest/engine.go:20.2,20.24 1 1
github.com/raghavkgarg/mycase/pkg/backtest/engine.go:21.3,22.1 1 0
github.com/raghavkgarg/mycase/pkg/backtest/engine.go:23.2,23.56 1 1
github.com/raghavkgarg/mycase/pkg/backtest/engine.go:24.3,25.1 1 0
github.com/raghavkgarg/mycase/pkg/backtest/engine.go:26.2,26.70 1 1
github.com/raghavkgarg/mycase/pkg/backtest/engine.go:27.3,28.1 1 1
github.com/raghavkgarg/mycase/pkg/backtest/engine.go:30.2,31.16 2 1
github.com/raghavkgarg/mycase/pkg/backtest/engine.go:32.3,33.1 1 0
github.com/raghavkgarg/mycase/pkg/backtest/engine.go:35.2,37.23 3 1
github.com/raghavkgarg/mycase/pkg/backtest/engine.go:38.3,39.1 1 1
github.com/raghavkgarg/mycase/pkg/backtest/engine.go:40.2,40.21 1 1
github.com/raghavkgarg/mycase/pkg/backtest/engine.go:41.3,42.1 1 1
github.com/raghavkgarg/mycase/pkg/backtest/engine.go:45.2,47.29 3 1
github.com/raghavkgarg/mycase/pkg/backtest/engine.go:48.3,49.37 2 1
github.com/raghavkgarg/mycase/pkg/backtest/engine.go:50.4,51.1 1 1
github.com/raghavkgarg/mycase/pkg/backtest/engine.go:52.3,53.36 2 1
github.com/raghavkgarg/mycase/pkg/backtest/engine.go:54.4,56.1 2 1
github.com/raghavkgarg/mycase/pkg/backtest/engine.go:57.3,57.30 1 1
github.com/raghavkgarg/mycase/pkg/backtest/engine.go:60.2,61.42 2 1
github.com/raghavkgarg/mycase/pkg/backtest/engine.go:62.3,64.1 2 1
github.com/raghavkgarg/mycase/pkg/backtest/engine.go:67.2,68.35 2 1
github.com/raghavkgarg/mycase/pkg/backtest/engine.go:69.3,69.43 1 1
github.com/raghavkgarg/mycase/pkg/backtest/engine.go:70.4,70.12 1 0
github.com/raghavkgarg/mycase/pkg/backtest/engine.go:72.3,73.30 2 1
github.com/raghavkgarg/mycase/pkg/backtest/engine.go:74.4,74.53 1 1
github.com/raghavkgarg/mycase/pkg/backtest/engine.go:75.5,76.10 2 0
github.com/raghavkgarg/mycase/pkg/backtest/engine.go:79.3,79.17 1 1
github.com/raghavkgarg/mycase/pkg/backtest/engine.go:80.4,81.1 1 1
github.com/raghavkgarg/mycase/pkg/backtest/engine.go:83.2,84.1 2 1
github.com/raghavkgarg/mycase/pkg/backtest/engine.go:85.2,85.26 2 1
github.com/raghavkgarg/mycase/pkg/backtest/engine.go:86.3,87.1 1 1
github.com/raghavkgarg/mycase/pkg/backtest/engine.go:90.2,93.1 4 1
github.com/raghavkgarg/mycase/pkg/backtest/engine.go:94.2,94.29 4 1
github.com/raghavkgarg/mycase/pkg/backtest/engine.go:95.3,96.17 2 1
github.com/raghavkgarg/mycase/pkg/backtest/engine.go:97.4,97.12 1 0
github.com/raghavkgarg/mycase/pkg/backtest/engine.go:99.3,102.20 4 1
github.com/raghavkgarg/mycase/pkg/backtest/engine.go:106.2,108.1 4 1
github.com/raghavkgarg/mycase/pkg/backtest/engine.go:109.2,110.29 4 1
github.com/raghavkgarg/mycase/pkg/backtest/engine.go:111.3,112.1 1 1
github.com/raghavkgarg/mycase/pkg/backtest/engine.go:114.2,117.1 4 1
github.com/raghavkgarg/mycase/pkg/backtest/engine.go:118.2,118.37 4 1
github.com/raghavkgarg/mycase/pkg/backtest/engine.go:119.3,120.1 3 1
github.com/raghavkgarg/mycase/pkg/backtest/engine.go:122.3,123.30 3 1
github.com/raghavkgarg/mycase/pkg/backtest/engine.go:124.4,125.1 1 1
github.com/raghavkgarg/mycase/pkg/backtest/engine.go:126.3,127.1 4 1
github.com/raghavkgarg/mycase/pkg/backtest/engine.go:128.3,133.1 4 1
github.com/raghavkgarg/mycase/pkg/backtest/engine.go:135.3,136.24 4 1
github.com/raghavkgarg/mycase/pkg/backtest/engine.go:138.4,140.43 1 0
github.com/raghavkgarg/mycase/pkg/backtest/engine.go:142.4,142.37 1 1
github.com/raghavkgarg/mycase/pkg/backtest/engine.go:142.39,142.72 1 1
github.com/raghavkgarg/mycase/pkg/backtest/engine.go:143.4,145.43 1 1
github.com/raghavkgarg/mycase/pkg/backtest/engine.go:147.4,147.19 1 1
github.com/raghavkgarg/mycase/pkg/backtest/engine.go:148.5,149.23 2 1
github.com/raghavkgarg/mycase/pkg/backtest/engine.go:150.6,151.1 1 0
github.com/raghavkgarg/mycase/pkg/backtest/engine.go:152.5,152.32 1 1
github.com/raghavkgarg/mycase/pkg/backtest/engine.go:153.6,153.37 1 1
github.com/raghavkgarg/mycase/pkg/backtest/engine.go:154.7,155.59 2 1
github.com/raghavkgarg/mycase/pkg/backtest/engine.go:156.8,157.13 2 0
github.com/raghavkgarg/mycase/pkg/backtest/engine.go:164.3,164.43 1 1
github.com/raghavkgarg/mycase/pkg/backtest/engine.go:165.4,166.31 2 1
github.com/raghavkgarg/mycase/pkg/backtest/engine.go:167.5,168.1 1 1
github.com/raghavkgarg/mycase/pkg/backtest/engine.go:169.4,171.20 3 1
github.com/raghavkgarg/mycase/pkg/backtest/engine.go:172.10,172.32 1 1
github.com/raghavkgarg/mycase/pkg/backtest/engine.go:173.4,174.1 1 1
github.com/raghavkgarg/mycase/pkg/backtest/engine.go:177.2,177.25 1 1
github.com/raghavkgarg/mycase/pkg/backtest/engine.go:178.3,179.1 1 0
github.com/raghavkgarg/mycase/pkg/backtest/engine.go:181.2,183.30 3 1
github.com/raghavkgarg/mycase/pkg/backtest/engine.go:184.3,186.1 2 1
github.com/raghavkgarg/mycase/pkg/backtest/engine.go:188.2,192.1 12 1
github.com/raghavkgarg/mycase/pkg/backtest/engine.go:193.2,196.1 12 1
github.com/raghavkgarg/mycase/pkg/backtest/engine.go:198.2,202.1 12 1
github.com/raghavkgarg/mycase/pkg/backtest/engine.go:203.2,217.8 12 1
github.com/raghavkgarg/mycase/pkg/backtest/engine.go:230.2,230.29 1 1
github.com/raghavkgarg/mycase/pkg/backtest/engine.go:231.3,233.47 3 1
github.com/raghavkgarg/mycase/pkg/backtest/engine.go:234.4,237.1 3 0
github.com/raghavkgarg/mycase/pkg/backtest/engine.go:240.2,240.29 1 1
github.com/raghavkgarg/mycase/pkg/backtest/engine.go:241.3,243.47 3 1
github.com/raghavkgarg/mycase/pkg/backtest/engine.go:244.4,245.26 2 0
github.com/raghavkgarg/mycase/pkg/backtest/engine.go:246.5,247.1 1 0
github.com/raghavkgarg/mycase/pkg/backtest/engine.go:248.4,250.60 3 0
github.com/raghavkgarg/mycase/pkg/backtest/engine.go:256.2,256.11 1 1
github.com/raghavkgarg/mycase/pkg/backtest/engine.go:257.3,258.1 1 0
github.com/raghavkgarg/mycase/pkg/backtest/engine.go:259.2,259.10 1 1
github.com/raghavkgarg/mycase/pkg/backtest/metrics.go:10.2,10.45 1 1
github.com/raghavkgarg/mycase/pkg/backtest/metrics.go:11.3,12.1 1 1
github.com/raghavkgarg/mycase/pkg/backtest/metrics.go:13.2,14.45 2 1
github.com/raghavkgarg/mycase/pkg/backtest/metrics.go:19.2,19.22 1 1
github.com/raghavkgarg/mycase/pkg/backtest/metrics.go:20.3,21.1 1 0
github.com/raghavkgarg/mycase/pkg/backtest/metrics.go:22.2,24.27 3 1
github.com/raghavkgarg/mycase/pkg/backtest/metrics.go:25.3,25.15 1 1
github.com/raghavkgarg/mycase/pkg/backtest/metrics.go:26.4,27.1 1 1
github.com/raghavkgarg/mycase/pkg/backtest/metrics.go:28.3,28.15 1 1
github.com/raghavkgarg/mycase/pkg/backtest/metrics.go:29.4,29.43 1 1
github.com/raghavkgarg/mycase/pkg/backtest/metrics.go:30.5,31.1 1 1
github.com/raghavkgarg/mycase/pkg/backtest/metrics.go:34.2,34.14 1 1
github.com/raghavkgarg/mycase/pkg/backtest/metrics.go:39.2,40.1 1 1
github.com/raghavkgarg/mycase/pkg/backtest/metrics.go:45.2,46.20 2 1
github.com/raghavkgarg/mycase/pkg/backtest/metrics.go:47.3,48.1 1 0
github.com/raghavkgarg/mycase/pkg/backtest/metrics.go:49.2,51.25 3 1
github.com/raghavkgarg/mycase/pkg/backtest/metrics.go:52.3,53.1 1 1
github.com/raghavkgarg/mycase/pkg/backtest/metrics.go:54.2,56.13 3 1
github.com/raghavkgarg/mycase/pkg/backtest/metrics.go:57.3,58.1 1 1
github.com/raghavkgarg/mycase/pkg/backtest/metrics.go:59.2,59.34 1 1
github.com/raghavkgarg/mycase/pkg/backtest/metrics.go:65.2,66.1 1 1
github.com/raghavkgarg/mycase/pkg/backtest/metrics.go:71.2,72.20 2 1
github.com/raghavkgarg/mycase/pkg/backtest/metrics.go:73.3,74.1 1 0
github.com/raghavkgarg/mycase/pkg/backtest/metrics.go:75.2,77.1 4 1
github.com/raghavkgarg/mycase/pkg/backtest/metrics.go:78.2,79.25 4 1
github.com/raghavkgarg/mycase/pkg/backtest/metrics.go:80.3,80.32 1 1
github.com/raghavkgarg/mycase/pkg/backtest/metrics.go:81.4,82.1 1 1
github.com/raghavkgarg/mycase/pkg/backtest/metrics.go:84.2,86.22 3 1
github.com/raghavkgarg/mycase/pkg/backtest/metrics.go:87.3,88.1 1 1
github.com/raghavkgarg/mycase/pkg/backtest/metrics.go:89.2,89.43 1 1
github.com/raghavkgarg/mycase/pkg/backtest/metrics.go:94.2,94.22 1 1
github.com/raghavkgarg/mycase/pkg/backtest/metrics.go:95.3,96.1 1 1
github.com/raghavkgarg/mycase/pkg/backtest/metrics.go:97.2,97.37 1 1
github.com/raghavkgarg/mycase/pkg/backtest/metrics.go:102.2,105.11 4 1
github.com/raghavkgarg/mycase/pkg/backtest/metrics.go:106.3,107.1 1 1
github.com/raghavkgarg/mycase/pkg/backtest/metrics.go:108.2,110.1 6 1
github.com/raghavkgarg/mycase/pkg/backtest/metrics.go:111.2,113.1 6 1
github.com/raghavkgarg/mycase/pkg/backtest/metrics.go:114.2,115.19 6 1
github.com/raghavkgarg/mycase/pkg/backtest/metrics.go:116.3,120.1 4 1
github.com/raghavkgarg/mycase/pkg/backtest/metrics.go:121.2,121.19 1 1
github.com/raghavkgarg/mycase/pkg/backtest/metrics.go:122.3,123.1 1 1
github.com/raghavkgarg/mycase/pkg/backtest/metrics.go:124.2,124.23 1 1
github.com/raghavkgarg/mycase/pkg/backtest/metrics.go:129.2,130.1 1 1
github.com/raghavkgarg/mycase/pkg/backtest/metrics.go:134.2,135.1 1 1
github.com/raghavkgarg/mycase/pkg/backtest/metrics.go:139.2,139.21 1 1
github.com/raghavkgarg/mycase/pkg/backtest/metrics.go:140.3,141.1 1 0
github.com/raghavkgarg/mycase/pkg/backtest/metrics.go:142.2,143.35 2 1
github.com/raghavkgarg/mycase/pkg/backtest/metrics.go:144.3,144.22 1 1
github.com/raghavkgarg/mycase/pkg/backtest/metrics.go:145.4,146.1 1 1
github.com/raghavkgarg/mycase/pkg/backtest/metrics.go:148.2,148.12 1 1
github.com/raghavkgarg/mycase/pkg/backtest/metrics.go:152.2,152.18 1 1
github.com/raghavkgarg/mycase/pkg/backtest/metrics.go:153.3,154.1 1 0
github.com/raghavkgarg/mycase/pkg/backtest/metrics.go:155.2,156.23 2 1
github.com/raghavkgarg/mycase/pkg/backtest/metrics.go:157.3,158.1 1 1
github.com/raghavkgarg/mycase/pkg/backtest/metrics.go:159.2,159.29 1 1
github.com/raghavkgarg/mycase/pkg/backtest/metrics.go:163.2,163.17 1 1
github.com/raghavkgarg/mycase/pkg/backtest/metrics.go:164.3,165.1 1 1
github.com/raghavkgarg/mycase/pkg/backtest/metrics.go:166.2,167.23 2 1
github.com/raghavkgarg/mycase/pkg/backtest/metrics.go:168.3,170.1 2 1
github.com/raghavkgarg/mycase/pkg/backtest/metrics.go:171.2,171.42 1 1
github.com/raghavkgarg/mycase/pkg/backtest/valuation.go:47.2,49.1 3 0
github.com/raghavkgarg/mycase/pkg/backtest/valuation.go:50.2,50.30 3 0
github.com/raghavkgarg/mycase/pkg/backtest/valuation.go:51.3,52.34 2 0
github.com/raghavkgarg/mycase/pkg/backtest/valuation.go:53.4,58.1 3 0
github.com/raghavkgarg/mycase/pkg/backtest/valuation.go:60.4,60.21 3 0
github.com/raghavkgarg/mycase/pkg/backtest/valuation.go:61.5,62.19 2 0
github.com/raghavkgarg/mycase/pkg/backtest/valuation.go:63.6,66.1 3 0
github.com/raghavkgarg/mycase/pkg/backtest/valuation.go:67.5,69.40 3 0
github.com/raghavkgarg/mycase/pkg/backtest/valuation.go:70.6,71.88 2 0
github.com/raghavkgarg/mycase/pkg/backtest/valuation.go:72.7,74.12 3 0
github.com/raghavkgarg/mycase/pkg/backtest/valuation.go:77.5,77.24 1 0
github.com/raghavkgarg/mycase/pkg/backtest/valuation.go:78.6,79.41 2 0
github.com/raghavkgarg/mycase/pkg/backtest/valuation.go:80.7,82.38 3 0
github.com/raghavkgarg/mycase/pkg/backtest/valuation.go:83.8,86.1 3 0
github.com/raghavkgarg/mycase/pkg/backtest/valuation.go:89.5,89.24 1 0
github.com/raghavkgarg/mycase/pkg/backtest/valuation.go:90.6,93.1 3 0
github.com/raghavkgarg/mycase/pkg/backtest/valuation.go:94.5,95.29 2 0
github.com/raghavkgarg/mycase/pkg/backtest/valuation.go:96.6,97.1 1 0
github.com/raghavkgarg/mycase/pkg/backtest/valuation.go:98.5,103.69 6 0
github.com/raghavkgarg/mycase/pkg/backtest/valuation.go:105.5,106.19 2 0
github.com/raghavkgarg/mycase/pkg/backtest/valuation.go:107.6,110.1 3 0
github.com/raghavkgarg/mycase/pkg/backtest/valuation.go:111.5,114.40 4 0
github.com/raghavkgarg/mycase/pkg/backtest/valuation.go:115.6,117.18 3 0
github.com/raghavkgarg/mycase/pkg/backtest/valuation.go:118.7,119.1 1 0
github.com/raghavkgarg/mycase/pkg/backtest/valuation.go:120.6,120.88 1 0
github.com/raghavkgarg/mycase/pkg/backtest/valuation.go:121.7,121.48 1 0
github.com/raghavkgarg/mycase/pkg/backtest/valuation.go:122.8,125.1 3 0
github.com/raghavkgarg/mycase/pkg/backtest/valuation.go:128.5,128.24 1 0
github.com/raghavkgarg/mycase/pkg/backtest/valuation.go:129.6,129.41 1 0
github.com/raghavkgarg/mycase/pkg/backtest/valuation.go:130.7,131.89 2 0
github.com/raghavkgarg/mycase/pkg/backtest/valuation.go:132.8,134.13 3 0
github.com/raghavkgarg/mycase/pkg/backtest/valuation.go:138.5,138.24 1 0
github.com/raghavkgarg/mycase/pkg/backtest/valuation.go:139.6,142.1 3 0
github.com/raghavkgarg/mycase/pkg/backtest/valuation.go:143.5,144.29 2 0
github.com/raghavkgarg/mycase/pkg/backtest/valuation.go:145.6,146.1 1 0
github.com/raghavkgarg/mycase/pkg/backtest/valuation.go:147.5,152.69 6 0
github.com/raghavkgarg/mycase/pkg/backtest/valuation.go:154.4,154.22 1 0
github.com/raghavkgarg/mycase/pkg/backtest/valuation.go:157.2,158.16 2 0
github.com/raghavkgarg/mycase/pkg/autopilot/alert.go:21.2,22.1 5 0
github.com/raghavkgarg/mycase/pkg/autopilot/alert.go:23.2,26.1 5 0
github.com/raghavkgarg/mycase/pkg/autopilot/alert.go:28.2,28.24 5 0
github.com/raghavkgarg/mycase/pkg/autopilot/alert.go:29.3,30.31 2 0
github.com/raghavkgarg/mycase/pkg/autopilot/alert.go:31.4,32.22 2 0
github.com/raghavkgarg/mycase/pkg/autopilot/alert.go:33.5,34.1 1 0
github.com/raghavkgarg/mycase/pkg/autopilot/alert.go:35.4,35.26 1 0
github.com/raghavkgarg/mycase/pkg/autopilot/alert.go:37.3,37.25 1 0
github.com/raghavkgarg/mycase/pkg/autopilot/alert.go:41.2,41.22 1 0
github.com/raghavkgarg/mycase/pkg/autopilot/alert.go:42.3,43.29 2 0
github.com/raghavkgarg/mycase/pkg/autopilot/alert.go:44.4,45.22 2 0
github.com/raghavkgarg/mycase/pkg/autopilot/alert.go:46.5,47.1 1 0
github.com/raghavkgarg/mycase/pkg/autopilot/alert.go:48.4,48.26 1 0
github.com/raghavkgarg/mycase/pkg/autopilot/alert.go:50.3,50.25 1 0
github.com/raghavkgarg/mycase/pkg/autopilot/alert.go:54.2,55.29 2 0
github.com/raghavkgarg/mycase/pkg/autopilot/alert.go:56.3,56.24 1 0
github.com/raghavkgarg/mycase/pkg/autopilot/alert.go:57.4,58.1 1 0
github.com/raghavkgarg/mycase/pkg/autopilot/alert.go:59.4,60.1 1 0
github.com/raghavkgarg/mycase/pkg/autopilot/alert.go:62.2,67.1 6 0
github.com/raghavkgarg/mycase/pkg/autopilot/alert.go:68.2,68.28 6 0
github.com/raghavkgarg/mycase/pkg/autopilot/alert.go:69.3,70.1 1 0
github.com/raghavkgarg/mycase/pkg/autopilot/alert.go:73.2,73.28 1 0
github.com/raghavkgarg/mycase/pkg/autopilot/alert.go:74.3,75.36 2 0
github.com/raghavkgarg/mycase/pkg/autopilot/alert.go:76.4,77.1 1 0
github.com/raghavkgarg/mycase/pkg/autopilot/alert.go:80.2,83.1 5 0
github.com/raghavkgarg/mycase/pkg/autopilot/alert.go:84.2,85.1 5 0
github.com/raghavkgarg/mycase/pkg/autopilot/alert.go:86.2,90.1 5 0
github.com/raghavkgarg/mycase/pkg/autopilot/alert.go:95.2,97.35 3 0
github.com/raghavkgarg/mycase/pkg/autopilot/alert.go:98.3,98.16 1 0
github.com/raghavkgarg/mycase/pkg/autopilot/alert.go:99.4,100.1 1 0
github.com/raghavkgarg/mycase/pkg/autopilot/alert.go:101.4,102.1 1 0
github.com/raghavkgarg/mycase/pkg/autopilot/alert.go:105.2,108.1 4 0
github.com/raghavkgarg/mycase/pkg/autopilot/alert.go:109.2,109.19 4 0
github.com/raghavkgarg/mycase/pkg/autopilot/alert.go:110.3,111.36 2 0
github.com/raghavkgarg/mycase/pkg/autopilot/alert.go:112.4,112.18 1 0
github.com/raghavkgarg/mycase/pkg/autopilot/alert.go:113.5,114.1 1 0
github.com/raghavkgarg/mycase/pkg/autopilot/alert.go:118.2,120.19 3 0
github.com/raghavkgarg/mycase/pkg/autopilot/alert.go:121.3,123.1 2 0
github.com/raghavkgarg/mycase/pkg/autopilot/alert.go:125.2,129.1 1 0
github.com/raghavkgarg/mycase/pkg/autopilot/alert.go:141.2,142.16 2 0
github.com/raghavkgarg/mycase/pkg/autopilot/alert.go:143.3,144.1 1 0
github.com/raghavkgarg/mycase/pkg/autopilot/alert.go:145.2,146.29 2 0
github.com/raghavkgarg/mycase/pkg/autopilot/alert.go:147.3,147.30 1 0
github.com/raghavkgarg/mycase/pkg/autopilot/alert.go:148.4,149.1 1 0
github.com/raghavkgarg/mycase/pkg/autopilot/alert.go:151.2,151.24 1 0
github.com/raghavkgarg/mycase/pkg/autopilot/alert.go:152.3,153.1 1 0
github.com/raghavkgarg/mycase/pkg/autopilot/alert.go:155.2,156.16 2 0
github.com/raghavkgarg/mycase/pkg/autopilot/alert.go:157.3,158.1 1 0
github.com/raghavkgarg/mycase/pkg/autopilot/alert.go:159.2,164.1 5 0
github.com/raghavkgarg/mycase/pkg/autopilot/alert.go:166.2,168.16 5 0
github.com/raghavkgarg/mycase/pkg/autopilot/alert.go:169.3,170.1 1 0
github.com/raghavkgarg/mycase/pkg/autopilot/alert.go:171.2,173.56 3 0
github.com/raghavkgarg/mycase/pkg/autopilot/alert.go:178.2,180.1 2 0
github.com/raghavkgarg/mycase/pkg/autopilot/alert.go:185.2,194.1 9 1
github.com/raghavkgarg/mycase/pkg/autopilot/alert.go:195.2,199.1 9 1
github.com/raghavkgarg/mycase/pkg/autopilot/alert.go:206.2,206.23 1 1
github.com/raghavkgarg/mycase/pkg/autopilot/alert.go:207.3,208.1 1 1
github.com/raghavkgarg/mycase/pkg/autopilot/alert.go:209.2,210.48 2 0
github.com/raghavkgarg/mycase/pkg/autopilot/alert.go:215.2,217.1 2 0
github.com/raghavkgarg/mycase/pkg/autopilot/alert.go:220.2,221.30 2 0
github.com/raghavkgarg/mycase/pkg/autopilot/alert.go:222.3,223.30 2 0
github.com/raghavkgarg/mycase/pkg/autopilot/alert.go:225.4,226.19 2 0
github.com/raghavkgarg/mycase/pkg/autopilot/alert.go:227.5,228.1 1 0
github.com/raghavkgarg/mycase/pkg/autopilot/alert.go:229.4,230.35 2 0
github.com/raghavkgarg/mycase/pkg/autopilot/alert.go:231.5,232.13 2 0
github.com/raghavkgarg/mycase/pkg/autopilot/alert.go:234.4,234.69 1 0
github.com/raghavkgarg/mycase/pkg/autopilot/alert.go:236.4,237.24 2 0
github.com/raghavkgarg/mycase/pkg/autopilot/alert.go:238.5,239.1 1 0
github.com/raghavkgarg/mycase/pkg/autopilot/alert.go:240.4,240.24 1 0
github.com/raghavkgarg/mycase/pkg/autopilot/alert.go:241.5,242.13 2 0
github.com/raghavkgarg/mycase/pkg/autopilot/alert.go:244.4,244.59 1 0
github.com/raghavkgarg/mycase/pkg/autopilot/alert.go:246.4,247.12 2 0
github.com/raghavkgarg/mycase/pkg/autopilot/alert.go:249.3,249.41 1 0
github.com/raghavkgarg/mycase/pkg/autopilot/alert.go:250.4,251.1 1 0
github.com/raghavkgarg/mycase/pkg/autopilot/alert.go:253.2,253.19 1 0
github.com/raghavkgarg/mycase/pkg/autopilot/alert.go:254.3,255.1 1 0
github.com/raghavkgarg/mycase/pkg/autopilot/alert.go:256.2,256.12 1 0
github.com/raghavkgarg/mycase/pkg/autopilot/alert.go:261.2,261.13 1 0
github.com/raghavkgarg/mycase/pkg/autopilot/alert.go:262.3,263.1 1 0
github.com/raghavkgarg/mycase/pkg/autopilot/alert.go:264.2,264.39 1 0
github.com/raghavkgarg/mycase/pkg/autopilot/autopilot.go:55.2,56.46 2 0
github.com/raghavkgarg/mycase/pkg/autopilot/autopilot.go:57.3,58.1 1 0
github.com/raghavkgarg/mycase/pkg/autopilot/autopilot.go:59.3,60.29 2 0
github.com/raghavkgarg/mycase/pkg/autopilot/autopilot.go:61.4,62.1 1 0
github.com/raghavkgarg/mycase/pkg/autopilot/autopilot.go:63.3,64.28 2 0
github.com/raghavkgarg/mycase/pkg/autopilot/autopilot.go:65.4,66.1 1 0
github.com/raghavkgarg/mycase/pkg/autopilot/autopilot.go:68.3,69.17 2 0
github.com/raghavkgarg/mycase/pkg/autopilot/autopilot.go:70.4,72.1 2 0
github.com/raghavkgarg/mycase/pkg/autopilot/autopilot.go:73.4,75.1 2 0
github.com/raghavkgarg/mycase/pkg/autopilot/autopilot.go:78.2,78.37 1 0
github.com/raghavkgarg/mycase/pkg/autopilot/autopilot.go:79.3,80.1 1 0
github.com/raghavkgarg/mycase/pkg/autopilot/autopilot.go:81.2,81.15 1 0
github.com/raghavkgarg/mycase/pkg/autopilot/autopilot.go:89.2,91.17 3 0
github.com/raghavkgarg/mycase/pkg/autopilot/autopilot.go:92.3,93.1 1 0
github.com/raghavkgarg/mycase/pkg/autopilot/autopilot.go:94.2,95.60 2 0
github.com/raghavkgarg/mycase/pkg/autopilot/autopilot.go:96.3,97.1 1 0
github.com/raghavkgarg/mycase/pkg/autopilot/autopilot.go:98.2,99.25 2 0
github.com/raghavkgarg/mycase/pkg/autopilot/autopilot.go:100.3,101.1 1 0
github.com/raghavkgarg/mycase/pkg/autopilot/autopilot.go:102.2,102.23 1 0
github.com/raghavkgarg/mycase/pkg/autopilot/autopilot.go:103.3,104.1 1 0
github.com/raghavkgarg/mycase/pkg/autopilot/autopilot.go:105.2,106.16 2 0
github.com/raghavkgarg/mycase/pkg/autopilot/autopilot.go:107.3,109.1 2 0
github.com/raghavkgarg/mycase/pkg/autopilot/autopilot.go:110.2,110.15 1 0
github.com/raghavkgarg/mycase/pkg/autopilot/autopilot.go:122.2,126.1 5 0
github.com/raghavkgarg/mycase/pkg/autopilot/autopilot.go:128.2,128.50 5 0
github.com/raghavkgarg/mycase/pkg/autopilot/autopilot.go:129.3,130.1 1 0
github.com/raghavkgarg/mycase/pkg/autopilot/autopilot.go:131.2,131.30 1 0
github.com/raghavkgarg/mycase/pkg/autopilot/autopilot.go:132.3,133.1 1 0
github.com/raghavkgarg/mycase/pkg/autopilot/autopilot.go:135.2,136.1 6 0
github.com/raghavkgarg/mycase/pkg/autopilot/autopilot.go:139.2,140.1 6 0
github.com/raghavkgarg/mycase/pkg/autopilot/autopilot.go:142.2,143.1 6 0
github.com/raghavkgarg/mycase/pkg/autopilot/autopilot.go:145.2,147.15 6 0
github.com/raghavkgarg/mycase/pkg/autopilot/autopilot.go:148.3,154.1 2 0
github.com/raghavkgarg/mycase/pkg/autopilot/autopilot.go:155.3,155.56 2 0
github.com/raghavkgarg/mycase/pkg/autopilot/autopilot.go:156.4,158.1 2 0
github.com/raghavkgarg/mycase/pkg/autopilot/autopilot.go:160.4,160.17 1 0
github.com/raghavkgarg/mycase/pkg/autopilot/autopilot.go:161.5,161.18 1 0
github.com/raghavkgarg/mycase/pkg/autopilot/autopilot.go:162.6,163.1 1 0
github.com/raghavkgarg/mycase/pkg/autopilot/autopilot.go:169.2,173.1 3 0
github.com/raghavkgarg/mycase/pkg/autopilot/autopilot.go:175.2,176.30 3 0
github.com/raghavkgarg/mycase/pkg/autopilot/autopilot.go:177.3,177.33 1 0
github.com/raghavkgarg/mycase/pkg/autopilot/autopilot.go:178.4,182.1 1 0
github.com/raghavkgarg/mycase/pkg/autopilot/autopilot.go:184.2,184.34 1 0
github.com/raghavkgarg/mycase/pkg/autopilot/autopilot.go:185.3,185.35 1 0
github.com/raghavkgarg/mycase/pkg/autopilot/autopilot.go:186.4,190.1 1 0
github.com/raghavkgarg/mycase/pkg/autopilot/autopilot.go:193.2,195.1 3 0
github.com/raghavkgarg/mycase/pkg/autopilot/autopilot.go:196.2,196.30 3 0
github.com/raghavkgarg/mycase/pkg/autopilot/autopilot.go:197.3,207.1 3 0
github.com/raghavkgarg/mycase/pkg/autopilot/autopilot.go:208.3,208.18 3 0
github.com/raghavkgarg/mycase/pkg/autopilot/autopilot.go:209.4,210.1 1 0
github.com/raghavkgarg/mycase/pkg/autopilot/autopilot.go:211.4,213.1 2 0
github.com/raghavkgarg/mycase/pkg/autopilot/autopilot.go:214.3,214.23 1 0
github.com/raghavkgarg/mycase/pkg/autopilot/autopilot.go:215.4,216.1 1 0
github.com/raghavkgarg/mycase/pkg/autopilot/autopilot.go:218.3,220.17 3 0
github.com/raghavkgarg/mycase/pkg/autopilot/autopilot.go:221.4,222.1 1 0
github.com/raghavkgarg/mycase/pkg/autopilot/autopilot.go:223.3,225.1 3 0
github.com/raghavkgarg/mycase/pkg/autopilot/autopilot.go:227.3,227.33 3 0
github.com/raghavkgarg/mycase/pkg/autopilot/autopilot.go:228.4,229.75 2 0
github.com/raghavkgarg/mycase/pkg/autopilot/autopilot.go:230.5,231.1 1 0
github.com/raghavkgarg/mycase/pkg/autopilot/autopilot.go:236.2,237.22 2 0
github.com/raghavkgarg/mycase/pkg/autopilot/autopilot.go:239.3,240.16 2 0
github.com/raghavkgarg/mycase/pkg/autopilot/autopilot.go:241.4,242.39 2 0
github.com/raghavkgarg/mycase/pkg/autopilot/autopilot.go:243.5,244.32 2 0
github.com/raghavkgarg/mycase/pkg/autopilot/autopilot.go:245.6,245.25 1 0
github.com/raghavkgarg/mycase/pkg/autopilot/autopilot.go:246.7,248.1 2 0
github.com/raghavkgarg/mycase/pkg/autopilot/autopilot.go:250.5,250.102 1 0
github.com/raghavkgarg/mycase/pkg/autopilot/autopilot.go:255.3,255.32 1 0
github.com/raghavkgarg/mycase/pkg/autopilot/autopilot.go:256.4,257.70 2 0
github.com/raghavkgarg/mycase/pkg/autopilot/autopilot.go:258.5,259.1 1 0
github.com/raghavkgarg/mycase/pkg/autopilot/autopilot.go:260.4,261.80 2 0
github.com/raghavkgarg/mycase/pkg/autopilot/autopilot.go:262.5,263.1 1 0
github.com/raghavkgarg/mycase/pkg/autopilot/autopilot.go:265.4,266.27 2 0
github.com/raghavkgarg/mycase/pkg/autopilot/autopilot.go:267.5,268.1 1 0
github.com/raghavkgarg/mycase/pkg/autopilot/autopilot.go:269.4,269.29 1 0
github.com/raghavkgarg/mycase/pkg/autopilot/autopilot.go:273.3,286.1 6 0
github.com/raghavkgarg/mycase/pkg/autopilot/autopilot.go:287.3,289.17 6 0
github.com/raghavkgarg/mycase/pkg/autopilot/autopilot.go:290.4,291.1 1 0
github.com/raghavkgarg/mycase/pkg/autopilot/autopilot.go:294.3,294.38 1 0
github.com/raghavkgarg/mycase/pkg/autopilot/autopilot.go:295.4,296.77 2 0
github.com/raghavkgarg/mycase/pkg/autopilot/autopilot.go:297.5,298.1 1 0
github.com/raghavkgarg/mycase/pkg/autopilot/autopilot.go:302.3,313.1 3 0
github.com/raghavkgarg/mycase/pkg/autopilot/autopilot.go:314.3,314.62 3 0
github.com/raghavkgarg/mycase/pkg/autopilot/autopilot.go:315.4,316.1 1 0
github.com/raghavkgarg/mycase/pkg/autopilot/autopilot.go:317.4,318.1 1 0
github.com/raghavkgarg/mycase/pkg/autopilot/autopilot.go:319.3,321.17 3 0
github.com/raghavkgarg/mycase/pkg/autopilot/autopilot.go:322.4,323.1 1 0
github.com/raghavkgarg/mycase/pkg/autopilot/autopilot.go:324.3,326.1 3 0
github.com/raghavkgarg/mycase/pkg/autopilot/autopilot.go:328.3,328.38 3 0
github.com/raghavkgarg/mycase/pkg/autopilot/autopilot.go:329.4,330.81 2 0
github.com/raghavkgarg/mycase/pkg/autopilot/autopilot.go:331.5,332.1 1 0
github.com/raghavkgarg/mycase/pkg/autopilot/autopilot.go:337.4,338.18 2 0
github.com/raghavkgarg/mycase/pkg/autopilot/autopilot.go:340.5,341.1 1 0
github.com/raghavkgarg/mycase/pkg/autopilot/autopilot.go:342.4,343.70 2 0
github.com/raghavkgarg/mycase/pkg/autopilot/autopilot.go:344.5,345.1 1 0
github.com/raghavkgarg/mycase/pkg/autopilot/autopilot.go:348.3,349.1 1 0
github.com/raghavkgarg/mycase/pkg/autopilot/autopilot.go:352.2,353.1 2 0
github.com/raghavkgarg/mycase/pkg/autopilot/autopilot.go:355.2,355.55 2 0
github.com/raghavkgarg/mycase/pkg/autopilot/autopilot.go:356.3,360.63 5 0
github.com/raghavkgarg/mycase/pkg/autopilot/autopilot.go:361.4,363.1 2 0
github.com/raghavkgarg/mycase/pkg/autopilot/autopilot.go:367.2,368.81 2 0
github.com/raghavkgarg/mycase/pkg/autopilot/autopilot.go:369.3,370.1 1 0
github.com/raghavkgarg/mycase/pkg/autopilot/autopilot.go:373.2,374.1 5 0
github.com/raghavkgarg/mycase/pkg/autopilot/autopilot.go:376.2,378.1 5 0
github.com/raghavkgarg/mycase/pkg/autopilot/autopilot.go:383.2,384.15 5 0
github.com/raghavkgarg/mycase/pkg/autopilot/autopilot.go:385.3,385.87 1 0
github.com/raghavkgarg/mycase/pkg/autopilot/autopilot.go:386.4,387.1 1 0
github.com/raghavkgarg/mycase/pkg/autopilot/autopilot.go:388.3,388.60 1 0
github.com/raghavkgarg/mycase/pkg/autopilot/autopilot.go:389.4,390.1 1 0
github.com/raghavkgarg/mycase/pkg/autopilot/autopilot.go:392.2,393.1 4 0
github.com/raghavkgarg/mycase/pkg/autopilot/autopilot.go:395.2,397.16 4 0
github.com/raghavkgarg/mycase/pkg/autopilot/autopilot.go:398.3,399.1 1 0
github.com/raghavkgarg/mycase/pkg/autopilot/autopilot.go:401.2,402.1 4 0
github.com/raghavkgarg/mycase/pkg/autopilot/autopilot.go:404.2,406.29 4 0
github.com/raghavkgarg/mycase/pkg/autopilot/autopilot.go:407.3,408.1 1 0
github.com/raghavkgarg/mycase/pkg/autopilot/autopilot.go:411.2,412.1 2 0
github.com/raghavkgarg/mycase/pkg/autopilot/autopilot.go:414.2,414.25 2 0
github.com/raghavkgarg/mycase/pkg/autopilot/autopilot.go:415.3,423.33 2 0
github.com/raghavkgarg/mycase/pkg/autopilot/autopilot.go:424.4,425.1 1 0
github.com/raghavkgarg/mycase/pkg/autopilot/autopilot.go:426.4,427.1 1 0
github.com/raghavkgarg/mycase/pkg/autopilot/autopilot.go:429.2,429.29 1 0
github.com/raghavkgarg/mycase/pkg/autopilot/autopilot.go:430.3,438.1 1 0
github.com/raghavkgarg/mycase/pkg/autopilot/autopilot.go:441.2,442.25 2 0
github.com/raghavkgarg/mycase/pkg/autopilot/autopilot.go:443.3,445.1 2 0
github.com/raghavkgarg/mycase/pkg/autopilot/autopilot.go:446.2,447.1 2 0
github.com/raghavkgarg/mycase/pkg/autopilot/autopilot.go:449.2,449.25 2 0
github.com/raghavkgarg/mycase/pkg/autopilot/autopilot.go:450.3,450.34 1 0
github.com/raghavkgarg/mycase/pkg/autopilot/autopilot.go:451.4,452.36 2 0
github.com/raghavkgarg/mycase/pkg/autopilot/autopilot.go:453.5,454.1 1 0
github.com/raghavkgarg/mycase/pkg/autopilot/autopilot.go:455.5,456.1 1 0
github.com/raghavkgarg/mycase/pkg/autopilot/autopilot.go:461.2,461.47 1 0
github.com/raghavkgarg/mycase/pkg/autopilot/autopilot.go:462.3,463.1 1 0
github.com/raghavkgarg/mycase/pkg/autopilot/autopilot.go:464.2,465.1 2 0
github.com/raghavkgarg/mycase/pkg/autopilot/autopilot.go:467.2,467.15 2 0
github.com/raghavkgarg/mycase/pkg/autopilot/autopilot.go:468.3,468.52 1 0
github.com/raghavkgarg/mycase/pkg/autopilot/autopilot.go:469.4,470.1 1 0
github.com/raghavkgarg/mycase/pkg/autopilot/autopilot.go:471.4,472.1 1 0
github.com/raghavkgarg/mycase/pkg/autopilot/autopilot.go:475.2,480.8 1 0
github.com/raghavkgarg/mycase/pkg/autopilot/autopilot.go:485.2,486.16 2 0
github.com/raghavkgarg/mycase/pkg/autopilot/autopilot.go:487.3,488.1 1 0
github.com/raghavkgarg/mycase/pkg/autopilot/autopilot.go:490.2,491.16 2 0
github.com/raghavkgarg/mycase/pkg/autopilot/autopilot.go:492.3,493.1 1 0
github.com/raghavkgarg/mycase/pkg/autopilot/autopilot.go:495.2,496.29 2 0
github.com/raghavkgarg/mycase/pkg/autopilot/autopilot.go:497.3,498.1 1 0
github.com/raghavkgarg/mycase/pkg/autopilot/autopilot.go:500.2,501.16 2 0
github.com/raghavkgarg/mycase/pkg/autopilot/autopilot.go:502.3,503.1 1 0
github.com/raghavkgarg/mycase/pkg/autopilot/autopilot.go:506.2,507.33 2 0
github.com/raghavkgarg/mycase/pkg/autopilot/autopilot.go:508.3,510.22 3 0
github.com/raghavkgarg/mycase/pkg/autopilot/autopilot.go:511.4,512.1 1 0
github.com/raghavkgarg/mycase/pkg/autopilot/autopilot.go:513.3,513.55 1 0
github.com/raghavkgarg/mycase/pkg/autopilot/autopilot.go:517.2,518.33 2 0
github.com/raghavkgarg/mycase/pkg/autopilot/autopilot.go:519.3,520.15 2 0
github.com/raghavkgarg/mycase/pkg/autopilot/autopilot.go:521.4,521.12 1 0
github.com/raghavkgarg/mycase/pkg/autopilot/autopilot.go:523.3,526.22 4 0
github.com/raghavkgarg/mycase/pkg/autopilot/autopilot.go:527.4,528.1 1 0
github.com/raghavkgarg/mycase/pkg/autopilot/autopilot.go:529.3,531.16 3 0
github.com/raghavkgarg/mycase/pkg/autopilot/autopilot.go:532.4,532.12 1 0
github.com/raghavkgarg/mycase/pkg/autopilot/autopilot.go:534.3,536.15 3 0
github.com/raghavkgarg/mycase/pkg/autopilot/autopilot.go:537.4,540.1 3 0
github.com/raghavkgarg/mycase/pkg/autopilot/autopilot.go:541.3,550.5 1 0
github.com/raghavkgarg/mycase/pkg/autopilot/autopilot.go:553.2,553.28 1 0
github.com/raghavkgarg/mycase/pkg/autopilot/autopilot.go:559.2,559.39 1 0
github.com/raghavkgarg/mycase/pkg/autopilot/autopilot.go:560.3,560.20 1 0
github.com/raghavkgarg/mycase/pkg/autopilot/autopilot.go:561.4,561.12 1 0
github.com/raghavkgarg/mycase/pkg/autopilot/autopilot.go:563.3,564.32 2 0
github.com/raghavkgarg/mycase/pkg/autopilot/autopilot.go:565.4,570.1 1 0
github.com/raghavkgarg/mycase/pkg/autopilot/autopilot.go:570.10,570.41 1 0
github.com/raghavkgarg/mycase/pkg/autopilot/autopilot.go:571.4,576.1 1 0
github.com/raghavkgarg/mycase/pkg/autopilot/autopilot.go:580.2,580.39 1 0
github.com/raghavkgarg/mycase/pkg/autopilot/autopilot.go:581.3,581.20 1 0
github.com/raghavkgarg/mycase/pkg/autopilot/autopilot.go:582.4,582.12 1 0
github.com/raghavkgarg/mycase/pkg/autopilot/autopilot.go:584.3,585.31 2 0
github.com/raghavkgarg/mycase/pkg/autopilot/autopilot.go:586.4,591.1 1 0
github.com/raghavkgarg/mycase/pkg/autopilot/autopilot.go:594.2,594.32 1 0
github.com/raghavkgarg/mycase/pkg/autopilot/autopilot.go:599.2,600.16 2 0
github.com/raghavkgarg/mycase/pkg/autopilot/autopilot.go:601.3,602.1 1 0
github.com/raghavkgarg/mycase/pkg/autopilot/autopilot.go:603.2,604.26 2 0
github.com/raghavkgarg/mycase/pkg/autopilot/autopilot.go:605.3,605.34 1 0
github.com/raghavkgarg/mycase/pkg/autopilot/autopilot.go:606.4,607.1 1 0
github.com/raghavkgarg/mycase/pkg/autopilot/autopilot.go:613.2,614.40 2 0
github.com/raghavkgarg/mycase/pkg/autopilot/autopilot.go:615.3,621.1 2 0
github.com/raghavkgarg/mycase/pkg/autopilot/autopilot.go:622.3,622.22 2 0
github.com/raghavkgarg/mycase/pkg/autopilot/autopilot.go:623.4,624.1 1 0
github.com/raghavkgarg/mycase/pkg/autopilot/autopilot.go:625.3,625.27 1 0
github.com/raghavkgarg/mycase/pkg/autopilot/autopilot.go:627.2,627.14 1 0
github.com/raghavkgarg/mycase/pkg/autopilot/autopilot.go:632.2,633.40 2 0
github.com/raghavkgarg/mycase/pkg/autopilot/autopilot.go:634.3,639.1 2 0
github.com/raghavkgarg/mycase/pkg/autopilot/autopilot.go:640.3,640.22 2 0
github.com/raghavkgarg/mycase/pkg/autopilot/autopilot.go:641.4,642.1 1 0
github.com/raghavkgarg/mycase/pkg/autopilot/autopilot.go:643.3,643.35 1 0
github.com/raghavkgarg/mycase/pkg/autopilot/autopilot.go:645.2,645.18 1 0
github.com/raghavkgarg/mycase/pkg/autopilot/autopilot.go:654.2,655.40 2 0
github.com/raghavkgarg/mycase/pkg/autopilot/autopilot.go:656.3,662.1 2 0
github.com/raghavkgarg/mycase/pkg/autopilot/autopilot.go:663.3,663.22 2 0
github.com/raghavkgarg/mycase/pkg/autopilot/autopilot.go:664.4,665.1 1 0
github.com/raghavkgarg/mycase/pkg/autopilot/autopilot.go:666.3,666.38 1 0
github.com/raghavkgarg/mycase/pkg/autopilot/autopilot.go:667.4,674.1 7 0
github.com/raghavkgarg/mycase/pkg/autopilot/autopilot.go:675.3,675.32 1 0
github.com/raghavkgarg/mycase/pkg/autopilot/autopilot.go:676.4,679.1 3 0
github.com/raghavkgarg/mycase/pkg/autopilot/autopilot.go:680.3,680.37 1 0
github.com/raghavkgarg/mycase/pkg/autopilot/autopilot.go:682.2,682.19 1 0
github.com/raghavkgarg/mycase/pkg/autopilot/autopilot.go:687.2,688.25 2 0
github.com/raghavkgarg/mycase/pkg/autopilot/autopilot.go:689.3,690.1 1 0
github.com/raghavkgarg/mycase/pkg/autopilot/autopilot.go:691.2,691.10 1 0
github.com/raghavkgarg/mycase/pkg/autopilot/autopilot.go:699.2,699.20 1 0
github.com/raghavkgarg/mycase/pkg/autopilot/autopilot.go:700.3,701.1 1 0
github.com/raghavkgarg/mycase/pkg/autopilot/autopilot.go:702.2,703.25 2 0
github.com/raghavkgarg/mycase/pkg/autopilot/autopilot.go:704.3,705.1 1 0
github.com/raghavkgarg/mycase/pkg/autopilot/autopilot.go:706.2,706.10 1 0
github.com/raghavkgarg/mycase/pkg/autopilot/proposal.go:104.2,113.1 2 0
github.com/raghavkgarg/mycase/pkg/autopilot/proposal.go:118.2,119.1 1 0
github.com/raghavkgarg/mycase/pkg/autopilot/proposal.go:123.2,124.1 1 0
github.com/raghavkgarg/mycase/pkg/autopilot/proposal.go:128.2,128.55 1 0
github.com/raghavkgarg/mycase/pkg/autopilot/proposal.go:129.3,130.1 1 0
github.com/raghavkgarg/mycase/pkg/autopilot/proposal.go:131.2,132.16 2 0
github.com/raghavkgarg/mycase/pkg/autopilot/proposal.go:133.3,134.1 1 0
github.com/raghavkgarg/mycase/pkg/autopilot/proposal.go:135.2,135.63 1 0
github.com/raghavkgarg/mycase/pkg/autopilot/proposal.go:136.3,137.1 1 0
github.com/raghavkgarg/mycase/pkg/autopilot/proposal.go:138.2,138.12 1 0
github.com/raghavkgarg/mycase/pkg/autopilot/proposal.go:144.2,145.16 2 0
github.com/raghavkgarg/mycase/pkg/autopilot/proposal.go:146.3,146.25 1 0
github.com/raghavkgarg/mycase/pkg/autopilot/proposal.go:147.4,148.1 1 0
github.com/raghavkgarg/mycase/pkg/autopilot/proposal.go:149.3,149.59 1 0
github.com/raghavkgarg/mycase/pkg/autopilot/proposal.go:151.2,152.49 2 0
github.com/raghavkgarg/mycase/pkg/autopilot/proposal.go:153.3,154.1 1 0
github.com/raghavkgarg/mycase/pkg/autopilot/proposal.go:156.2,156.48 1 0
github.com/raghavkgarg/mycase/pkg/autopilot/proposal.go:157.3,159.1 2 0
github.com/raghavkgarg/mycase/pkg/autopilot/proposal.go:160.2,160.16 1 0
github.com/raghavkgarg/mycase/pkg/autopilot/proposal.go:165.2,165.23 1 0
github.com/raghavkgarg/mycase/pkg/autopilot/proposal.go:166.3,166.20 1 0
github.com/raghavkgarg/mycase/pkg/autopilot/proposal.go:167.4,168.1 1 0
github.com/raghavkgarg/mycase/pkg/autopilot/proposal.go:169.3,169.82 1 0
github.com/raghavkgarg/mycase/pkg/autopilot/proposal.go:171.2,174.24 4 0
github.com/raghavkgarg/mycase/pkg/autopilot/proposal.go:179.2,179.31 1 0
github.com/raghavkgarg/mycase/pkg/autopilot/proposal.go:180.3,181.1 1 0
github.com/raghavkgarg/mycase/pkg/autopilot/proposal.go:182.2,183.24 2 0
github.com/raghavkgarg/mycase/pkg/autopilot/proposal.go:188.2,189.54 2 0
github.com/raghavkgarg/mycase/pkg/autopilot/proposal.go:190.3,191.1 1 0
github.com/raghavkgarg/mycase/pkg/autopilot/proposal.go:192.2,194.1 4 0
github.com/raghavkgarg/mycase/pkg/autopilot/proposal.go:195.2,196.16 4 0
github.com/raghavkgarg/mycase/pkg/autopilot/proposal.go:197.3,198.1 1 0
github.com/raghavkgarg/mycase/pkg/autopilot/proposal.go:199.2,199.62 1 0
github.com/raghavkgarg/mycase/pkg/autopilot/proposal.go:200.3,201.1 1 0
github.com/raghavkgarg/mycase/pkg/autopilot/proposal.go:203.2,204.12 2 0
github.com/raghavkgarg/mycase/pkg/autopilot/proposal.go:229.2,229.14 1 1
github.com/raghavkgarg/mycase/pkg/autopilot/proposal.go:230.3,231.1 1 1
github.com/raghavkgarg/mycase/pkg/autopilot/proposal.go:234.2,235.35 2 1
github.com/raghavkgarg/mycase/pkg/autopilot/proposal.go:236.3,236.16 1 1
github.com/raghavkgarg/mycase/pkg/autopilot/proposal.go:237.4,238.1 1 1
github.com/raghavkgarg/mycase/pkg/autopilot/proposal.go:242.2,243.29 2 1
github.com/raghavkgarg/mycase/pkg/autopilot/proposal.go:244.3,244.44 1 1
github.com/raghavkgarg/mycase/pkg/autopilot/proposal.go:245.4,246.1 1 1
github.com/raghavkgarg/mycase/pkg/autopilot/proposal.go:248.2,248.19 1 1
github.com/raghavkgarg/mycase/pkg/autopilot/proposal.go:249.3,250.1 1 1
github.com/raghavkgarg/mycase/pkg/autopilot/proposal.go:252.2,254.29 3 1
github.com/raghavkgarg/mycase/pkg/autopilot/proposal.go:255.3,255.45 1 1
github.com/raghavkgarg/mycase/pkg/autopilot/proposal.go:256.4,256.12 1 1
github.com/raghavkgarg/mycase/pkg/autopilot/proposal.go:258.3,263.5 2 1
github.com/raghavkgarg/mycase/pkg/autopilot/proposal.go:265.2,265.18 1 1
github.com/raghavkgarg/mycase/pkg/autopilot/proposal.go:285.2,287.25 3 1
github.com/raghavkgarg/mycase/pkg/autopilot/proposal.go:288.3,288.27 1 1
github.com/raghavkgarg/mycase/pkg/autopilot/proposal.go:289.4,289.12 1 1
github.com/raghavkgarg/mycase/pkg/autopilot/proposal.go:291.3,291.56 1 1
github.com/raghavkgarg/mycase/pkg/autopilot/proposal.go:292.4,292.12 1 1
github.com/raghavkgarg/mycase/pkg/autopilot/proposal.go:294.3,295.17 2 1
github.com/raghavkgarg/mycase/pkg/autopilot/proposal.go:296.4,296.12 1 0
github.com/raghavkgarg/mycase/pkg/autopilot/proposal.go:298.3,299.17 2 1
github.com/raghavkgarg/mycase/pkg/autopilot/proposal.go:301.2,301.16 1 1
github.com/raghavkgarg/mycase/pkg/autopilot/proposal.go:302.3,303.1 1 1
github.com/raghavkgarg/mycase/pkg/autopilot/proposal.go:306.2,307.27 2 1
github.com/raghavkgarg/mycase/pkg/autopilot/proposal.go:308.3,309.1 1 1
github.com/raghavkgarg/mycase/pkg/autopilot/proposal.go:310.2,310.42 1 1
github.com/raghavkgarg/mycase/pkg/autopilot/proposal.go:311.3,311.51 1 1
github.com/raghavkgarg/mycase/pkg/autopilot/proposal.go:312.4,313.1 1 1
github.com/raghavkgarg/mycase/pkg/autopilot/proposal.go:314.3,314.33 1 1
github.com/raghavkgarg/mycase/pkg/autopilot/proposal.go:317.2,318.29 2 1
github.com/raghavkgarg/mycase/pkg/autopilot/proposal.go:319.3,324.1 1 1
github.com/raghavkgarg/mycase/pkg/autopilot/proposal.go:325.2,325.18 1 1
github.com/raghavkgarg/mycase/pkg/autopilot/schedule.go:32.2,34.1 3 0
github.com/raghavkgarg/mycase/pkg/autopilot/schedule.go:36.2,36.20 3 0
github.com/raghavkgarg/mycase/pkg/autopilot/schedule.go:37.3,38.1 1 0
github.com/raghavkgarg/mycase/pkg/autopilot/schedule.go:41.2,41.30 1 0
github.com/raghavkgarg/mycase/pkg/autopilot/schedule.go:42.3,43.1 1 0
github.com/raghavkgarg/mycase/pkg/autopilot/schedule.go:46.2,46.20 1 0
github.com/raghavkgarg/mycase/pkg/autopilot/schedule.go:47.3,48.1 1 0
github.com/raghavkgarg/mycase/pkg/autopilot/schedule.go:49.2,51.60 3 0
github.com/raghavkgarg/mycase/pkg/autopilot/schedule.go:53.3,54.1 1 0
github.com/raghavkgarg/mycase/pkg/autopilot/schedule.go:55.2,57.52 3 0
github.com/raghavkgarg/mycase/pkg/autopilot/schedule.go:63.2,66.1 5 0
github.com/raghavkgarg/mycase/pkg/autopilot/schedule.go:67.2,68.34 5 0
github.com/raghavkgarg/mycase/pkg/autopilot/schedule.go:69.3,71.1 2 0
github.com/raghavkgarg/mycase/pkg/autopilot/schedule.go:73.2,74.1 2 0
github.com/raghavkgarg/mycase/pkg/autopilot/schedule.go:75.2,75.14 2 0
github.com/raghavkgarg/mycase/pkg/autopilot/schedule.go:80.2,82.1 3 0
github.com/raghavkgarg/mycase/pkg/autopilot/schedule.go:83.2,83.23 3 0
github.com/raghavkgarg/mycase/pkg/autopilot/schedule.go:85.3,85.39 1 0
github.com/raghavkgarg/mycase/pkg/autopilot/schedule.go:87.3,87.41 1 0
github.com/raghavkgarg/mycase/pkg/autopilot/schedule.go:90.3,90.21 1 0
github.com/raghavkgarg/mycase/pkg/autopilot/schedule.go:95.2,96.26 2 0
github.com/raghavkgarg/mycase/pkg/autopilot/schedule.go:97.3,98.26 2 0
github.com/raghavkgarg/mycase/pkg/autopilot/schedule.go:99.4,100.1 1 0
github.com/raghavkgarg/mycase/pkg/autopilot/schedule.go:103.2,103.28 1 0
github.com/raghavkgarg/mycase/pkg/autopilot/schedule.go:107.2,108.1 2 0
github.com/raghavkgarg/mycase/pkg/autopilot/schedule.go:109.2,109.41 2 0
github.com/raghavkgarg/mycase/pkg/autopilot/schedule.go:110.3,112.26 3 0
github.com/raghavkgarg/mycase/pkg/autopilot/schedule.go:113.4,114.1 1 0
github.com/raghavkgarg/mycase/pkg/autopilot/schedule.go:117.2,117.66 1 0
github.com/raghavkgarg/mycase/pkg/autopilot/schedule.go:129.2,132.23 4 0
github.com/raghavkgarg/mycase/pkg/autopilot/schedule.go:134.3,134.89 1 0
github.com/raghavkgarg/mycase/pkg/autopilot/schedule.go:137.3,137.20 1 0
github.com/raghavkgarg/mycase/pkg/autopilot/schedule.go:139.4,139.90 1 0
github.com/raghavkgarg/mycase/pkg/autopilot/schedule.go:141.4,141.16 1 0
github.com/raghavkgarg/mycase/pkg/autopilot/schedule.go:144.3,144.15 1 0
github.com/raghavkgarg/mycase/pkg/autopilot/schedule.go:146.2,146.75 1 0
github.com/raghavkgarg/mycase/pkg/autopilot/schedule.go:151.2,152.17 2 0
github.com/raghavkgarg/mycase/pkg/autopilot/schedule.go:155.3,155.67 1 0
github.com/raghavkgarg/mycase/pkg/autopilot/schedule.go:158.3,159.78 2 0
github.com/raghavkgarg/mycase/pkg/autopilot/schedule.go:160.4,161.1 1 0
github.com/raghavkgarg/mycase/pkg/autopilot/schedule.go:162.3,162.17 1 0
github.com/raghavkgarg/mycase/pkg/autopilot/schedule.go:165.3,166.60 2 0
github.com/raghavkgarg/mycase/pkg/autopilot/schedule.go:167.4,168.1 1 0
github.com/raghavkgarg/mycase/pkg/autopilot/schedule.go:169.3,169.26 1 0
github.com/raghavkgarg/mycase/pkg/autopilot/schedule.go:170.4,171.1 1 0
github.com/raghavkgarg/mycase/pkg/autopilot/schedule.go:172.3,172.69 1 0
github.com/raghavkgarg/mycase/pkg/autopilot/schedule.go:178.2,180.16 3 0
github.com/raghavkgarg/mycase/pkg/autopilot/schedule.go:181.3,182.1 1 0
github.com/raghavkgarg/mycase/pkg/autopilot/schedule.go:183.2,183.12 1 0
github.com/raghavkgarg/mycase/pkg/autopilot/schedule.go:189.2,190.1 1 0
github.com/raghavkgarg/mycase/pkg/autopilot/schedule.go:195.2,222.1 1 0
github.com/raghavkgarg/mycase/pkg/autopilot/schedule.go:227.2,227.25 1 0
github.com/raghavkgarg/mycase/pkg/autopilot/schedule.go:228.3,229.1 1 0
github.com/raghavkgarg/mycase/pkg/autopilot/schedule.go:230.2,235.15 1 0
github.com/raghavkgarg/mycase/pkg/attribution/decompose.go:86.2,87.1 3 1
github.com/raghavkgarg/mycase/pkg/attribution/decompose.go:89.2,90.16 3 1
github.com/raghavkgarg/mycase/pkg/attribution/decompose.go:91.3,92.1 1 0
github.com/raghavkgarg/mycase/pkg/attribution/decompose.go:95.2,96.1 3 1
github.com/raghavkgarg/mycase/pkg/attribution/decompose.go:99.2,100.16 3 1
github.com/raghavkgarg/mycase/pkg/attribution/decompose.go:101.3,102.1 1 0
github.com/raghavkgarg/mycase/pkg/attribution/decompose.go:104.2,106.1 7 1
github.com/raghavkgarg/mycase/pkg/attribution/decompose.go:107.2,116.1 7 1
github.com/raghavkgarg/mycase/pkg/attribution/decompose.go:117.2,120.28 7 1
github.com/raghavkgarg/mycase/pkg/attribution/decompose.go:121.3,122.1 1 1
github.com/raghavkgarg/mycase/pkg/attribution/decompose.go:124.2,128.1 2 1
github.com/raghavkgarg/mycase/pkg/attribution/decompose.go:129.2,129.15 2 1
github.com/raghavkgarg/mycase/pkg/attribution/decompose.go:137.2,137.23 1 1
github.com/raghavkgarg/mycase/pkg/attribution/decompose.go:138.3,139.1 1 1
github.com/raghavkgarg/mycase/pkg/attribution/decompose.go:140.2,141.41 2 1
github.com/raghavkgarg/mycase/pkg/attribution/decompose.go:141.43,141.89 1 1
github.com/raghavkgarg/mycase/pkg/attribution/decompose.go:143.2,144.28 2 1
github.com/raghavkgarg/mycase/pkg/attribution/decompose.go:145.3,145.28 1 1
github.com/raghavkgarg/mycase/pkg/attribution/decompose.go:146.4,147.9 2 1
github.com/raghavkgarg/mycase/pkg/attribution/decompose.go:150.2,150.18 1 1
github.com/raghavkgarg/mycase/pkg/attribution/decompose.go:151.3,152.1 1 1
github.com/raghavkgarg/mycase/pkg/attribution/decompose.go:153.2,153.50 1 1
github.com/raghavkgarg/mycase/pkg/attribution/decompose.go:157.2,158.24 2 1
github.com/raghavkgarg/mycase/pkg/attribution/decompose.go:159.3,159.13 1 1
github.com/raghavkgarg/mycase/pkg/attribution/decompose.go:160.4,161.1 1 1
github.com/raghavkgarg/mycase/pkg/attribution/decompose.go:164.2,164.38 1 1
github.com/raghavkgarg/mycase/pkg/attribution/decompose.go:164.40,164.78 1 1
github.com/raghavkgarg/mycase/pkg/attribution/decompose.go:165.2,165.12 1 1
github.com/raghavkgarg/mycase/pkg/attribution/decompose.go:169.2,170.29 2 1
github.com/raghavkgarg/mycase/pkg/attribution/decompose.go:171.3,171.50 1 1
github.com/raghavkgarg/mycase/pkg/attribution/decompose.go:172.4,173.1 1 1
github.com/raghavkgarg/mycase/pkg/attribution/decompose.go:175.2,175.10 1 1
github.com/raghavkgarg/mycase/pkg/attribution/nudge.go:28.2,29.20 2 1
github.com/raghavkgarg/mycase/pkg/attribution/nudge.go:30.3,31.1 1 1
github.com/raghavkgarg/mycase/pkg/attribution/nudge.go:32.2,36.1 2 1
github.com/raghavkgarg/mycase/pkg/attribution/nudge.go:37.2,37.29 2 1
github.com/raghavkgarg/mycase/pkg/attribution/nudge.go:38.3,40.1 2 1
github.com/raghavkgarg/mycase/pkg/attribution/nudge.go:41.2,41.26 1 1
github.com/raghavkgarg/mycase/pkg/attribution/nudge.go:42.3,45.1 3 1
github.com/raghavkgarg/mycase/pkg/attribution/nudge.go:46.2,47.10 2 1
github.com/raghavkgarg/mycase/pkg/attribution/store.go:35.2,35.15 1 1
github.com/raghavkgarg/mycase/pkg/attribution/store.go:36.3,37.1 1 1
github.com/raghavkgarg/mycase/pkg/attribution/store.go:38.2,38.23 1 1
github.com/raghavkgarg/mycase/pkg/attribution/store.go:42.2,42.15 1 1
github.com/raghavkgarg/mycase/pkg/attribution/store.go:43.3,44.1 1 1
github.com/raghavkgarg/mycase/pkg/attribution/store.go:45.2,45.64 1 1
github.com/raghavkgarg/mycase/pkg/attribution/store.go:46.3,47.1 1 0
github.com/raghavkgarg/mycase/pkg/attribution/store.go:48.2,49.12 2 1
github.com/raghavkgarg/mycase/pkg/attribution/store.go:56.2,56.34 1 1
github.com/raghavkgarg/mycase/pkg/attribution/store.go:57.3,58.1 1 1
github.com/raghavkgarg/mycase/pkg/attribution/store.go:59.2,59.44 1 1
github.com/raghavkgarg/mycase/pkg/attribution/store.go:60.3,61.1 1 0
github.com/raghavkgarg/mycase/pkg/attribution/store.go:62.2,63.16 2 1
github.com/raghavkgarg/mycase/pkg/attribution/store.go:64.3,65.1 1 0
github.com/raghavkgarg/mycase/pkg/attribution/store.go:66.2,66.15 1 1
github.com/raghavkgarg/mycase/pkg/attribution/store.go:66.17,66.36 1 1
github.com/raghavkgarg/mycase/pkg/attribution/store.go:68.2,68.27 1 1
github.com/raghavkgarg/mycase/pkg/attribution/store.go:69.3,76.17 1 1
github.com/raghavkgarg/mycase/pkg/attribution/store.go:77.4,78.1 1 0
github.com/raghavkgarg/mycase/pkg/attribution/store.go:80.2,80.20 1 1
github.com/raghavkgarg/mycase/pkg/attribution/store.go:87.2,87.14 1 1
github.com/raghavkgarg/mycase/pkg/attribution/store.go:88.3,89.1 1 1
github.com/raghavkgarg/mycase/pkg/attribution/store.go:90.2,90.44 1 1
github.com/raghavkgarg/mycase/pkg/attribution/store.go:91.3,92.1 1 0
github.com/raghavkgarg/mycase/pkg/attribution/store.go:94.2,96.21 3 1
github.com/raghavkgarg/mycase/pkg/attribution/store.go:97.3,99.1 2 1
github.com/raghavkgarg/mycase/pkg/attribution/store.go:100.2,101.1 3 1
github.com/raghavkgarg/mycase/pkg/attribution/store.go:102.2,103.16 3 1
github.com/raghavkgarg/mycase/pkg/attribution/store.go:104.3,105.1 1 0
github.com/raghavkgarg/mycase/pkg/attribution/store.go:106.2,107.1 3 1
github.com/raghavkgarg/mycase/pkg/attribution/store.go:108.2,109.18 3 1
github.com/raghavkgarg/mycase/pkg/attribution/store.go:110.3,112.54 3 1
github.com/raghavkgarg/mycase/pkg/attribution/store.go:113.4,114.1 1 0
github.com/raghavkgarg/mycase/pkg/attribution/store.go:115.3,119.5 1 1
github.com/raghavkgarg/mycase/pkg/attribution/store.go:121.2,121.24 1 1
github.com/raghavkgarg/mycase/pkg/attribution/store.go:148.2,148.14 1 1
github.com/raghavkgarg/mycase/pkg/attribution/store.go:149.3,150.1 1 1
github.com/raghavkgarg/mycase/pkg/attribution/store.go:151.2,152.16 2 1
github.com/raghavkgarg/mycase/pkg/attribution/store.go:153.3,154.1 1 0
github.com/raghavkgarg/mycase/pkg/attribution/store.go:155.2,156.27 2 1
github.com/raghavkgarg/mycase/pkg/attribution/store.go:157.3,157.45 1 1
github.com/raghavkgarg/mycase/pkg/attribution/store.go:158.4,158.12 1 1
github.com/raghavkgarg/mycase/pkg/attribution/store.go:160.3,160.53 1 1
github.com/raghavkgarg/mycase/pkg/attribution/store.go:161.4,161.12 1 1
github.com/raghavkgarg/mycase/pkg/attribution/store.go:164.3,165.18 2 1
github.com/raghavkgarg/mycase/pkg/attribution/store.go:166.4,167.1 1 0
github.com/raghavkgarg/mycase/pkg/attribution/store.go:168.3,168.22 1 1
github.com/raghavkgarg/mycase/pkg/attribution/store.go:169.4,170.19 2 1
github.com/raghavkgarg/mycase/pkg/attribution/store.go:171.5,172.1 1 0
github.com/raghavkgarg/mycase/pkg/attribution/store.go:174.3,174.22 1 1
github.com/raghavkgarg/mycase/pkg/attribution/store.go:175.4,175.12 1 1
github.com/raghavkgarg/mycase/pkg/attribution/store.go:177.3,178.27 2 1
github.com/raghavkgarg/mycase/pkg/attribution/store.go:179.4,179.20 1 1
github.com/raghavkgarg/mycase/pkg/attribution/store.go:180.5,181.1 1 1
github.com/raghavkgarg/mycase/pkg/attribution/store.go:183.3,183.24 1 1
github.com/raghavkgarg/mycase/pkg/attribution/store.go:184.4,184.12 1 0
github.com/raghavkgarg/mycase/pkg/attribution/store.go:186.3,190.5 1 1
github.com/raghavkgarg/mycase/pkg/attribution/store.go:193.2,193.41 1 1
github.com/raghavkgarg/mycase/pkg/attribution/store.go:193.43,193.89 1 1
github.com/raghavkgarg/mycase/pkg/attribution/store.go:194.2,194.20 1 1
github.com/raghavkgarg/mycase/pkg/attribution/tracker.go:26.2,26.16 1 1
github.com/raghavkgarg/mycase/pkg/attribution/tracker.go:27.3,28.1 1 1
github.com/raghavkgarg/mycase/pkg/attribution/tracker.go:29.2,29.45 1 1
github.com/raghavkgarg/mycase/pkg/attribution/tracker.go:42.2,43.24 2 1
github.com/raghavkgarg/mycase/pkg/attribution/tracker.go:44.3,45.1 1 1
github.com/raghavkgarg/mycase/pkg/attribution/tracker.go:46.2,46.30 1 1
github.com/raghavkgarg/mycase/pkg/attribution/tracker.go:47.3,48.1 1 1
github.com/raghavkgarg/mycase/pkg/attribution/tracker.go:51.2,52.16 2 1
github.com/raghavkgarg/mycase/pkg/attribution/tracker.go:53.3,54.1 1 0
github.com/raghavkgarg/mycase/pkg/attribution/tracker.go:55.2,55.26 1 1
github.com/raghavkgarg/mycase/pkg/attribution/tracker.go:56.3,57.1 1 1
github.com/raghavkgarg/mycase/pkg/attribution/tracker.go:60.2,63.1 3 1
github.com/raghavkgarg/mycase/pkg/attribution/tracker.go:64.2,65.29 3 1
github.com/raghavkgarg/mycase/pkg/attribution/tracker.go:66.3,66.20 1 1
github.com/raghavkgarg/mycase/pkg/attribution/tracker.go:67.4,67.12 1 0
github.com/raghavkgarg/mycase/pkg/attribution/tracker.go:69.3,70.37 2 1
github.com/raghavkgarg/mycase/pkg/attribution/tracker.go:71.4,73.12 2 1
github.com/raghavkgarg/mycase/pkg/attribution/tracker.go:75.3,75.54 1 1
github.com/raghavkgarg/mycase/pkg/attribution/tracker.go:77.2,77.20 1 1
github.com/raghavkgarg/mycase/pkg/attribution/tracker.go:78.3,79.1 1 0
github.com/raghavkgarg/mycase/pkg/attribution/tracker.go:82.2,83.25 2 1
github.com/raghavkgarg/mycase/pkg/attribution/tracker.go:84.3,85.1 1 1
github.com/raghavkgarg/mycase/pkg/attribution/tracker.go:86.2,86.15 1 1
github.com/raghavkgarg/mycase/pkg/attribution/tracker.go:87.3,88.1 1 0
github.com/raghavkgarg/mycase/pkg/attribution/tracker.go:91.2,92.30 2 1
github.com/raghavkgarg/mycase/pkg/attribution/tracker.go:93.3,94.26 2 1
github.com/raghavkgarg/mycase/pkg/attribution/tracker.go:95.4,95.36 1 1
github.com/raghavkgarg/mycase/pkg/attribution/tracker.go:96.5,97.10 2 1
github.com/raghavkgarg/mycase/pkg/attribution/tracker.go:100.3,100.9 1 1
github.com/raghavkgarg/mycase/pkg/attribution/tracker.go:101.4,102.1 1 1
github.com/raghavkgarg/mycase/pkg/attribution/tracker.go:104.2,104.19 1 1
github.com/raghavkgarg/mycase/pkg/attribution/tracker.go:105.3,106.1 1 0
github.com/raghavkgarg/mycase/pkg/attribution/tracker.go:107.2,108.1 4 1
github.com/raghavkgarg/mycase/pkg/attribution/tracker.go:112.2,114.25 4 1
github.com/raghavkgarg/mycase/pkg/attribution/tracker.go:115.3,117.1 2 1
github.com/raghavkgarg/mycase/pkg/attribution/tracker.go:118.2,119.1 3 1
github.com/raghavkgarg/mycase/pkg/attribution/tracker.go:120.2,121.27 3 1
github.com/raghavkgarg/mycase/pkg/attribution/tracker.go:122.3,123.26 2 1
github.com/raghavkgarg/mycase/pkg/attribution/tracker.go:124.4,125.1 1 1
github.com/raghavkgarg/mycase/pkg/attribution/tracker.go:126.3,131.5 2 1
github.com/raghavkgarg/mycase/pkg/attribution/tracker.go:134.2,139.1 2 1
github.com/raghavkgarg/mycase/pkg/attribution/tracker.go:140.2,140.20 2 1
github.com/raghavkgarg/mycase/pkg/attribution/tracker.go:145.2,145.19 1 1
github.com/raghavkgarg/mycase/pkg/attribution/tracker.go:146.3,147.1 1 1
github.com/raghavkgarg/mycase/pkg/attribution/tracker.go:148.2,149.21 2 1
github.com/raghavkgarg/mycase/pkg/attribution/tracker.go:150.3,151.1 1 1
github.com/raghavkgarg/mycase/pkg/attribution/tracker.go:153.2,155.27 3 1
github.com/raghavkgarg/mycase/pkg/attribution/tracker.go:156.3,158.1 2 1
github.com/raghavkgarg/mycase/pkg/attribution/tracker.go:160.2,165.1 6 1
github.com/raghavkgarg/mycase/pkg/attribution/tracker.go:166.2,166.21 6 1
github.com/raghavkgarg/mycase/pkg/attribution/tracker.go:167.3,168.1 1 1
github.com/raghavkgarg/mycase/pkg/attribution/tracker.go:169.2,169.22 1 1
github.com/raghavkgarg/mycase/pkg/attribution/tracker.go:170.3,171.1 1 1
github.com/raghavkgarg/mycase/pkg/attribution/tracker.go:173.2,180.1 11 1
github.com/raghavkgarg/mycase/pkg/attribution/tracker.go:182.2,185.12 11 1
github.com/raghavkgarg/mycase/pkg/attribution/tracker.go:186.3,187.20 2 1
github.com/raghavkgarg/mycase/pkg/attribution/tracker.go:188.4,189.1 1 1
github.com/raghavkgarg/mycase/pkg/attribution/tracker.go:190.3,193.13 4 1
github.com/raghavkgarg/mycase/pkg/attribution/tracker.go:194.4,195.1 1 1
github.com/raghavkgarg/mycase/pkg/attribution/tracker.go:197.2,197.12 1 1
github.com/raghavkgarg/mycase/pkg/attribution/tracker.go:204.2,205.16 2 1
github.com/raghavkgarg/mycase/pkg/attribution/tracker.go:206.3,207.1 1 1
github.com/raghavkgarg/mycase/pkg/attribution/tracker.go:208.2,208.42 1 1
github.com/raghavkgarg/mycase/pkg/attribution/tracker.go:209.3,210.1 1 1
github.com/raghavkgarg/mycase/pkg/attribution/tracker.go:211.2,212.37 2 1
github.com/raghavkgarg/mycase/pkg/attribution/tracker.go:213.3,213.28 1 1
github.com/raghavkgarg/mycase/pkg/attribution/tracker.go:214.4,214.9 1 0
github.com/raghavkgarg/mycase/pkg/attribution/tracker.go:216.3,217.13 2 1
github.com/raghavkgarg/mycase/pkg/attribution/tracker.go:218.4,218.12 1 1
github.com/raghavkgarg/mycase/pkg/attribution/tracker.go:220.3,221.17 2 1
github.com/raghavkgarg/mycase/pkg/attribution/tracker.go:223.2,223.19 1 1
github.com/raghavkgarg/mycase/pkg/attribution/tracker.go:227.2,227.16 1 1
github.com/raghavkgarg/mycase/pkg/attribution/tracker.go:228.3,229.1 1 1
github.com/raghavkgarg/mycase/pkg/attribution/tracker.go:230.2,230.24 1 0
github.com/raghavkgarg/mycase/pkg/attribution/tracker.go:235.2,235.21 1 1
github.com/raghavkgarg/mycase/pkg/attribution/tracker.go:236.3,237.1 1 0
github.com/raghavkgarg/mycase/pkg/attribution/tracker.go:238.2,239.35 2 1
github.com/raghavkgarg/mycase/pkg/attribution/tracker.go:240.3,240.22 1 1
github.com/raghavkgarg/mycase/pkg/attribution/tracker.go:241.4,242.1 1 1
github.com/raghavkgarg/mycase/pkg/attribution/tracker.go:244.2,244.12 1 1
github.com/raghavkgarg/mycase/pkg/attribution/tracker.go:248.2,248.18 1 1
github.com/raghavkgarg/mycase/pkg/attribution/tracker.go:249.3,250.1 1 0
github.com/raghavkgarg/mycase/pkg/attribution/tracker.go:251.2,252.23 2 1
github.com/raghavkgarg/mycase/pkg/attribution/tracker.go:253.3,254.1 1 1
github.com/raghavkgarg/mycase/pkg/attribution/tracker.go:255.2,255.29 1 1
github.com/raghavkgarg/mycase/pkg/attribution/tracker.go:259.2,259.17 1 1
github.com/raghavkgarg/mycase/pkg/attribution/tracker.go:260.3,261.1 1 0
github.com/raghavkgarg/mycase/pkg/attribution/tracker.go:262.2,263.23 2 1
github.com/raghavkgarg/mycase/pkg/attribution/tracker.go:264.3,266.1 2 1
github.com/raghavkgarg/mycase/pkg/attribution/tracker.go:267.2,267.42 1 1
github.com/raghavkgarg/mycase/pkg/attribution/types.go:68.2,68.27 1 1
github.com/raghavkgarg/mycase/pkg/attribution/types.go:69.3,70.1 1 1
github.com/raghavkgarg/mycase/pkg/attribution/types.go:71.2,71.23 1 1
github.com/raghavkgarg/mycase/pkg/attribution/types.go:72.3,73.1 1 1
github.com/raghavkgarg/mycase/pkg/attribution/types.go:74.2,74.21 1 1
github.com/raghavkgarg/mycase/pkg/attribution/types.go:75.3,76.1 1 1
github.com/raghavkgarg/mycase/pkg/attribution/types.go:77.2,77.23 1 1
github.com/raghavkgarg/mycase/pkg/attribution/types.go:78.3,78.68 1 1
github.com/raghavkgarg/mycase/pkg/attribution/types.go:79.4,80.1 1 1
github.com/raghavkgarg/mycase/pkg/attribution/types.go:81.4,82.1 1 0
github.com/raghavkgarg/mycase/pkg/attribution/types.go:84.2,84.10 1 1
github.com/raghavkgarg/mycase/pkg/broker/costs.go:10.2,10.20 1 0
github.com/raghavkgarg/mycase/pkg/broker/costs.go:12.3,12.39 1 0
github.com/raghavkgarg/mycase/pkg/broker/costs.go:14.3,14.30 1 0
github.com/raghavkgarg/mycase/pkg/broker/holidays.go:55.2,55.15 1 1
github.com/raghavkgarg/mycase/pkg/broker/holidays.go:56.3,57.1 1 1
github.com/raghavkgarg/mycase/pkg/broker/holidays.go:58.2,58.35 1 1
github.com/raghavkgarg/mycase/pkg/broker/holidays.go:63.2,63.15 1 1
github.com/raghavkgarg/mycase/pkg/broker/holidays.go:64.3,65.1 1 1
github.com/raghavkgarg/mycase/pkg/broker/holidays.go:66.2,66.62 1 1
github.com/raghavkgarg/mycase/pkg/broker/holidays.go:67.3,68.1 1 0
github.com/raghavkgarg/mycase/pkg/broker/holidays.go:69.2,70.12 2 1
github.com/raghavkgarg/mycase/pkg/broker/holidays.go:89.2,89.29 1 1
github.com/raghavkgarg/mycase/pkg/broker/holidays.go:90.3,91.1 1 1
github.com/raghavkgarg/mycase/pkg/broker/holidays.go:92.2,93.44 2 1
github.com/raghavkgarg/mycase/pkg/broker/holidays.go:94.3,96.1 2 0
github.com/raghavkgarg/mycase/pkg/broker/holidays.go:97.2,98.16 2 1
github.com/raghavkgarg/mycase/pkg/broker/holidays.go:99.3,101.1 2 0
github.com/raghavkgarg/mycase/pkg/broker/holidays.go:102.2,103.1 3 1
github.com/raghavkgarg/mycase/pkg/broker/holidays.go:104.2,105.18 3 1
github.com/raghavkgarg/mycase/pkg/broker/holidays.go:106.3,107.39 2 1
github.com/raghavkgarg/mycase/pkg/broker/holidays.go:108.4,110.1 2 0
github.com/raghavkgarg/mycase/pkg/broker/holidays.go:111.3,111.40 1 1
github.com/raghavkgarg/mycase/pkg/broker/holidays.go:112.4,113.1 1 1
github.com/raghavkgarg/mycase/pkg/broker/holidays.go:115.2,115.35 1 1
github.com/raghavkgarg/mycase/pkg/broker/holidays.go:116.3,118.1 2 0
github.com/raghavkgarg/mycase/pkg/broker/holidays.go:119.2,119.66 1 1
github.com/raghavkgarg/mycase/pkg/broker/holidays.go:120.3,124.1 1 0
github.com/raghavkgarg/mycase/pkg/broker/holidays.go:125.2,125.14 1 1
github.com/raghavkgarg/mycase/pkg/broker/holidays.go:132.2,132.29 1 1
github.com/raghavkgarg/mycase/pkg/broker/holidays.go:133.3,134.1 1 1
github.com/raghavkgarg/mycase/pkg/broker/holidays.go:135.2,135.44 1 1
github.com/raghavkgarg/mycase/pkg/broker/holidays.go:136.3,137.1 1 0
github.com/raghavkgarg/mycase/pkg/broker/holidays.go:138.2,140.86 2 1
github.com/raghavkgarg/mycase/pkg/broker/holidays.go:141.3,142.1 1 0
github.com/raghavkgarg/mycase/pkg/broker/holidays.go:143.2,143.10 1 1
github.com/raghavkgarg/mycase/pkg/broker/holidays.go:158.2,158.29 1 1
github.com/raghavkgarg/mycase/pkg/broker/holidays.go:159.3,160.1 1 0
github.com/raghavkgarg/mycase/pkg/broker/holidays.go:161.2,161.44 1 1
github.com/raghavkgarg/mycase/pkg/broker/holidays.go:162.3,163.1 1 0
github.com/raghavkgarg/mycase/pkg/broker/holidays.go:164.2,166.16 2 1
github.com/raghavkgarg/mycase/pkg/broker/holidays.go:167.3,168.1 1 0
github.com/raghavkgarg/mycase/pkg/broker/holidays.go:169.2,170.1 3 1
github.com/raghavkgarg/mycase/pkg/broker/holidays.go:171.2,172.18 3 1
github.com/raghavkgarg/mycase/pkg/broker/holidays.go:173.3,175.72 3 1
github.com/raghavkgarg/mycase/pkg/broker/holidays.go:176.4,177.1 1 0
github.com/raghavkgarg/mycase/pkg/broker/holidays.go:178.3,180.27 3 1
github.com/raghavkgarg/mycase/pkg/broker/holidays.go:182.2,182.26 1 1
github.com/raghavkgarg/mycase/pkg/broker/holidays.go:188.34,188.66 1 0
github.com/raghavkgarg/mycase/pkg/broker/holidays.go:199.2,199.29 1 1
github.com/raghavkgarg/mycase/pkg/broker/holidays.go:200.3,201.1 1 1
github.com/raghavkgarg/mycase/pkg/broker/holidays.go:202.2,202.44 1 1
github.com/raghavkgarg/mycase/pkg/broker/holidays.go:203.3,204.1 1 0
github.com/raghavkgarg/mycase/pkg/broker/holidays.go:205.2,206.16 2 1
github.com/raghavkgarg/mycase/pkg/broker/holidays.go:207.3,208.1 1 0
github.com/raghavkgarg/mycase/pkg/broker/holidays.go:209.2,210.1 2 1
github.com/raghavkgarg/mycase/pkg/broker/holidays.go:211.2,211.26 2 1
github.com/raghavkgarg/mycase/pkg/broker/holidays.go:212.3,213.14 2 1
github.com/raghavkgarg/mycase/pkg/broker/holidays.go:214.4,214.12 1 0
github.com/raghavkgarg/mycase/pkg/broker/holidays.go:216.3,218.29 1 1
github.com/raghavkgarg/mycase/pkg/broker/holidays.go:219.4,220.1 1 0
github.com/raghavkgarg/mycase/pkg/broker/holidays.go:222.2,222.36 1 1
github.com/raghavkgarg/mycase/pkg/broker/holidays.go:223.3,224.1 1 0
github.com/raghavkgarg/mycase/pkg/broker/holidays.go:225.2,225.12 1 1
github.com/raghavkgarg/mycase/pkg/broker/holidays.go:236.2,236.34 1 1
github.com/raghavkgarg/mycase/pkg/broker/holidays.go:237.3,238.1 1 1
github.com/raghavkgarg/mycase/pkg/broker/holidays.go:239.2,241.34 2 1
github.com/raghavkgarg/mycase/pkg/broker/holidays.go:250.2,250.34 1 0
github.com/raghavkgarg/mycase/pkg/broker/holidays.go:251.3,252.1 1 0
github.com/raghavkgarg/mycase/pkg/broker/holidays.go:253.2,253.12 1 0
github.com/raghavkgarg/mycase/pkg/broker/market.go:18.2,20.1 2 0
github.com/raghavkgarg/mycase/pkg/broker/market.go:24.2,24.33 1 0
github.com/raghavkgarg/mycase/pkg/broker/market.go:26.3,34.1 1 0
github.com/raghavkgarg/mycase/pkg/broker/market.go:36.3,44.1 1 0
github.com/raghavkgarg/mycase/pkg/broker/market.go:51.2,51.48 1 0
github.com/raghavkgarg/mycase/pkg/broker/market.go:52.3,53.1 1 0
github.com/raghavkgarg/mycase/pkg/broker/market.go:54.2,54.24 1 0
github.com/raghavkgarg/mycase/pkg/broker/market.go:60.2,60.48 1 0
github.com/raghavkgarg/mycase/pkg/broker/market.go:61.3,62.1 1 0
github.com/raghavkgarg/mycase/pkg/broker/market.go:63.2,63.15 1 0
github.com/raghavkgarg/mycase/pkg/broker/market.go:69.2,69.35 1 0
github.com/raghavkgarg/mycase/pkg/broker/market.go:71.3,71.15 1 0
github.com/raghavkgarg/mycase/pkg/broker/market.go:73.3,73.12 1 0
github.com/raghavkgarg/mycase/pkg/broker/market.go:79.2,80.1 1 0
github.com/raghavkgarg/mycase/pkg/broker/market.go:85.2,85.37 1 0
github.com/raghavkgarg/mycase/pkg/broker/market.go:86.3,87.1 1 0
github.com/raghavkgarg/mycase/pkg/broker/market.go:88.2,88.14 1 0
github.com/raghavkgarg/mycase/pkg/broker/market.go:114.2,115.1 1 0
github.com/raghavkgarg/mycase/pkg/broker/market.go:123.2,125.24 3 0
github.com/raghavkgarg/mycase/pkg/broker/market.go:126.3,127.1 1 0
github.com/raghavkgarg/mycase/pkg/broker/market.go:128.2,129.58 2 0
github.com/raghavkgarg/mycase/pkg/broker/market.go:134.2,135.27 2 0
github.com/raghavkgarg/mycase/pkg/broker/market.go:136.3,137.1 1 0
github.com/raghavkgarg/mycase/pkg/broker/market.go:138.2,138.24 1 0
github.com/raghavkgarg/mycase/pkg/broker/mock.go:6.38,6.51 1 0
github.com/raghavkgarg/mycase/pkg/broker/mock.go:9.2,13.1 2 0
github.com/raghavkgarg/mycase/pkg/broker/mock.go:14.2,14.25 2 0
github.com/raghavkgarg/mycase/pkg/broker/mock.go:15.3,15.30 1 0
github.com/raghavkgarg/mycase/pkg/broker/mock.go:16.4,17.1 1 0
github.com/raghavkgarg/mycase/pkg/broker/mock.go:19.2,19.20 1 0
github.com/raghavkgarg/mycase/pkg/broker/mock.go:23.2,30.1 3 0
github.com/raghavkgarg/mycase/pkg/broker/mock.go:32.2,44.1 3 0
github.com/raghavkgarg/mycase/pkg/broker/mock.go:46.2,46.36 3 0
github.com/raghavkgarg/mycase/pkg/broker/mock.go:47.3,47.48 1 0
github.com/raghavkgarg/mycase/pkg/broker/mock.go:48.4,48.12 1 0
github.com/raghavkgarg/mycase/pkg/broker/mock.go:50.3,51.30 2 0
github.com/raghavkgarg/mycase/pkg/broker/mock.go:52.4,52.57 1 0
github.com/raghavkgarg/mycase/pkg/broker/mock.go:53.5,55.19 3 0
github.com/raghavkgarg/mycase/pkg/broker/mock.go:56.6,57.1 1 0
github.com/raghavkgarg/mycase/pkg/broker/mock.go:58.5,60.30 3 0
github.com/raghavkgarg/mycase/pkg/broker/mock.go:61.6,62.1 1 0
github.com/raghavkgarg/mycase/pkg/broker/mock.go:63.5,64.10 2 0
github.com/raghavkgarg/mycase/pkg/broker/mock.go:67.3,67.13 1 0
github.com/raghavkgarg/mycase/pkg/broker/mock.go:68.4,76.1 1 0
github.com/raghavkgarg/mycase/pkg/broker/mock.go:79.2,79.29 1 0
github.com/raghavkgarg/mycase/pkg/broker/mock.go:80.3,81.80 2 0
github.com/raghavkgarg/mycase/pkg/broker/mock.go:82.4,83.1 1 0
github.com/raghavkgarg/mycase/pkg/broker/mock.go:85.2,85.25 1 0
github.com/raghavkgarg/mycase/pkg/broker/mock.go:89.2,90.1 1 0
github.com/raghavkgarg/mycase/pkg/broker/mock.go:93.2,94.1 1 0
github.com/raghavkgarg/mycase/pkg/alert/discord.go:20.2,25.16 6 1
github.com/raghavkgarg/mycase/pkg/alert/discord.go:26.3,27.1 1 0
github.com/raghavkgarg/mycase/pkg/alert/discord.go:28.2,30.16 3 1
github.com/raghavkgarg/mycase/pkg/alert/discord.go:31.3,32.1 1 1
github.com/raghavkgarg/mycase/pkg/alert/discord.go:33.2,34.1 2 1
github.com/raghavkgarg/mycase/pkg/alert/discord.go:35.2,35.81 2 1
github.com/raghavkgarg/mycase/pkg/alert/discord.go:36.3,37.1 1 1
github.com/raghavkgarg/mycase/pkg/alert/discord.go:38.2,38.12 1 1
github.com/raghavkgarg/mycase/pkg/alert/telegram.go:21.2,31.16 7 1
github.com/raghavkgarg/mycase/pkg/alert/telegram.go:32.3,33.1 1 0
github.com/raghavkgarg/mycase/pkg/alert/telegram.go:34.2,36.16 3 1
github.com/raghavkgarg/mycase/pkg/alert/telegram.go:37.3,38.1 1 0
github.com/raghavkgarg/mycase/pkg/alert/telegram.go:39.2,40.38 2 1
github.com/raghavkgarg/mycase/pkg/alert/telegram.go:41.3,42.1 1 1
github.com/raghavkgarg/mycase/pkg/alert/telegram.go:43.2,43.12 1 0
github.com/raghavkgarg/mycase/pkg/costs/costs.go:37.2,38.21 2 1
github.com/raghavkgarg/mycase/pkg/costs/costs.go:39.3,40.1 1 1
github.com/raghavkgarg/mycase/pkg/costs/costs.go:42.2,46.1 6 1
github.com/raghavkgarg/mycase/pkg/costs/costs.go:47.2,48.12 6 1
github.com/raghavkgarg/mycase/pkg/costs/costs.go:49.3,51.1 2 1
github.com/raghavkgarg/mycase/pkg/costs/costs.go:52.3,54.1 2 1
github.com/raghavkgarg/mycase/pkg/costs/costs.go:56.2,58.11 3 1
github.com/raghavkgarg/mycase/pkg/costs/tax.go:27.2,27.11 1 1
github.com/raghavkgarg/mycase/pkg/costs/tax.go:29.3,29.16 1 1
github.com/raghavkgarg/mycase/pkg/costs/tax.go:31.3,31.16 1 1
github.com/raghavkgarg/mycase/pkg/costs/tax.go:33.3,33.19 1 1
github.com/raghavkgarg/mycase/pkg/costs/tax.go:51.2,54.1 2 1
github.com/raghavkgarg/mycase/pkg/costs/tax.go:56.2,56.27 2 1
github.com/raghavkgarg/mycase/pkg/costs/tax.go:57.3,59.18 3 1
github.com/raghavkgarg/mycase/pkg/costs/tax.go:60.4,61.1 1 1
github.com/raghavkgarg/mycase/pkg/costs/tax.go:62.3,62.11 1 1
github.com/raghavkgarg/mycase/pkg/costs/tax.go:65.2,67.1 3 1
github.com/raghavkgarg/mycase/pkg/costs/tax.go:68.2,68.37 3 1
github.com/raghavkgarg/mycase/pkg/costs/tax.go:69.3,70.1 1 1
github.com/raghavkgarg/mycase/pkg/costs/tax.go:71.3,72.1 1 1
github.com/raghavkgarg/mycase/pkg/costs/tax.go:74.2,74.17 1 1
github.com/raghavkgarg/mycase/pkg/costs/tax.go:75.3,76.1 1 1
github.com/raghavkgarg/mycase/pkg/costs/tax.go:78.2,78.17 1 1
github.com/raghavkgarg/mycase/pkg/costs/tax.go:80.3,80.26 1 1
github.com/raghavkgarg/mycase/pkg/costs/tax.go:81.4,82.1 1 1
github.com/raghavkgarg/mycase/pkg/costs/tax.go:83.3,83.100 1 1
github.com/raghavkgarg/mycase/pkg/costs/tax.go:85.3,85.38 1 1
github.com/raghavkgarg/mycase/pkg/costs/tax.go:86.4,87.1 1 1
github.com/raghavkgarg/mycase/pkg/costs/tax.go:88.3,88.119 1 1
github.com/raghavkgarg/mycase/pkg/costs/tax.go:91.2,91.10 1 1
github.com/raghavkgarg/mycase/pkg/costs/us.go:47.2,48.21 2 1
github.com/raghavkgarg/mycase/pkg/costs/us.go:49.3,50.1 1 1
github.com/raghavkgarg/mycase/pkg/costs/us.go:52.2,55.1 3 1
github.com/raghavkgarg/mycase/pkg/costs/us.go:57.2,58.12 3 1
github.com/raghavkgarg/mycase/pkg/costs/us.go:59.3,62.19 4 1
github.com/raghavkgarg/mycase/pkg/costs/us.go:63.4,64.1 1 0
github.com/raghavkgarg/mycase/pkg/costs/us.go:65.3,65.15 1 1
github.com/raghavkgarg/mycase/pkg/costs/us.go:68.2,69.20 2 1
github.com/raghavkgarg/mycase/pkg/costs/us.go:70.3,71.1 1 1
github.com/raghavkgarg/mycase/pkg/costs/us.go:72.2,72.11 1 1
github.com/raghavkgarg/mycase/pkg/costs/us.go:85.2,85.11 1 0
github.com/raghavkgarg/mycase/pkg/costs/us.go:87.3,87.22 1 0
github.com/raghavkgarg/mycase/pkg/costs/us.go:89.3,89.21 1 0
github.com/raghavkgarg/mycase/pkg/costs/us.go:91.3,91.19 1 0
github.com/raghavkgarg/mycase/pkg/costs/us.go:110.2,114.1 2 1
github.com/raghavkgarg/mycase/pkg/costs/us.go:116.2,116.27 2 1
github.com/raghavkgarg/mycase/pkg/costs/us.go:117.3,119.20 3 1
github.com/raghavkgarg/mycase/pkg/costs/us.go:120.4,121.1 1 1
github.com/raghavkgarg/mycase/pkg/costs/us.go:122.3,122.11 1 1
github.com/raghavkgarg/mycase/pkg/costs/us.go:125.2,127.1 3 1
github.com/raghavkgarg/mycase/pkg/costs/us.go:128.2,128.39 3 1
github.com/raghavkgarg/mycase/pkg/costs/us.go:129.3,130.1 1 1
github.com/raghavkgarg/mycase/pkg/costs/us.go:131.3,132.1 1 1
github.com/raghavkgarg/mycase/pkg/costs/us.go:134.2,134.19 1 1
github.com/raghavkgarg/mycase/pkg/costs/us.go:135.3,136.1 1 1
github.com/raghavkgarg/mycase/pkg/costs/us.go:138.2,138.17 1 1
github.com/raghavkgarg/mycase/pkg/costs/us.go:140.3,140.26 1 1
github.com/raghavkgarg/mycase/pkg/costs/us.go:141.4,142.1 1 1
github.com/raghavkgarg/mycase/pkg/costs/us.go:143.3,143.130 1 1
github.com/raghavkgarg/mycase/pkg/costs/us.go:145.3,145.26 1 1
github.com/raghavkgarg/mycase/pkg/costs/us.go:146.4,147.1 1 1
github.com/raghavkgarg/mycase/pkg/costs/us.go:148.3,148.112 1 1
github.com/raghavkgarg/mycase/pkg/costs/us.go:151.2,151.43 1 1
github.com/raghavkgarg/mycase/pkg/costs/us.go:152.3,153.1 1 1
github.com/raghavkgarg/mycase/pkg/costs/us.go:155.2,155.10 1 1
github.com/raghavkgarg/mycase/pkg/config/alerts.go:22.2,24.16 3 1
github.com/raghavkgarg/mycase/pkg/config/alerts.go:25.3,26.1 1 1
github.com/raghavkgarg/mycase/pkg/config/alerts.go:27.2,29.1 2 1
github.com/raghavkgarg/mycase/pkg/config/alerts.go:30.2,30.51 2 1
github.com/raghavkgarg/mycase/pkg/config/alerts.go:31.3,32.1 1 1
github.com/raghavkgarg/mycase/pkg/config/alerts.go:33.2,34.29 2 1
github.com/raghavkgarg/mycase/pkg/config/alerts.go:35.3,36.1 1 1
github.com/raghavkgarg/mycase/pkg/config/alerts.go:37.2,37.17 1 1
github.com/raghavkgarg/mycase/pkg/config/config.go:18.2,23.1 5 0
github.com/raghavkgarg/mycase/pkg/config/config.go:24.2,28.1 5 0
github.com/raghavkgarg/mycase/pkg/config/config.go:30.2,32.40 5 0
github.com/raghavkgarg/mycase/pkg/config/config.go:33.3,34.1 1 0
github.com/raghavkgarg/mycase/pkg/config/config.go:34.9,34.40 1 0
github.com/raghavkgarg/mycase/pkg/config/config.go:35.3,37.1 2 0
github.com/raghavkgarg/mycase/pkg/config/config.go:39.2,39.19 1 0
github.com/raghavkgarg/mycase/pkg/config/config.go:43.2,47.83 1 0
github.com/raghavkgarg/mycase/pkg/config/config.go:48.5,50.1 2 0
github.com/raghavkgarg/mycase/pkg/config/config.go:54.2,54.25 1 0
github.com/raghavkgarg/mycase/pkg/config/config.go:55.3,56.17 2 0
github.com/raghavkgarg/mycase/pkg/config/config.go:57.4,57.12 1 0
github.com/raghavkgarg/mycase/pkg/config/config.go:59.3,61.17 3 0
github.com/raghavkgarg/mycase/pkg/config/config.go:62.4,62.12 1 0
github.com/raghavkgarg/mycase/pkg/config/config.go:64.3,66.17 3 0
github.com/raghavkgarg/mycase/pkg/config/config.go:67.4,67.12 1 0
github.com/raghavkgarg/mycase/pkg/config/config.go:69.3,70.87 2 0
github.com/raghavkgarg/mycase/pkg/config/config.go:71.4,72.1 1 0
github.com/raghavkgarg/mycase/pkg/config/config.go:74.2,74.11 1 0
github.com/raghavkgarg/mycase/pkg/config/config.go:79.2,80.16 2 0
github.com/raghavkgarg/mycase/pkg/config/config.go:81.3,82.1 1 0
github.com/raghavkgarg/mycase/pkg/config/config.go:83.2,83.13 1 0
github.com/raghavkgarg/mycase/pkg/config/config.go:99.2,100.16 2 1
github.com/raghavkgarg/mycase/pkg/config/config.go:101.3,102.1 1 1
github.com/raghavkgarg/mycase/pkg/config/config.go:103.2,104.1 4 1
github.com/raghavkgarg/mycase/pkg/config/config.go:105.2,107.16 4 1
github.com/raghavkgarg/mycase/pkg/config/config.go:108.3,109.1 1 0
github.com/raghavkgarg/mycase/pkg/config/config.go:111.2,111.25 1 1
github.com/raghavkgarg/mycase/pkg/config/config.go:112.3,115.1 6 1
github.com/raghavkgarg/mycase/pkg/config/config.go:118.3,120.28 6 1
github.com/raghavkgarg/mycase/pkg/config/config.go:121.4,122.1 1 1
github.com/raghavkgarg/mycase/pkg/config/config.go:123.3,123.28 1 1
github.com/raghavkgarg/mycase/pkg/config/config.go:124.4,124.55 1 0
github.com/raghavkgarg/mycase/pkg/config/config.go:125.5,126.1 1 0
github.com/raghavkgarg/mycase/pkg/config/config.go:127.5,128.1 1 0
github.com/raghavkgarg/mycase/pkg/config/config.go:130.3,131.36 2 1
github.com/raghavkgarg/mycase/pkg/config/config.go:134.2,134.81 1 1
github.com/raghavkgarg/mycase/pkg/config/config.go:135.3,136.1 1 0
github.com/raghavkgarg/mycase/pkg/config/config.go:137.2,137.88 1 1
github.com/raghavkgarg/mycase/pkg/config/config.go:138.3,139.1 1 0
github.com/raghavkgarg/mycase/pkg/config/config.go:140.2,140.85 1 1
github.com/raghavkgarg/mycase/pkg/config/config.go:141.3,142.1 1 0
github.com/raghavkgarg/mycase/pkg/config/config.go:144.2,144.18 1 1
github.com/raghavkgarg/mycase/pkg/config/config.go:149.2,150.47 2 1
github.com/raghavkgarg/mycase/pkg/config/config.go:151.3,152.1 1 0
github.com/raghavkgarg/mycase/pkg/config/config.go:154.2,155.16 2 1
github.com/raghavkgarg/mycase/pkg/config/config.go:156.3,157.1 1 0
github.com/raghavkgarg/mycase/pkg/config/config.go:158.2,159.1 4 1
github.com/raghavkgarg/mycase/pkg/config/config.go:160.2,162.44 4 1
github.com/raghavkgarg/mycase/pkg/config/config.go:163.3,164.1 1 0
github.com/raghavkgarg/mycase/pkg/config/config.go:166.2,168.117 3 1
github.com/raghavkgarg/mycase/pkg/config/config.go:169.3,170.1 1 0
github.com/raghavkgarg/mycase/pkg/config/config.go:172.2,172.12 1 1
github.com/raghavkgarg/mycase/pkg/config/config.go:178.2,178.16 1 0
github.com/raghavkgarg/mycase/pkg/config/config.go:179.3,180.1 1 0
github.com/raghavkgarg/mycase/pkg/config/config.go:182.2,185.1 2 0
github.com/raghavkgarg/mycase/pkg/config/config.go:187.2,187.31 2 0
github.com/raghavkgarg/mycase/pkg/config/config.go:188.3,188.42 1 0
github.com/raghavkgarg/mycase/pkg/config/config.go:189.4,190.1 1 0
github.com/raghavkgarg/mycase/pkg/config/config.go:195.2,196.16 2 0
github.com/raghavkgarg/mycase/pkg/config/config.go:197.3,198.1 1 0
github.com/raghavkgarg/mycase/pkg/config/config.go:200.2,201.51 2 0
github.com/raghavkgarg/mycase/pkg/config/config.go:202.3,203.1 1 0
github.com/raghavkgarg/mycase/pkg/config/config.go:205.2,206.111 2 0
github.com/raghavkgarg/mycase/pkg/config/config.go:207.3,209.1 2 0
github.com/raghavkgarg/mycase/pkg/config/config.go:210.2,210.54 1 0
github.com/raghavkgarg/mycase/pkg/config/config.go:211.3,213.1 2 0
github.com/raghavkgarg/mycase/pkg/config/config.go:214.2,214.59 1 0
github.com/raghavkgarg/mycase/pkg/config/config.go:215.3,217.1 2 0
github.com/raghavkgarg/mycase/pkg/config/config.go:218.2,218.66 1 0
github.com/raghavkgarg/mycase/pkg/config/config.go:219.3,221.1 2 0
github.com/raghavkgarg/mycase/pkg/config/config.go:222.2,222.63 1 0
github.com/raghavkgarg/mycase/pkg/config/config.go:223.3,225.1 2 0
github.com/raghavkgarg/mycase/pkg/config/config.go:227.2,227.14 1 0
github.com/raghavkgarg/mycase/pkg/config/config.go:228.3,229.1 1 0
github.com/raghavkgarg/mycase/pkg/config/config.go:231.2,232.16 2 0
github.com/raghavkgarg/mycase/pkg/config/config.go:233.3,234.1 1 0
github.com/raghavkgarg/mycase/pkg/config/config.go:236.2,236.66 1 0
github.com/raghavkgarg/mycase/pkg/config/config.go:237.3,238.1 1 0
github.com/raghavkgarg/mycase/pkg/config/config.go:243.2,244.1 1 0
github.com/raghavkgarg/mycase/pkg/config/config.go:255.2,255.45 1 1
github.com/raghavkgarg/mycase/pkg/config/config.go:256.3,257.1 1 1
github.com/raghavkgarg/mycase/pkg/config/config.go:258.2,258.43 1 1
github.com/raghavkgarg/mycase/pkg/config/config.go:259.3,260.47 2 1
github.com/raghavkgarg/mycase/pkg/config/config.go:261.4,262.1 1 0
github.com/raghavkgarg/mycase/pkg/config/config.go:264.2,264.17 1 1
github.com/raghavkgarg/mycase/pkg/config/config.go:270.2,271.16 2 1
github.com/raghavkgarg/mycase/pkg/config/config.go:273.3,280.1 1 1
github.com/raghavkgarg/mycase/pkg/config/config.go:281.2,282.1 4 1
github.com/raghavkgarg/mycase/pkg/config/config.go:283.2,285.16 4 1
github.com/raghavkgarg/mycase/pkg/config/config.go:286.3,287.1 1 1
github.com/raghavkgarg/mycase/pkg/config/config.go:288.2,288.20 1 1
github.com/raghavkgarg/mycase/pkg/config/config.go:410.2,410.64 1 1
github.com/raghavkgarg/mycase/pkg/config/config.go:411.3,411.57 1 1
github.com/raghavkgarg/mycase/pkg/config/config.go:412.4,412.53 1 1
github.com/raghavkgarg/mycase/pkg/config/config.go:413.5,414.1 1 1
github.com/raghavkgarg/mycase/pkg/config/config.go:418.2,419.16 2 0
github.com/raghavkgarg/mycase/pkg/config/config.go:420.3,421.1 1 0
github.com/raghavkgarg/mycase/pkg/config/config.go:422.2,423.1 4 0
github.com/raghavkgarg/mycase/pkg/config/config.go:424.2,426.16 4 0
github.com/raghavkgarg/mycase/pkg/config/config.go:427.3,428.1 1 0
github.com/raghavkgarg/mycase/pkg/config/config.go:430.2,430.27 1 0
github.com/raghavkgarg/mycase/pkg/config/config.go:431.3,432.1 1 0
github.com/raghavkgarg/mycase/pkg/config/config.go:434.2,434.44 1 0
github.com/raghavkgarg/mycase/pkg/config/config.go:435.3,436.1 1 0
github.com/raghavkgarg/mycase/pkg/config/config.go:437.2,437.17 1 0
github.com/raghavkgarg/mycase/pkg/config/config.go:443.2,443.15 1 0
github.com/raghavkgarg/mycase/pkg/config/config.go:444.3,445.1 1 0
github.com/raghavkgarg/mycase/pkg/config/config.go:446.2,446.31 1 0
github.com/raghavkgarg/mycase/pkg/config/config.go:447.3,447.65 1 0
github.com/raghavkgarg/mycase/pkg/config/config.go:448.4,449.1 1 0
github.com/raghavkgarg/mycase/pkg/config/config.go:451.2,451.31 1 0
github.com/raghavkgarg/mycase/pkg/config/config.go:452.3,453.1 1 0
github.com/raghavkgarg/mycase/pkg/config/config.go:454.2,454.10 1 0
github.com/raghavkgarg/mycase/pkg/config/config.go:464.2,465.16 2 0
github.com/raghavkgarg/mycase/pkg/config/config.go:466.3,467.1 1 0
github.com/raghavkgarg/mycase/pkg/config/config.go:468.2,469.1 4 0
github.com/raghavkgarg/mycase/pkg/config/config.go:470.2,472.16 4 0
github.com/raghavkgarg/mycase/pkg/config/config.go:473.3,474.1 1 0
github.com/raghavkgarg/mycase/pkg/config/config.go:475.2,475.40 1 0
github.com/raghavkgarg/mycase/pkg/config/config.go:481.2,490.1 2 1
github.com/raghavkgarg/mycase/pkg/config/config.go:492.2,492.64 2 1
github.com/raghavkgarg/mycase/pkg/config/config.go:493.3,493.57 1 1
github.com/raghavkgarg/mycase/pkg/config/config.go:494.4,494.76 1 1
github.com/raghavkgarg/mycase/pkg/config/config.go:495.5,496.1 1 1
github.com/raghavkgarg/mycase/pkg/config/config.go:500.2,501.16 2 1
github.com/raghavkgarg/mycase/pkg/config/config.go:503.3,504.1 1 0
github.com/raghavkgarg/mycase/pkg/config/config.go:505.2,506.1 4 1
github.com/raghavkgarg/mycase/pkg/config/config.go:507.2,509.16 4 1
github.com/raghavkgarg/mycase/pkg/config/config.go:510.3,511.1 1 1
github.com/raghavkgarg/mycase/pkg/config/config.go:513.2,513.27 1 1
github.com/raghavkgarg/mycase/pkg/config/config.go:514.3,515.1 1 0
github.com/raghavkgarg/mycase/pkg/config/config.go:517.2,517.49 1 1
github.com/raghavkgarg/mycase/pkg/config/config.go:518.3,519.1 1 1
github.com/raghavkgarg/mycase/pkg/config/config.go:522.2,522.27 1 1
github.com/raghavkgarg/mycase/pkg/config/config.go:527.2,528.16 2 0
github.com/raghavkgarg/mycase/pkg/config/config.go:529.3,530.1 1 0
github.com/raghavkgarg/mycase/pkg/config/config.go:531.2,532.1 4 0
github.com/raghavkgarg/mycase/pkg/config/config.go:533.2,535.16 4 0
github.com/raghavkgarg/mycase/pkg/config/config.go:536.3,537.1 1 0
github.com/raghavkgarg/mycase/pkg/config/config.go:538.2,538.19 1 0
github.com/raghavkgarg/mycase/pkg/config/config.go:623.2,624.1 2 1
github.com/raghavkgarg/mycase/pkg/config/config.go:625.2,625.64 2 1
github.com/raghavkgarg/mycase/pkg/config/config.go:626.3,626.57 1 1
github.com/raghavkgarg/mycase/pkg/config/config.go:627.4,628.29 2 1
github.com/raghavkgarg/mycase/pkg/config/config.go:629.5,630.1 1 0
github.com/raghavkgarg/mycase/pkg/config/config.go:631.4,634.1 5 1
github.com/raghavkgarg/mycase/pkg/config/config.go:635.4,636.11 5 1
github.com/raghavkgarg/mycase/pkg/config/config.go:637.5,638.1 1 0
github.com/raghavkgarg/mycase/pkg/config/config.go:639.4,645.37 7 1
github.com/raghavkgarg/mycase/pkg/config/config.go:646.5,647.1 1 0
github.com/raghavkgarg/mycase/pkg/config/config.go:650.4,650.73 1 1
github.com/raghavkgarg/mycase/pkg/config/config.go:651.5,652.1 1 1
github.com/raghavkgarg/mycase/pkg/config/config.go:652.11,652.40 1 0
github.com/raghavkgarg/mycase/pkg/config/config.go:653.5,654.1 1 0
github.com/raghavkgarg/mycase/pkg/config/config.go:656.4,656.19 1 1
github.com/raghavkgarg/mycase/pkg/config/config.go:660.2,661.16 2 0
github.com/raghavkgarg/mycase/pkg/config/config.go:662.3,663.1 1 0
github.com/raghavkgarg/mycase/pkg/config/config.go:664.2,666.17 3 0
github.com/raghavkgarg/mycase/pkg/config/defaults_yaml.go:126.2,202.1 1 1
github.com/raghavkgarg/mycase/pkg/config/defaults_yaml.go:207.2,208.16 2 1
github.com/raghavkgarg/mycase/pkg/config/defaults_yaml.go:209.3,210.1 1 0
github.com/raghavkgarg/mycase/pkg/config/defaults_yaml.go:211.2,212.1 3 1
github.com/raghavkgarg/mycase/pkg/config/defaults_yaml.go:213.2,214.56 3 1
github.com/raghavkgarg/mycase/pkg/config/defaults_yaml.go:215.3,216.1 1 0
github.com/raghavkgarg/mycase/pkg/config/defaults_yaml.go:217.2,217.18 1 1
github.com/raghavkgarg/mycase/pkg/config/defaults_yaml.go:222.2,222.27 1 1
github.com/raghavkgarg/mycase/pkg/config/defaults_yaml.go:223.3,224.1 1 1
github.com/raghavkgarg/mycase/pkg/config/defaults_yaml.go:226.2,226.50 1 1
github.com/raghavkgarg/mycase/pkg/config/defaults_yaml.go:227.3,227.44 1 1
github.com/raghavkgarg/mycase/pkg/config/defaults_yaml.go:228.4,228.23 1 1
github.com/raghavkgarg/mycase/pkg/config/defaults_yaml.go:229.5,230.1 1 0
github.com/raghavkgarg/mycase/pkg/config/defaults_yaml.go:231.4,231.13 1 1
github.com/raghavkgarg/mycase/pkg/config/defaults_yaml.go:235.2,235.34 1 1
github.com/raghavkgarg/mycase/pkg/config/defaults_yaml.go:236.3,236.44 1 1
github.com/raghavkgarg/mycase/pkg/config/defaults_yaml.go:237.4,237.23 1 1
github.com/raghavkgarg/mycase/pkg/config/defaults_yaml.go:238.5,239.1 1 0
github.com/raghavkgarg/mycase/pkg/config/defaults_yaml.go:240.4,240.13 1 1
github.com/raghavkgarg/mycase/pkg/config/defaults_yaml.go:243.2,243.12 1 0
github.com/raghavkgarg/mycase/pkg/config/defaults_yaml.go:248.2,248.25 1 1
github.com/raghavkgarg/mycase/pkg/config/defaults_yaml.go:249.3,249.108 1 1
github.com/raghavkgarg/mycase/pkg/config/defaults_yaml.go:250.4,250.52 1 1
github.com/raghavkgarg/mycase/pkg/config/defaults_yaml.go:251.5,252.1 1 0
github.com/raghavkgarg/mycase/pkg/config/defaults_yaml.go:254.3,254.104 1 1
github.com/raghavkgarg/mycase/pkg/config/defaults_yaml.go:255.4,256.46 2 1
github.com/raghavkgarg/mycase/pkg/config/defaults_yaml.go:257.5,258.1 1 0
github.com/raghavkgarg/mycase/pkg/config/defaults_yaml.go:261.4,261.52 1 1
github.com/raghavkgarg/mycase/pkg/config/defaults_yaml.go:262.5,263.1 1 1
github.com/raghavkgarg/mycase/pkg/config/defaults_yaml.go:267.2,268.44 2 1
github.com/raghavkgarg/mycase/pkg/config/defaults_yaml.go:269.3,270.1 1 0
github.com/raghavkgarg/mycase/pkg/config/defaults_yaml.go:272.2,272.40 1 1
github.com/raghavkgarg/mycase/pkg/config/defaults_yaml.go:273.3,274.26 2 1
github.com/raghavkgarg/mycase/pkg/config/defaults_yaml.go:275.4,276.48 2 1
github.com/raghavkgarg/mycase/pkg/config/defaults_yaml.go:277.5,278.1 1 1
github.com/raghavkgarg/mycase/pkg/config/defaults_yaml.go:279.4,280.21 2 1
github.com/raghavkgarg/mycase/pkg/config/defaults_yaml.go:281.5,281.10 1 0
github.com/raghavkgarg/mycase/pkg/config/defaults_yaml.go:283.4,283.16 1 1
github.com/raghavkgarg/mycase/pkg/config/defaults_yaml.go:286.2,286.11 1 0
github.com/raghavkgarg/mycase/pkg/config/paths.go:52.2,52.21 1 1
github.com/raghavkgarg/mycase/pkg/config/paths.go:52.23,52.48 1 1
github.com/raghavkgarg/mycase/pkg/config/paths.go:53.2,53.16 1 1
github.com/raghavkgarg/mycase/pkg/config/paths.go:58.2,58.38 1 1
github.com/raghavkgarg/mycase/pkg/config/paths.go:59.3,60.1 1 1
github.com/raghavkgarg/mycase/pkg/config/paths.go:62.2,62.45 1 1
github.com/raghavkgarg/mycase/pkg/config/paths.go:63.3,63.58 1 1
github.com/raghavkgarg/mycase/pkg/config/paths.go:65.4,66.54 2 1
github.com/raghavkgarg/mycase/pkg/config/paths.go:67.5,68.1 1 0
github.com/raghavkgarg/mycase/pkg/config/paths.go:71.4,71.81 1 1
github.com/raghavkgarg/mycase/pkg/config/paths.go:72.5,73.1 1 0
github.com/raghavkgarg/mycase/pkg/config/paths.go:77.2,77.40 1 1
github.com/raghavkgarg/mycase/pkg/config/paths.go:78.3,79.1 1 1
github.com/raghavkgarg/mycase/pkg/config/paths.go:80.2,80.12 1 0
github.com/raghavkgarg/mycase/pkg/config/paths.go:84.2,86.1 2 1
github.com/raghavkgarg/mycase/pkg/config/paths.go:91.2,91.43 1 1
github.com/raghavkgarg/mycase/pkg/config/paths.go:92.3,93.1 1 1
github.com/raghavkgarg/mycase/pkg/config/paths.go:94.2,94.45 1 1
github.com/raghavkgarg/mycase/pkg/config/paths.go:100.2,100.41 1 1
github.com/raghavkgarg/mycase/pkg/config/paths.go:101.3,102.1 1 1
github.com/raghavkgarg/mycase/pkg/config/paths.go:103.2,103.43 1 1
github.com/raghavkgarg/mycase/pkg/config/paths.go:111.2,112.43 2 1
github.com/raghavkgarg/mycase/pkg/config/paths.go:113.3,114.1 1 0
github.com/raghavkgarg/mycase/pkg/config/paths.go:115.2,116.45 2 1
github.com/raghavkgarg/mycase/pkg/config/paths.go:117.3,118.1 1 0
github.com/raghavkgarg/mycase/pkg/config/paths.go:119.2,119.15 1 1
github.com/raghavkgarg/mycase/pkg/config/paths.go:125.2,126.1 1 1
github.com/raghavkgarg/mycase/pkg/config/pipeline.go:56.2,57.16 2 1
github.com/raghavkgarg/mycase/pkg/config/pipeline.go:58.3,59.1 1 0
github.com/raghavkgarg/mycase/pkg/config/pipeline.go:60.2,60.18 1 1
github.com/raghavkgarg/mycase/pkg/config/pipeline.go:94.2,94.16 1 1
github.com/raghavkgarg/mycase/pkg/config/pipeline.go:95.3,96.1 1 1
github.com/raghavkgarg/mycase/pkg/config/pipeline.go:97.2,97.26 1 1
github.com/raghavkgarg/mycase/pkg/config/pipeline.go:98.3,99.1 1 1
github.com/raghavkgarg/mycase/pkg/config/pipeline.go:100.2,100.52 1 0
github.com/raghavkgarg/mycase/pkg/config/pipeline.go:101.3,101.32 1 0
github.com/raghavkgarg/mycase/pkg/config/pipeline.go:102.4,103.1 1 0
github.com/raghavkgarg/mycase/pkg/config/pipeline.go:104.3,105.33 2 0
github.com/raghavkgarg/mycase/pkg/config/pipeline.go:107.4,107.35 1 0
github.com/raghavkgarg/mycase/pkg/config/pipeline.go:108.5,110.1 2 0
github.com/raghavkgarg/mycase/pkg/config/pipeline.go:111.4,111.31 1 0
github.com/raghavkgarg/mycase/pkg/config/pipeline.go:112.5,114.1 2 0
github.com/raghavkgarg/mycase/pkg/config/pipeline.go:116.4,116.35 1 0
github.com/raghavkgarg/mycase/pkg/config/pipeline.go:117.5,119.1 2 0
github.com/raghavkgarg/mycase/pkg/config/pipeline.go:120.4,120.31 1 0
github.com/raghavkgarg/mycase/pkg/config/pipeline.go:121.5,123.1 2 0
github.com/raghavkgarg/mycase/pkg/config/pipeline.go:126.2,126.32 1 0
github.com/raghavkgarg/mycase/pkg/config/pipeline.go:128.3,128.33 1 0
github.com/raghavkgarg/mycase/pkg/config/pipeline.go:129.4,131.1 2 0
github.com/raghavkgarg/mycase/pkg/config/pipeline.go:133.3,133.29 1 0
github.com/raghavkgarg/mycase/pkg/config/pipeline.go:134.4,136.1 2 0
github.com/raghavkgarg/mycase/pkg/config/pipeline.go:138.2,138.19 1 0
github.com/raghavkgarg/mycase/pkg/config/pipeline.go:142.2,144.41 3 1
github.com/raghavkgarg/mycase/pkg/config/pipeline.go:145.3,146.1 1 0
github.com/raghavkgarg/mycase/pkg/config/pipeline.go:147.2,149.32 3 1
github.com/raghavkgarg/mycase/pkg/config/pipeline.go:150.3,150.17 1 1
github.com/raghavkgarg/mycase/pkg/config/pipeline.go:151.4,152.1 1 1
github.com/raghavkgarg/mycase/pkg/config/pipeline.go:153.3,153.43 1 1
github.com/raghavkgarg/mycase/pkg/config/pipeline.go:154.4,155.1 1 1
github.com/raghavkgarg/mycase/pkg/config/pipeline.go:155.10,155.42 1 1
github.com/raghavkgarg/mycase/pkg/config/pipeline.go:156.4,156.31 1 1
github.com/raghavkgarg/mycase/pkg/config/pipeline.go:157.5,157.46 1 1
github.com/raghavkgarg/mycase/pkg/config/pipeline.go:158.6,159.1 1 1
github.com/raghavkgarg/mycase/pkg/config/pipeline.go:163.2,166.20 4 1
github.com/raghavkgarg/mycase/pkg/config/pipeline.go:167.3,168.1 1 1
github.com/raghavkgarg/mycase/pkg/config/pipeline.go:170.2,176.13 7 1
github.com/raghavkgarg/mycase/pkg/config/pipeline.go:177.3,178.1 1 0
github.com/raghavkgarg/mycase/pkg/config/pipeline.go:179.2,181.13 3 1
github.com/raghavkgarg/mycase/pkg/config/pipeline.go:182.3,183.1 1 0
github.com/raghavkgarg/mycase/pkg/config/pipeline.go:184.2,186.19 3 1
github.com/raghavkgarg/mycase/pkg/config/pipeline.go:187.3,188.1 1 0
github.com/raghavkgarg/mycase/pkg/config/pipeline.go:189.2,192.18 4 1
github.com/raghavkgarg/mycase/pkg/config/pipeline.go:193.3,194.1 1 0
github.com/raghavkgarg/mycase/pkg/config/pipeline.go:195.2,197.16 3 1
github.com/raghavkgarg/mycase/pkg/config/pipeline.go:198.3,199.1 1 0
github.com/raghavkgarg/mycase/pkg/config/pipeline.go:200.2,201.1 3 1
github.com/raghavkgarg/mycase/pkg/config/pipeline.go:202.2,203.34 3 1
github.com/raghavkgarg/mycase/pkg/config/pipeline.go:204.3,205.1 1 1
github.com/raghavkgarg/mycase/pkg/config/pipeline.go:206.2,206.28 1 1
github.com/raghavkgarg/mycase/pkg/config/pipeline.go:207.3,208.1 1 1
github.com/raghavkgarg/mycase/pkg/config/pipeline.go:209.2,209.39 1 1
github.com/raghavkgarg/mycase/pkg/config/pipeline.go:210.3,211.1 1 1
github.com/raghavkgarg/mycase/pkg/config/pipeline.go:214.2,215.22 2 1
github.com/raghavkgarg/mycase/pkg/config/pipeline.go:216.3,217.1 1 1
github.com/raghavkgarg/mycase/pkg/config/pipeline.go:218.2,219.28 2 1
github.com/raghavkgarg/mycase/pkg/config/pipeline.go:220.3,221.1 1 1
github.com/raghavkgarg/mycase/pkg/config/pipeline.go:222.2,223.27 2 1
github.com/raghavkgarg/mycase/pkg/config/pipeline.go:224.3,225.1 1 1
github.com/raghavkgarg/mycase/pkg/config/pipeline.go:228.2,236.1 9 1
github.com/raghavkgarg/mycase/pkg/config/pipeline.go:237.2,237.12 9 1
github.com/raghavkgarg/mycase/pkg/config/pipeline.go:249.2,252.1 2 1
github.com/raghavkgarg/mycase/pkg/config/pipeline.go:253.2,253.43 2 1
github.com/raghavkgarg/mycase/pkg/config/pipeline.go:254.3,256.1 2 1
github.com/raghavkgarg/mycase/pkg/config/pipeline.go:257.2,257.35 1 1
github.com/raghavkgarg/mycase/pkg/config/pipeline.go:261.2,261.25 1 1
github.com/raghavkgarg/mycase/pkg/config/pipeline.go:262.3,262.51 1 1
github.com/raghavkgarg/mycase/pkg/config/pipeline.go:263.4,264.1 1 0
github.com/raghavkgarg/mycase/pkg/config/pipeline.go:266.2,267.44 2 1
github.com/raghavkgarg/mycase/pkg/config/pipeline.go:268.3,269.1 1 0
github.com/raghavkgarg/mycase/pkg/config/pipeline.go:270.2,270.40 1 1
github.com/raghavkgarg/mycase/pkg/config/pipeline.go:271.3,272.26 2 1
github.com/raghavkgarg/mycase/pkg/config/pipeline.go:273.4,274.48 2 1
github.com/raghavkgarg/mycase/pkg/config/pipeline.go:275.5,276.1 1 1
github.com/raghavkgarg/mycase/pkg/config/pipeline.go:277.4,278.21 2 1
github.com/raghavkgarg/mycase/pkg/config/pipeline.go:279.5,279.10 1 0
github.com/raghavkgarg/mycase/pkg/config/pipeline.go:281.4,281.16 1 1
github.com/raghavkgarg/mycase/pkg/config/pipeline.go:284.2,284.22 1 0
github.com/raghavkgarg/mycase/pkg/config/pipeline.go:290.2,292.16 3 1
github.com/raghavkgarg/mycase/pkg/config/pipeline.go:293.3,294.1 1 0
github.com/raghavkgarg/mycase/pkg/config/pipeline.go:295.2,296.1 3 1
github.com/raghavkgarg/mycase/pkg/config/pipeline.go:297.2,298.57 3 1
github.com/raghavkgarg/mycase/pkg/config/pipeline.go:299.3,300.1 1 0
github.com/raghavkgarg/mycase/pkg/config/pipeline.go:302.2,302.28 1 1
github.com/raghavkgarg/mycase/pkg/config/pipeline.go:303.3,303.20 1 1
github.com/raghavkgarg/mycase/pkg/config/pipeline.go:304.4,305.1 1 1
github.com/raghavkgarg/mycase/pkg/config/pipeline.go:306.3,306.42 1 1
github.com/raghavkgarg/mycase/pkg/config/pipeline.go:307.4,308.1 1 1
github.com/raghavkgarg/mycase/pkg/config/pipeline.go:310.3,310.35 1 1
github.com/raghavkgarg/mycase/pkg/config/pipeline.go:311.4,313.44 1 1
github.com/raghavkgarg/mycase/pkg/config/pipeline.go:314.5,315.1 1 1
github.com/raghavkgarg/mycase/pkg/config/pipeline.go:317.3,317.32 1 0
github.com/raghavkgarg/mycase/pkg/config/pipeline.go:318.4,318.58 1 0
github.com/raghavkgarg/mycase/pkg/config/pipeline.go:319.5,320.1 1 0
github.com/raghavkgarg/mycase/pkg/config/pipeline.go:324.2,324.28 1 0
github.com/raghavkgarg/mycase/pkg/config/pipeline.go:330.2,331.1 1 0
github.com/raghavkgarg/mycase/pkg/broker/zerodha/zerodha.go:22.2,22.16 1 1
github.com/raghavkgarg/mycase/pkg/broker/zerodha/zerodha.go:23.3,24.1 1 1
github.com/raghavkgarg/mycase/pkg/broker/zerodha/zerodha.go:25.2,26.66 2 1
github.com/raghavkgarg/mycase/pkg/broker/zerodha/zerodha.go:27.3,29.1 2 1
github.com/raghavkgarg/mycase/pkg/broker/zerodha/zerodha.go:31.2,31.168 1 1
github.com/raghavkgarg/mycase/pkg/broker/zerodha/zerodha.go:32.3,32.45 1 0
github.com/raghavkgarg/mycase/pkg/broker/zerodha/zerodha.go:33.4,34.1 1 0
github.com/raghavkgarg/mycase/pkg/broker/zerodha/zerodha.go:36.2,36.12 1 1
github.com/raghavkgarg/mycase/pkg/broker/zerodha/zerodha.go:47.2,47.15 1 1
github.com/raghavkgarg/mycase/pkg/broker/zerodha/zerodha.go:48.3,49.1 1 1
github.com/raghavkgarg/mycase/pkg/broker/zerodha/zerodha.go:50.2,52.74 2 1
github.com/raghavkgarg/mycase/pkg/broker/zerodha/zerodha.go:53.3,55.1 2 1
github.com/raghavkgarg/mycase/pkg/broker/zerodha/zerodha.go:56.2,58.25 3 1
github.com/raghavkgarg/mycase/pkg/broker/zerodha/zerodha.go:59.3,59.60 1 0
github.com/raghavkgarg/mycase/pkg/broker/zerodha/zerodha.go:60.4,66.1 1 0
github.com/raghavkgarg/mycase/pkg/broker/zerodha/zerodha.go:68.2,68.34 1 1
github.com/raghavkgarg/mycase/pkg/broker/zerodha/zerodha.go:71.41,71.55 1 1
github.com/raghavkgarg/mycase/pkg/broker/zerodha/zerodha.go:74.2,75.16 2 0
github.com/raghavkgarg/mycase/pkg/broker/zerodha/zerodha.go:76.3,77.26 2 0
github.com/raghavkgarg/mycase/pkg/broker/zerodha/zerodha.go:78.4,79.1 1 0
github.com/raghavkgarg/mycase/pkg/broker/zerodha/zerodha.go:80.3,80.21 1 0
github.com/raghavkgarg/mycase/pkg/broker/zerodha/zerodha.go:84.2,85.52 2 0
github.com/raghavkgarg/mycase/pkg/broker/zerodha/zerodha.go:86.3,86.30 1 0
github.com/raghavkgarg/mycase/pkg/broker/zerodha/zerodha.go:87.4,89.27 3 0
github.com/raghavkgarg/mycase/pkg/broker/zerodha/zerodha.go:90.5,93.101 4 0
github.com/raghavkgarg/mycase/pkg/broker/zerodha/zerodha.go:94.6,95.1 1 0
github.com/raghavkgarg/mycase/pkg/broker/zerodha/zerodha.go:100.2,100.30 1 0
github.com/raghavkgarg/mycase/pkg/broker/zerodha/zerodha.go:101.3,102.1 1 0
github.com/raghavkgarg/mycase/pkg/broker/zerodha/zerodha.go:104.2,105.79 2 0
github.com/raghavkgarg/mycase/pkg/broker/zerodha/zerodha.go:106.3,107.1 1 0
github.com/raghavkgarg/mycase/pkg/broker/zerodha/zerodha.go:108.3,109.1 1 0
github.com/raghavkgarg/mycase/pkg/broker/zerodha/zerodha.go:111.2,111.21 1 0
github.com/raghavkgarg/mycase/pkg/broker/zerodha/zerodha.go:112.3,114.1 2 0
github.com/raghavkgarg/mycase/pkg/broker/zerodha/zerodha.go:116.2,116.40 1 0
github.com/raghavkgarg/mycase/pkg/broker/zerodha/zerodha.go:122.2,123.16 2 0
github.com/raghavkgarg/mycase/pkg/broker/zerodha/zerodha.go:124.3,125.1 1 0
github.com/raghavkgarg/mycase/pkg/broker/zerodha/zerodha.go:127.2,128.34 2 0
github.com/raghavkgarg/mycase/pkg/broker/zerodha/zerodha.go:129.3,138.1 1 0
github.com/raghavkgarg/mycase/pkg/broker/zerodha/zerodha.go:140.2,141.16 2 0
github.com/raghavkgarg/mycase/pkg/broker/zerodha/zerodha.go:142.3,143.1 1 0
github.com/raghavkgarg/mycase/pkg/broker/zerodha/zerodha.go:144.3,144.41 1 0
github.com/raghavkgarg/mycase/pkg/broker/zerodha/zerodha.go:145.4,145.49 1 0
github.com/raghavkgarg/mycase/pkg/broker/zerodha/zerodha.go:146.5,146.13 1 0
github.com/raghavkgarg/mycase/pkg/broker/zerodha/zerodha.go:148.4,149.31 2 0
github.com/raghavkgarg/mycase/pkg/broker/zerodha/zerodha.go:150.5,150.58 1 0
github.com/raghavkgarg/mycase/pkg/broker/zerodha/zerodha.go:151.6,153.20 3 0
github.com/raghavkgarg/mycase/pkg/broker/zerodha/zerodha.go:154.7,155.1 1 0
github.com/raghavkgarg/mycase/pkg/broker/zerodha/zerodha.go:156.6,158.31 3 0
github.com/raghavkgarg/mycase/pkg/broker/zerodha/zerodha.go:159.7,160.1 1 0
github.com/raghavkgarg/mycase/pkg/broker/zerodha/zerodha.go:161.6,162.11 2 0
github.com/raghavkgarg/mycase/pkg/broker/zerodha/zerodha.go:165.4,165.14 1 0
github.com/raghavkgarg/mycase/pkg/broker/zerodha/zerodha.go:166.5,174.1 1 0
github.com/raghavkgarg/mycase/pkg/broker/zerodha/zerodha.go:178.2,178.29 1 0
github.com/raghavkgarg/mycase/pkg/broker/zerodha/zerodha.go:179.3,180.80 2 0
github.com/raghavkgarg/mycase/pkg/broker/zerodha/zerodha.go:181.4,182.1 1 0
github.com/raghavkgarg/mycase/pkg/broker/zerodha/zerodha.go:184.2,184.25 1 0
github.com/raghavkgarg/mycase/pkg/broker/zerodha/zerodha.go:188.2,189.22 2 0
github.com/raghavkgarg/mycase/pkg/broker/zerodha/zerodha.go:190.3,191.1 1 0
github.com/raghavkgarg/mycase/pkg/broker/zerodha/zerodha.go:192.2,201.16 2 0
github.com/raghavkgarg/mycase/pkg/broker/zerodha/zerodha.go:202.3,203.1 1 0
github.com/raghavkgarg/mycase/pkg/broker/zerodha/zerodha.go:204.2,204.55 1 0
github.com/raghavkgarg/mycase/pkg/broker/zerodha/zerodha.go:208.2,222.16 2 0
github.com/raghavkgarg/mycase/pkg/broker/zerodha/zerodha.go:223.3,224.1 1 0
github.com/raghavkgarg/mycase/pkg/broker/zerodha/zerodha.go:225.2,225.59 1 0
github.com/raghavkgarg/mycase/pkg/csvloader/loader.go:15.2,16.1 3 1
github.com/raghavkgarg/mycase/pkg/csvloader/loader.go:17.2,18.16 3 1
github.com/raghavkgarg/mycase/pkg/csvloader/loader.go:19.3,20.1 1 0
github.com/raghavkgarg/mycase/pkg/csvloader/loader.go:22.2,24.27 3 1
github.com/raghavkgarg/mycase/pkg/csvloader/loader.go:25.3,26.25 2 1
github.com/raghavkgarg/mycase/pkg/csvloader/loader.go:27.4,28.1 1 1
github.com/raghavkgarg/mycase/pkg/csvloader/loader.go:28.10,28.32 1 1
github.com/raghavkgarg/mycase/pkg/csvloader/loader.go:29.4,30.1 1 1
github.com/raghavkgarg/mycase/pkg/csvloader/loader.go:33.2,33.40 1 1
github.com/raghavkgarg/mycase/pkg/csvloader/loader.go:34.3,35.1 1 1
github.com/raghavkgarg/mycase/pkg/csvloader/loader.go:37.2,39.1 3 1
github.com/raghavkgarg/mycase/pkg/csvloader/loader.go:40.2,40.6 3 1
github.com/raghavkgarg/mycase/pkg/csvloader/loader.go:41.3,42.20 2 1
github.com/raghavkgarg/mycase/pkg/csvloader/loader.go:43.4,43.9 1 1
github.com/raghavkgarg/mycase/pkg/csvloader/loader.go:45.3,45.17 1 1
github.com/raghavkgarg/mycase/pkg/csvloader/loader.go:46.4,47.1 1 0
github.com/raghavkgarg/mycase/pkg/csvloader/loader.go:49.3,49.59 1 1
github.com/raghavkgarg/mycase/pkg/csvloader/loader.go:50.4,50.12 1 0
github.com/raghavkgarg/mycase/pkg/csvloader/loader.go:53.3,55.19 3 1
github.com/raghavkgarg/mycase/pkg/csvloader/loader.go:56.4,56.12 1 0
github.com/raghavkgarg/mycase/pkg/csvloader/loader.go:59.3,60.17 2 1
github.com/raghavkgarg/mycase/pkg/csvloader/loader.go:61.4,62.1 1 1
github.com/raghavkgarg/mycase/pkg/csvloader/loader.go:64.3,64.43 1 1
github.com/raghavkgarg/mycase/pkg/csvloader/loader.go:65.4,66.1 1 1
github.com/raghavkgarg/mycase/pkg/csvloader/loader.go:67.3,67.29 1 1
github.com/raghavkgarg/mycase/pkg/csvloader/loader.go:70.2,70.29 1 1
github.com/raghavkgarg/mycase/pkg/csvloader/loader.go:75.2,76.16 2 0
github.com/raghavkgarg/mycase/pkg/csvloader/loader.go:77.3,78.1 1 0
github.com/raghavkgarg/mycase/pkg/csvloader/loader.go:79.2,80.26 2 0
github.com/raghavkgarg/mycase/pkg/csvloader/loader.go:85.2,86.1 3 0
github.com/raghavkgarg/mycase/pkg/csvloader/loader.go:87.2,88.16 3 0
github.com/raghavkgarg/mycase/pkg/csvloader/loader.go:89.3,90.1 1 0
github.com/raghavkgarg/mycase/pkg/csvloader/loader.go:92.2,93.27 2 0
github.com/raghavkgarg/mycase/pkg/csvloader/loader.go:94.3,94.56 1 0
github.com/raghavkgarg/mycase/pkg/csvloader/loader.go:95.4,96.9 2 0
github.com/raghavkgarg/mycase/pkg/csvloader/loader.go:100.2,100.21 1 0
github.com/raghavkgarg/mycase/pkg/csvloader/loader.go:101.3,102.1 1 0
github.com/raghavkgarg/mycase/pkg/csvloader/loader.go:104.2,105.6 2 0
github.com/raghavkgarg/mycase/pkg/csvloader/loader.go:106.3,107.20 2 0
github.com/raghavkgarg/mycase/pkg/csvloader/loader.go:108.4,108.9 1 0
github.com/raghavkgarg/mycase/pkg/csvloader/loader.go:110.3,110.17 1 0
github.com/raghavkgarg/mycase/pkg/csvloader/loader.go:111.4,112.1 1 0
github.com/raghavkgarg/mycase/pkg/csvloader/loader.go:114.3,114.31 1 0
github.com/raghavkgarg/mycase/pkg/csvloader/loader.go:115.4,115.12 1 0
github.com/raghavkgarg/mycase/pkg/csvloader/loader.go:118.3,119.19 2 0
github.com/raghavkgarg/mycase/pkg/csvloader/loader.go:120.4,121.1 1 0
github.com/raghavkgarg/mycase/pkg/csvloader/loader.go:124.2,124.21 1 0
github.com/raghavkgarg/mycase/pkg/csvloader/loader.go:129.2,130.16 2 0
github.com/raghavkgarg/mycase/pkg/csvloader/loader.go:131.3,132.1 1 0
github.com/raghavkgarg/mycase/pkg/csvloader/loader.go:133.2,134.25 2 0
github.com/raghavkgarg/mycase/pkg/csvloader/loader.go:141.2,143.1 8 1
github.com/raghavkgarg/mycase/pkg/csvloader/loader.go:145.2,147.1 8 1
github.com/raghavkgarg/mycase/pkg/csvloader/loader.go:148.2,149.1 8 1
github.com/raghavkgarg/mycase/pkg/csvloader/loader.go:151.2,175.1 8 1
github.com/raghavkgarg/mycase/pkg/csvloader/loader.go:177.2,178.29 8 1
github.com/raghavkgarg/mycase/pkg/csvloader/loader.go:179.3,179.17 1 1
github.com/raghavkgarg/mycase/pkg/csvloader/loader.go:180.4,180.12 1 1
github.com/raghavkgarg/mycase/pkg/csvloader/loader.go:182.3,183.25 2 1
github.com/raghavkgarg/mycase/pkg/csvloader/loader.go:184.4,184.12 1 1
github.com/raghavkgarg/mycase/pkg/csvloader/loader.go:188.3,189.26 2 1
github.com/raghavkgarg/mycase/pkg/csvloader/loader.go:190.4,190.26 1 1
github.com/raghavkgarg/mycase/pkg/csvloader/loader.go:191.5,192.10 2 1
github.com/raghavkgarg/mycase/pkg/csvloader/loader.go:195.3,195.73 1 1
github.com/raghavkgarg/mycase/pkg/csvloader/loader.go:196.4,196.12 1 1
github.com/raghavkgarg/mycase/pkg/csvloader/loader.go:199.3,199.40 1 1
github.com/raghavkgarg/mycase/pkg/csvloader/loader.go:202.2,202.25 1 1
github.com/raghavkgarg/mycase/pkg/csvloader/loader.go:203.3,204.1 1 1
github.com/raghavkgarg/mycase/pkg/csvloader/loader.go:205.2,205.20 1 1
github.com/raghavkgarg/mycase/pkg/csvloader/pipeline_csv.go:17.2,18.1 2 0
github.com/raghavkgarg/mycase/pkg/csvloader/pipeline_csv.go:19.2,19.41 2 0
github.com/raghavkgarg/mycase/pkg/csvloader/pipeline_csv.go:20.3,21.17 2 0
github.com/raghavkgarg/mycase/pkg/csvloader/pipeline_csv.go:22.4,23.1 1 0
github.com/raghavkgarg/mycase/pkg/csvloader/pipeline_csv.go:24.3,25.1 4 0
github.com/raghavkgarg/mycase/pkg/csvloader/pipeline_csv.go:26.3,28.17 4 0
github.com/raghavkgarg/mycase/pkg/csvloader/pipeline_csv.go:29.4,30.1 1 0
github.com/raghavkgarg/mycase/pkg/csvloader/pipeline_csv.go:32.3,32.23 1 0
github.com/raghavkgarg/mycase/pkg/csvloader/pipeline_csv.go:33.4,34.1 1 0
github.com/raghavkgarg/mycase/pkg/csvloader/pipeline_csv.go:36.3,37.32 2 0
github.com/raghavkgarg/mycase/pkg/csvloader/pipeline_csv.go:38.4,38.57 1 0
github.com/raghavkgarg/mycase/pkg/csvloader/pipeline_csv.go:39.5,40.10 2 0
github.com/raghavkgarg/mycase/pkg/csvloader/pipeline_csv.go:44.3,44.22 1 0
github.com/raghavkgarg/mycase/pkg/csvloader/pipeline_csv.go:45.4,46.1 1 0
github.com/raghavkgarg/mycase/pkg/csvloader/pipeline_csv.go:48.3,48.35 1 0
github.com/raghavkgarg/mycase/pkg/csvloader/pipeline_csv.go:49.4,49.28 1 0
github.com/raghavkgarg/mycase/pkg/csvloader/pipeline_csv.go:50.5,51.16 2 0
github.com/raghavkgarg/mycase/pkg/csvloader/pipeline_csv.go:52.6,53.1 1 0
github.com/raghavkgarg/mycase/pkg/csvloader/pipeline_csv.go:56.3,56.13 1 0
github.com/raghavkgarg/mycase/pkg/csvloader/pipeline_csv.go:59.2,59.29 1 0
github.com/raghavkgarg/mycase/pkg/csvloader/pipeline_csv.go:60.3,60.43 1 0
github.com/raghavkgarg/mycase/pkg/csvloader/pipeline_csv.go:61.4,62.1 1 0
github.com/raghavkgarg/mycase/pkg/csvloader/pipeline_csv.go:65.2,65.65 1 0
github.com/raghavkgarg/mycase/pkg/csvloader/pipeline_csv.go:66.3,67.1 1 0
github.com/raghavkgarg/mycase/pkg/csvloader/pipeline_csv.go:69.2,70.16 2 0
github.com/raghavkgarg/mycase/pkg/csvloader/pipeline_csv.go:71.3,72.1 1 0
github.com/raghavkgarg/mycase/pkg/csvloader/pipeline_csv.go:73.2,74.1 3 0
github.com/raghavkgarg/mycase/pkg/csvloader/pipeline_csv.go:75.2,76.52 3 0
github.com/raghavkgarg/mycase/pkg/csvloader/pipeline_csv.go:77.3,78.1 1 0
github.com/raghavkgarg/mycase/pkg/csvloader/pipeline_csv.go:80.2,80.25 1 0
github.com/raghavkgarg/mycase/pkg/csvloader/pipeline_csv.go:81.3,81.46 1 0
github.com/raghavkgarg/mycase/pkg/csvloader/pipeline_csv.go:82.4,83.1 1 0
github.com/raghavkgarg/mycase/pkg/csvloader/pipeline_csv.go:85.2,86.18 2 0
github.com/raghavkgarg/mycase/pkg/csvloader/pipeline_csv.go:92.2,94.16 3 0
github.com/raghavkgarg/mycase/pkg/csvloader/pipeline_csv.go:95.3,98.37 4 0
github.com/raghavkgarg/mycase/pkg/csvloader/pipeline_csv.go:99.4,100.33 2 0
github.com/raghavkgarg/mycase/pkg/csvloader/pipeline_csv.go:101.5,101.58 1 0
github.com/raghavkgarg/mycase/pkg/csvloader/pipeline_csv.go:102.6,103.11 2 0
github.com/raghavkgarg/mycase/pkg/csvloader/pipeline_csv.go:106.4,106.23 1 0
github.com/raghavkgarg/mycase/pkg/csvloader/pipeline_csv.go:107.5,107.37 1 0
github.com/raghavkgarg/mycase/pkg/csvloader/pipeline_csv.go:108.6,108.30 1 0
github.com/raghavkgarg/mycase/pkg/csvloader/pipeline_csv.go:109.7,110.18 2 0
github.com/raghavkgarg/mycase/pkg/csvloader/pipeline_csv.go:111.8,112.1 1 0
github.com/raghavkgarg/mycase/pkg/csvloader/pipeline_csv.go:117.9,117.32 1 0
github.com/raghavkgarg/mycase/pkg/csvloader/pipeline_csv.go:118.3,119.1 1 0
github.com/raghavkgarg/mycase/pkg/csvloader/pipeline_csv.go:121.2,122.16 2 0
github.com/raghavkgarg/mycase/pkg/csvloader/pipeline_csv.go:123.3,124.1 1 0
github.com/raghavkgarg/mycase/pkg/csvloader/pipeline_csv.go:125.2,126.1 4 0
github.com/raghavkgarg/mycase/pkg/csvloader/pipeline_csv.go:127.2,129.16 4 0
github.com/raghavkgarg/mycase/pkg/csvloader/pipeline_csv.go:130.3,131.1 1 0
github.com/raghavkgarg/mycase/pkg/csvloader/pipeline_csv.go:133.2,133.25 1 0
github.com/raghavkgarg/mycase/pkg/csvloader/pipeline_csv.go:134.3,135.1 1 0
github.com/raghavkgarg/mycase/pkg/csvloader/pipeline_csv.go:137.2,139.34 3 0
github.com/raghavkgarg/mycase/pkg/csvloader/pipeline_csv.go:140.3,141.17 2 0
github.com/raghavkgarg/mycase/pkg/csvloader/pipeline_csv.go:143.4,143.17 1 0
github.com/raghavkgarg/mycase/pkg/csvloader/pipeline_csv.go:145.4,145.17 1 0
github.com/raghavkgarg/mycase/pkg/csvloader/pipeline_csv.go:149.2,149.40 1 0
github.com/raghavkgarg/mycase/pkg/csvloader/pipeline_csv.go:150.3,151.1 1 0
github.com/raghavkgarg/mycase/pkg/csvloader/pipeline_csv.go:153.2,157.1 4 0
github.com/raghavkgarg/mycase/pkg/csvloader/pipeline_csv.go:158.2,159.1 4 0
github.com/raghavkgarg/mycase/pkg/csvloader/pipeline_csv.go:160.2,160.37 4 0
github.com/raghavkgarg/mycase/pkg/csvloader/pipeline_csv.go:161.3,161.51 1 0
github.com/raghavkgarg/mycase/pkg/csvloader/pipeline_csv.go:162.4,164.15 3 0
github.com/raghavkgarg/mycase/pkg/csvloader/pipeline_csv.go:165.5,167.1 2 0
github.com/raghavkgarg/mycase/pkg/csvloader/pipeline_csv.go:171.2,171.33 1 0
github.com/raghavkgarg/mycase/pkg/csvloader/pipeline_csv.go:172.3,172.21 1 0
github.com/raghavkgarg/mycase/pkg/csvloader/pipeline_csv.go:173.4,174.1 1 0
github.com/raghavkgarg/mycase/pkg/csvloader/pipeline_csv.go:177.2,178.16 2 0
github.com/raghavkgarg/mycase/pkg/csvloader/pipeline_csv.go:179.3,180.1 1 0
github.com/raghavkgarg/mycase/pkg/csvloader/pipeline_csv.go:181.2,182.1 3 0
github.com/raghavkgarg/mycase/pkg/csvloader/pipeline_csv.go:183.2,184.62 3 0
github.com/raghavkgarg/mycase/pkg/csvloader/pipeline_csv.go:185.3,186.1 1 0
github.com/raghavkgarg/mycase/pkg/csvloader/pipeline_csv.go:188.2,188.33 1 0
github.com/raghavkgarg/mycase/pkg/csvloader/pipeline_csv.go:189.3,189.67 1 0
github.com/raghavkgarg/mycase/pkg/csvloader/pipeline_csv.go:190.4,191.1 1 0
github.com/raghavkgarg/mycase/pkg/csvloader/pipeline_csv.go:193.2,194.18 2 0
github.com/raghavkgarg/mycase/pkg/csvloader/pipeline_csv.go:199.2,201.16 3 1
github.com/raghavkgarg/mycase/pkg/csvloader/pipeline_csv.go:202.3,202.25 1 0
github.com/raghavkgarg/mycase/pkg/csvloader/pipeline_csv.go:203.4,204.1 1 0
github.com/raghavkgarg/mycase/pkg/csvloader/pipeline_csv.go:205.3,205.18 1 0
github.com/raghavkgarg/mycase/pkg/csvloader/pipeline_csv.go:207.2,208.1 4 1
github.com/raghavkgarg/mycase/pkg/csvloader/pipeline_csv.go:209.2,211.16 4 1
github.com/raghavkgarg/mycase/pkg/csvloader/pipeline_csv.go:212.3,213.1 1 0
github.com/raghavkgarg/mycase/pkg/csvloader/pipeline_csv.go:215.2,215.22 1 1
github.com/raghavkgarg/mycase/pkg/csvloader/pipeline_csv.go:216.3,217.1 1 0
github.com/raghavkgarg/mycase/pkg/csvloader/pipeline_csv.go:219.2,221.31 3 1
github.com/raghavkgarg/mycase/pkg/csvloader/pipeline_csv.go:222.3,223.17 2 1
github.com/raghavkgarg/mycase/pkg/csvloader/pipeline_csv.go:225.4,225.17 1 1
github.com/raghavkgarg/mycase/pkg/csvloader/pipeline_csv.go:227.4,227.17 1 1
github.com/raghavkgarg/mycase/pkg/csvloader/pipeline_csv.go:231.2,231.40 1 1
github.com/raghavkgarg/mycase/pkg/csvloader/pipeline_csv.go:232.3,233.1 1 0
github.com/raghavkgarg/mycase/pkg/csvloader/pipeline_csv.go:235.2,235.34 1 1
github.com/raghavkgarg/mycase/pkg/csvloader/pipeline_csv.go:236.3,236.51 1 1
github.com/raghavkgarg/mycase/pkg/csvloader/pipeline_csv.go:237.4,239.15 3 1
github.com/raghavkgarg/mycase/pkg/csvloader/pipeline_csv.go:240.5,241.19 2 1
github.com/raghavkgarg/mycase/pkg/csvloader/pipeline_csv.go:242.6,243.1 1 1
github.com/raghavkgarg/mycase/pkg/csvloader/pipeline_csv.go:248.2,248.28 1 1
github.com/raghavkgarg/mycase/pkg/csvloader/pipeline_csv.go:249.3,249.19 1 1
github.com/raghavkgarg/mycase/pkg/csvloader/pipeline_csv.go:250.4,251.1 1 0
github.com/raghavkgarg/mycase/pkg/csvloader/pipeline_csv.go:253.2,253.21 1 1
github.com/raghavkgarg/mycase/pkg/csvloader/pipeline_csv.go:278.2,279.16 2 1
github.com/raghavkgarg/mycase/pkg/csvloader/pipeline_csv.go:280.3,282.1 2 0
github.com/raghavkgarg/mycase/pkg/csvloader/pipeline_csv.go:283.2,284.16 2 1
github.com/raghavkgarg/mycase/pkg/csvloader/pipeline_csv.go:285.3,287.1 2 0
github.com/raghavkgarg/mycase/pkg/csvloader/pipeline_csv.go:289.2,292.1 5 1
github.com/raghavkgarg/mycase/pkg/csvloader/pipeline_csv.go:293.2,294.28 5 1
github.com/raghavkgarg/mycase/pkg/csvloader/pipeline_csv.go:295.3,296.1 1 1
github.com/raghavkgarg/mycase/pkg/csvloader/pipeline_csv.go:297.2,298.28 2 1
github.com/raghavkgarg/mycase/pkg/csvloader/pipeline_csv.go:299.3,300.1 1 1
github.com/raghavkgarg/mycase/pkg/csvloader/pipeline_csv.go:303.2,305.1 4 1
github.com/raghavkgarg/mycase/pkg/csvloader/pipeline_csv.go:306.2,307.32 4 1
github.com/raghavkgarg/mycase/pkg/csvloader/pipeline_csv.go:308.3,308.12 1 1
github.com/raghavkgarg/mycase/pkg/csvloader/pipeline_csv.go:309.4,311.1 2 1
github.com/raghavkgarg/mycase/pkg/csvloader/pipeline_csv.go:313.2,313.31 1 1
github.com/raghavkgarg/mycase/pkg/csvloader/pipeline_csv.go:314.3,314.12 1 1
github.com/raghavkgarg/mycase/pkg/csvloader/pipeline_csv.go:315.4,317.1 2 1
github.com/raghavkgarg/mycase/pkg/csvloader/pipeline_csv.go:320.2,321.28 2 1
github.com/raghavkgarg/mycase/pkg/csvloader/pipeline_csv.go:322.3,323.1 1 1
github.com/raghavkgarg/mycase/pkg/csvloader/pipeline_csv.go:324.2,325.1 3 1
github.com/raghavkgarg/mycase/pkg/csvloader/pipeline_csv.go:326.2,327.32 3 1
github.com/raghavkgarg/mycase/pkg/csvloader/pipeline_csv.go:328.3,328.12 1 1
github.com/raghavkgarg/mycase/pkg/csvloader/pipeline_csv.go:329.4,330.1 1 1
github.com/raghavkgarg/mycase/pkg/csvloader/pipeline_csv.go:332.2,332.31 1 1
github.com/raghavkgarg/mycase/pkg/csvloader/pipeline_csv.go:333.3,333.12 1 1
github.com/raghavkgarg/mycase/pkg/csvloader/pipeline_csv.go:334.4,335.1 1 1
github.com/raghavkgarg/mycase/pkg/csvloader/pipeline_csv.go:337.2,338.27 2 1
github.com/raghavkgarg/mycase/pkg/csvloader/pipeline_csv.go:339.3,340.1 1 1
github.com/raghavkgarg/mycase/pkg/csvloader/pipeline_csv.go:341.2,341.24 1 1
github.com/raghavkgarg/mycase/pkg/csvloader/pipeline_csv.go:342.3,343.1 1 1
github.com/raghavkgarg/mycase/pkg/csvloader/pipeline_csv.go:345.2,350.1 3 1
github.com/raghavkgarg/mycase/pkg/csvloader/pipeline_csv.go:351.2,352.1 3 1
github.com/raghavkgarg/mycase/pkg/csvloader/pipeline_csv.go:353.2,353.32 3 1
github.com/raghavkgarg/mycase/pkg/csvloader/pipeline_csv.go:354.3,356.1 6 1
github.com/raghavkgarg/mycase/pkg/csvloader/pipeline_csv.go:357.3,359.1 6 1
github.com/raghavkgarg/mycase/pkg/csvloader/pipeline_csv.go:360.3,361.29 6 1
github.com/raghavkgarg/mycase/pkg/csvloader/pipeline_csv.go:362.4,362.26 1 1
github.com/raghavkgarg/mycase/pkg/csvloader/pipeline_csv.go:363.5,364.1 1 0
github.com/raghavkgarg/mycase/pkg/csvloader/pipeline_csv.go:364.11,364.22 1 1
github.com/raghavkgarg/mycase/pkg/csvloader/pipeline_csv.go:365.5,366.1 1 1
github.com/raghavkgarg/mycase/pkg/csvloader/pipeline_csv.go:367.5,368.1 1 1
github.com/raghavkgarg/mycase/pkg/csvloader/pipeline_csv.go:369.4,369.13 1 1
github.com/raghavkgarg/mycase/pkg/csvloader/pipeline_csv.go:370.10,370.36 1 1
github.com/raghavkgarg/mycase/pkg/csvloader/pipeline_csv.go:371.4,371.26 1 1
github.com/raghavkgarg/mycase/pkg/csvloader/pipeline_csv.go:372.5,373.1 1 0
github.com/raghavkgarg/mycase/pkg/csvloader/pipeline_csv.go:373.11,373.22 1 1
github.com/raghavkgarg/mycase/pkg/csvloader/pipeline_csv.go:374.5,375.1 1 1
github.com/raghavkgarg/mycase/pkg/csvloader/pipeline_csv.go:376.5,377.1 1 1
github.com/raghavkgarg/mycase/pkg/csvloader/pipeline_csv.go:378.4,378.18 1 1
github.com/raghavkgarg/mycase/pkg/csvloader/pipeline_csv.go:379.10,379.35 1 1
github.com/raghavkgarg/mycase/pkg/csvloader/pipeline_csv.go:380.4,380.20 1 1
github.com/raghavkgarg/mycase/pkg/csvloader/pipeline_csv.go:381.5,381.27 1 1
github.com/raghavkgarg/mycase/pkg/csvloader/pipeline_csv.go:382.6,383.1 1 1
github.com/raghavkgarg/mycase/pkg/csvloader/pipeline_csv.go:384.6,385.1 1 0
github.com/raghavkgarg/mycase/pkg/csvloader/pipeline_csv.go:386.5,386.16 1 1
github.com/raghavkgarg/mycase/pkg/csvloader/pipeline_csv.go:387.11,387.27 1 0
github.com/raghavkgarg/mycase/pkg/csvloader/pipeline_csv.go:388.5,388.27 1 0
github.com/raghavkgarg/mycase/pkg/csvloader/pipeline_csv.go:389.6,390.1 1 0
github.com/raghavkgarg/mycase/pkg/csvloader/pipeline_csv.go:391.6,392.1 1 0
github.com/raghavkgarg/mycase/pkg/csvloader/pipeline_csv.go:393.5,393.14 1 0
github.com/raghavkgarg/mycase/pkg/csvloader/pipeline_csv.go:395.5,397.1 2 0
github.com/raghavkgarg/mycase/pkg/csvloader/pipeline_csv.go:399.4,399.12 1 0
github.com/raghavkgarg/mycase/pkg/csvloader/pipeline_csv.go:402.3,407.5 1 1
github.com/raghavkgarg/mycase/pkg/csvloader/pipeline_csv.go:411.2,411.53 1 1
github.com/raghavkgarg/mycase/pkg/csvloader/pipeline_csv.go:412.3,413.1 1 0
github.com/raghavkgarg/mycase/pkg/csvloader/pipeline_csv.go:415.2,416.1 4 1
github.com/raghavkgarg/mycase/pkg/csvloader/pipeline_csv.go:417.2,419.16 4 1
github.com/raghavkgarg/mycase/pkg/csvloader/pipeline_csv.go:420.3,421.1 1 0
github.com/raghavkgarg/mycase/pkg/csvloader/pipeline_csv.go:422.3,424.1 2 1
github.com/raghavkgarg/mycase/pkg/csvloader/pipeline_csv.go:426.2,427.59 2 1
github.com/raghavkgarg/mycase/pkg/csvloader/pipeline_csv.go:428.3,428.22 1 1
github.com/raghavkgarg/mycase/pkg/csvloader/pipeline_csv.go:429.4,432.1 3 1
github.com/raghavkgarg/mycase/pkg/csvloader/pipeline_csv.go:433.4,434.1 1 1
github.com/raghavkgarg/mycase/pkg/csvloader/pipeline_csv.go:435.3,435.24 1 1
github.com/raghavkgarg/mycase/pkg/csvloader/pipeline_csv.go:436.4,437.1 1 1
github.com/raghavkgarg/mycase/pkg/csvloader/pipeline_csv.go:440.2,443.1 5 1
github.com/raghavkgarg/mycase/pkg/csvloader/pipeline_csv.go:445.2,446.37 5 1
github.com/raghavkgarg/mycase/pkg/csvloader/pipeline_csv.go:447.3,448.1 1 1
github.com/raghavkgarg/mycase/pkg/csvloader/pipeline_csv.go:449.2,451.1 4 1
github.com/raghavkgarg/mycase/pkg/csvloader/pipeline_csv.go:452.2,454.1 4 1
github.com/raghavkgarg/mycase/pkg/csvloader/pipeline_csv.go:455.2,455.25 4 1
github.com/raghavkgarg/mycase/pkg/csvloader/pipeline_csv.go:456.3,457.19 2 1
github.com/raghavkgarg/mycase/pkg/csvloader/pipeline_csv.go:458.4,459.1 1 1
github.com/raghavkgarg/mycase/pkg/csvloader/pipeline_csv.go:460.3,461.18 2 1
github.com/raghavkgarg/mycase/pkg/csvloader/pipeline_csv.go:462.4,463.1 1 1
github.com/raghavkgarg/mycase/pkg/csvloader/pipeline_csv.go:465.3,466.50 2 1
github.com/raghavkgarg/mycase/pkg/csvloader/pipeline_csv.go:467.4,468.1 1 1
github.com/raghavkgarg/mycase/pkg/csvloader/pipeline_csv.go:468.10,468.58 1 1
github.com/raghavkgarg/mycase/pkg/csvloader/pipeline_csv.go:469.4,470.1 1 1
github.com/raghavkgarg/mycase/pkg/csvloader/pipeline_csv.go:470.10,470.61 1 1
github.com/raghavkgarg/mycase/pkg/csvloader/pipeline_csv.go:471.4,472.1 1 1
github.com/raghavkgarg/mycase/pkg/csvloader/pipeline_csv.go:472.10,472.59 1 0
github.com/raghavkgarg/mycase/pkg/csvloader/pipeline_csv.go:473.4,474.1 1 0
github.com/raghavkgarg/mycase/pkg/csvloader/pipeline_csv.go:476.3,476.90 1 1
github.com/raghavkgarg/mycase/pkg/csvloader/pipeline_csv.go:478.2,479.1 2 1
github.com/raghavkgarg/mycase/pkg/csvloader/pipeline_csv.go:480.2,480.16 2 1
github.com/raghavkgarg/mycase/pkg/csvloader/pipeline_csv.go:481.3,482.1 1 1
github.com/raghavkgarg/mycase/pkg/csvloader/pipeline_csv.go:487.2,488.16 2 1
github.com/raghavkgarg/mycase/pkg/csvloader/pipeline_csv.go:489.3,490.1 1 0
github.com/raghavkgarg/mycase/pkg/csvloader/pipeline_csv.go:491.2,492.1 4 1
github.com/raghavkgarg/mycase/pkg/csvloader/pipeline_csv.go:493.2,495.16 4 1
github.com/raghavkgarg/mycase/pkg/csvloader/pipeline_csv.go:496.3,497.1 1 0
github.com/raghavkgarg/mycase/pkg/csvloader/pipeline_csv.go:498.2,498.22 1 1
github.com/raghavkgarg/mycase/pkg/csvloader/pipeline_csv.go:499.3,500.1 1 1
github.com/raghavkgarg/mycase/pkg/csvloader/pipeline_csv.go:502.2,503.31 2 1
github.com/raghavkgarg/mycase/pkg/csvloader/pipeline_csv.go:504.3,504.56 1 1
github.com/raghavkgarg/mycase/pkg/csvloader/pipeline_csv.go:505.4,506.9 2 1
github.com/raghavkgarg/mycase/pkg/csvloader/pipeline_csv.go:509.2,509.21 1 1
github.com/raghavkgarg/mycase/pkg/csvloader/pipeline_csv.go:510.3,511.1 1 0
github.com/raghavkgarg/mycase/pkg/csvloader/pipeline_csv.go:513.2,514.34 2 1
github.com/raghavkgarg/mycase/pkg/csvloader/pipeline_csv.go:515.3,515.27 1 1
github.com/raghavkgarg/mycase/pkg/csvloader/pipeline_csv.go:516.4,517.27 2 1
github.com/raghavkgarg/mycase/pkg/csvloader/pipeline_csv.go:518.5,519.1 1 1
github.com/raghavkgarg/mycase/pkg/csvloader/pipeline_csv.go:522.2,522.25 1 1
github.com/raghavkgarg/mycase/pkg/broker/schwab/auth.go:72.2,72.14 1 1
github.com/raghavkgarg/mycase/pkg/broker/schwab/auth.go:73.3,74.1 1 1
github.com/raghavkgarg/mycase/pkg/broker/schwab/auth.go:75.2,75.64 1 1
github.com/raghavkgarg/mycase/pkg/broker/schwab/auth.go:80.2,80.14 1 1
github.com/raghavkgarg/mycase/pkg/broker/schwab/auth.go:81.3,82.1 1 0
github.com/raghavkgarg/mycase/pkg/broker/schwab/auth.go:83.2,83.48 1 1
github.com/raghavkgarg/mycase/pkg/broker/schwab/auth.go:96.2,99.1 1 1
github.com/raghavkgarg/mycase/pkg/broker/schwab/auth.go:105.2,107.1 3 1
github.com/raghavkgarg/mycase/pkg/broker/schwab/auth.go:108.2,108.21 3 1
github.com/raghavkgarg/mycase/pkg/broker/schwab/auth.go:109.3,110.17 2 1
github.com/raghavkgarg/mycase/pkg/broker/schwab/auth.go:111.4,112.1 1 0
github.com/raghavkgarg/mycase/pkg/broker/schwab/auth.go:113.3,113.15 1 1
github.com/raghavkgarg/mycase/pkg/broker/schwab/auth.go:117.2,117.43 1 1
github.com/raghavkgarg/mycase/pkg/broker/schwab/auth.go:118.3,119.1 1 1
github.com/raghavkgarg/mycase/pkg/broker/schwab/auth.go:122.2,122.33 1 1
github.com/raghavkgarg/mycase/pkg/broker/schwab/auth.go:123.3,125.1 1 1
github.com/raghavkgarg/mycase/pkg/broker/schwab/auth.go:127.2,128.16 2 0
github.com/raghavkgarg/mycase/pkg/broker/schwab/auth.go:129.3,130.1 1 0
github.com/raghavkgarg/mycase/pkg/broker/schwab/auth.go:131.2,132.59 2 0
github.com/raghavkgarg/mycase/pkg/broker/schwab/auth.go:133.3,134.1 1 0
github.com/raghavkgarg/mycase/pkg/broker/schwab/auth.go:135.2,135.34 1 0
github.com/raghavkgarg/mycase/pkg/broker/schwab/auth.go:140.2,141.16 2 1
github.com/raghavkgarg/mycase/pkg/broker/schwab/auth.go:142.3,143.1 1 0
github.com/raghavkgarg/mycase/pkg/broker/schwab/auth.go:144.2,145.51 2 1
github.com/raghavkgarg/mycase/pkg/broker/schwab/auth.go:146.3,147.1 1 0
github.com/raghavkgarg/mycase/pkg/broker/schwab/auth.go:148.2,148.50 1 1
github.com/raghavkgarg/mycase/pkg/broker/schwab/auth.go:149.3,150.1 1 1
github.com/raghavkgarg/mycase/pkg/broker/schwab/auth.go:151.2,151.27 1 1
github.com/raghavkgarg/mycase/pkg/broker/schwab/auth.go:152.3,153.1 1 1
github.com/raghavkgarg/mycase/pkg/broker/schwab/auth.go:154.2,154.18 1 1
github.com/raghavkgarg/mycase/pkg/broker/schwab/auth.go:159.2,160.16 2 1
github.com/raghavkgarg/mycase/pkg/broker/schwab/auth.go:161.3,162.1 1 0
github.com/raghavkgarg/mycase/pkg/broker/schwab/auth.go:163.2,164.49 2 1
github.com/raghavkgarg/mycase/pkg/broker/schwab/auth.go:165.3,166.1 1 0
github.com/raghavkgarg/mycase/pkg/broker/schwab/auth.go:167.2,167.25 1 1
github.com/raghavkgarg/mycase/pkg/broker/schwab/auth.go:168.3,169.1 1 0
github.com/raghavkgarg/mycase/pkg/broker/schwab/auth.go:170.2,170.16 1 1
github.com/raghavkgarg/mycase/pkg/broker/schwab/auth.go:175.2,176.47 2 1
github.com/raghavkgarg/mycase/pkg/broker/schwab/auth.go:177.3,178.1 1 0
github.com/raghavkgarg/mycase/pkg/broker/schwab/auth.go:179.2,180.16 2 1
github.com/raghavkgarg/mycase/pkg/broker/schwab/auth.go:181.3,182.1 1 0
github.com/raghavkgarg/mycase/pkg/broker/schwab/auth.go:183.2,183.39 1 1
github.com/raghavkgarg/mycase/pkg/broker/schwab/auth.go:188.2,191.1 3 0
github.com/raghavkgarg/mycase/pkg/broker/schwab/auth.go:193.2,194.16 3 0
github.com/raghavkgarg/mycase/pkg/broker/schwab/auth.go:195.3,196.1 1 0
github.com/raghavkgarg/mycase/pkg/broker/schwab/auth.go:197.2,199.1 4 0
github.com/raghavkgarg/mycase/pkg/broker/schwab/auth.go:200.2,201.16 4 0
github.com/raghavkgarg/mycase/pkg/broker/schwab/auth.go:202.3,203.1 1 0
github.com/raghavkgarg/mycase/pkg/broker/schwab/auth.go:204.2,205.1 2 0
github.com/raghavkgarg/mycase/pkg/broker/schwab/auth.go:206.2,206.38 2 0
github.com/raghavkgarg/mycase/pkg/broker/schwab/auth.go:207.3,209.1 3 0
github.com/raghavkgarg/mycase/pkg/broker/schwab/auth.go:213.3,213.93 3 0
github.com/raghavkgarg/mycase/pkg/broker/schwab/auth.go:214.4,215.1 1 0
github.com/raghavkgarg/mycase/pkg/broker/schwab/auth.go:216.3,216.84 1 0
github.com/raghavkgarg/mycase/pkg/broker/schwab/auth.go:219.2,219.33 1 0
github.com/raghavkgarg/mycase/pkg/broker/schwab/auth.go:232.2,233.16 2 0
github.com/raghavkgarg/mycase/pkg/broker/schwab/auth.go:234.3,235.1 1 0
github.com/raghavkgarg/mycase/pkg/broker/schwab/auth.go:237.2,238.16 2 0
github.com/raghavkgarg/mycase/pkg/broker/schwab/auth.go:239.3,240.1 1 0
github.com/raghavkgarg/mycase/pkg/broker/schwab/auth.go:243.2,244.16 2 0
github.com/raghavkgarg/mycase/pkg/broker/schwab/auth.go:245.3,246.1 1 0
github.com/raghavkgarg/mycase/pkg/broker/schwab/auth.go:249.2,254.1 3 0
github.com/raghavkgarg/mycase/pkg/broker/schwab/auth.go:255.2,256.54 3 0
github.com/raghavkgarg/mycase/pkg/broker/schwab/auth.go:257.3,257.18 1 0
github.com/raghavkgarg/mycase/pkg/broker/schwab/auth.go:258.4,261.1 1 0
github.com/raghavkgarg/mycase/pkg/broker/schwab/auth.go:263.3,264.17 2 0
github.com/raghavkgarg/mycase/pkg/broker/schwab/auth.go:265.4,265.56 1 0
github.com/raghavkgarg/mycase/pkg/broker/schwab/auth.go:266.5,267.1 1 0
github.com/raghavkgarg/mycase/pkg/broker/schwab/auth.go:268.4,271.14 4 0
github.com/raghavkgarg/mycase/pkg/broker/schwab/auth.go:276.3,276.62 1 0
github.com/raghavkgarg/mycase/pkg/broker/schwab/auth.go:277.4,277.12 1 0
github.com/raghavkgarg/mycase/pkg/broker/schwab/auth.go:279.3,279.37 1 0
github.com/raghavkgarg/mycase/pkg/broker/schwab/auth.go:280.4,285.1 2 0
github.com/raghavkgarg/mycase/pkg/broker/schwab/auth.go:286.3,286.13 1 0
github.com/raghavkgarg/mycase/pkg/broker/schwab/auth.go:288.2,288.75 1 0
github.com/raghavkgarg/mycase/pkg/broker/schwab/auth.go:296.2,298.1 5 0
github.com/raghavkgarg/mycase/pkg/broker/schwab/auth.go:305.2,307.76 5 0
github.com/raghavkgarg/mycase/pkg/broker/schwab/auth.go:308.3,309.17 2 0
github.com/raghavkgarg/mycase/pkg/broker/schwab/auth.go:314.4,314.58 1 0
github.com/raghavkgarg/mycase/pkg/broker/schwab/auth.go:315.5,315.20 1 0
github.com/raghavkgarg/mycase/pkg/broker/schwab/auth.go:316.6,317.1 1 0
github.com/raghavkgarg/mycase/pkg/broker/schwab/auth.go:318.5,318.83 1 0
github.com/raghavkgarg/mycase/pkg/broker/schwab/auth.go:320.4,320.10 1 0
github.com/raghavkgarg/mycase/pkg/broker/schwab/auth.go:322.3,322.18 1 0
github.com/raghavkgarg/mycase/pkg/broker/schwab/auth.go:323.4,326.1 3 0
github.com/raghavkgarg/mycase/pkg/broker/schwab/auth.go:329.2,335.1 3 0
github.com/raghavkgarg/mycase/pkg/broker/schwab/auth.go:338.2,339.16 3 0
github.com/raghavkgarg/mycase/pkg/broker/schwab/auth.go:340.3,341.1 1 0
github.com/raghavkgarg/mycase/pkg/broker/schwab/auth.go:342.2,343.1 2 0
github.com/raghavkgarg/mycase/pkg/broker/schwab/auth.go:344.2,344.12 2 0
github.com/raghavkgarg/mycase/pkg/broker/schwab/auth.go:345.3,345.62 1 0
github.com/raghavkgarg/mycase/pkg/broker/schwab/auth.go:346.4,347.1 1 0
github.com/raghavkgarg/mycase/pkg/broker/schwab/auth.go:351.2,351.15 1 0
github.com/raghavkgarg/mycase/pkg/broker/schwab/auth.go:352.3,354.1 2 0
github.com/raghavkgarg/mycase/pkg/broker/schwab/auth.go:356.2,365.1 10 0
github.com/raghavkgarg/mycase/pkg/broker/schwab/auth.go:367.2,367.9 10 0
github.com/raghavkgarg/mycase/pkg/broker/schwab/auth.go:369.3,371.17 3 0
github.com/raghavkgarg/mycase/pkg/broker/schwab/auth.go:372.4,373.1 1 0
github.com/raghavkgarg/mycase/pkg/broker/schwab/auth.go:374.3,374.20 1 0
github.com/raghavkgarg/mycase/pkg/broker/schwab/auth.go:377.3,377.18 1 0
github.com/raghavkgarg/mycase/pkg/broker/schwab/auth.go:380.3,380.94 1 0
github.com/raghavkgarg/mycase/pkg/broker/schwab/auth.go:383.3,383.24 1 0
github.com/raghavkgarg/mycase/pkg/broker/schwab/auth.go:389.2,393.1 3 0
github.com/raghavkgarg/mycase/pkg/broker/schwab/auth.go:395.2,396.16 3 0
github.com/raghavkgarg/mycase/pkg/broker/schwab/auth.go:397.3,398.1 1 0
github.com/raghavkgarg/mycase/pkg/broker/schwab/auth.go:399.2,401.1 4 0
github.com/raghavkgarg/mycase/pkg/broker/schwab/auth.go:402.2,403.16 4 0
github.com/raghavkgarg/mycase/pkg/broker/schwab/auth.go:404.3,405.1 1 0
github.com/raghavkgarg/mycase/pkg/broker/schwab/auth.go:406.2,407.1 2 0
github.com/raghavkgarg/mycase/pkg/broker/schwab/auth.go:408.2,408.38 2 0
github.com/raghavkgarg/mycase/pkg/broker/schwab/auth.go:409.3,412.18 4 0
github.com/raghavkgarg/mycase/pkg/broker/schwab/auth.go:414.4,416.30 1 0
github.com/raghavkgarg/mycase/pkg/broker/schwab/auth.go:418.4,419.55 1 0
github.com/raghavkgarg/mycase/pkg/broker/schwab/auth.go:421.4,421.85 1 0
github.com/raghavkgarg/mycase/pkg/broker/schwab/auth.go:425.2,425.33 1 0
github.com/raghavkgarg/mycase/pkg/broker/schwab/auth.go:430.2,437.1 2 0
github.com/raghavkgarg/mycase/pkg/broker/schwab/auth.go:438.2,438.64 2 0
github.com/raghavkgarg/mycase/pkg/broker/schwab/auth.go:439.3,440.1 1 0
github.com/raghavkgarg/mycase/pkg/broker/schwab/auth.go:441.2,441.27 1 0
github.com/raghavkgarg/mycase/pkg/broker/schwab/auth.go:442.3,443.1 1 0
github.com/raghavkgarg/mycase/pkg/broker/schwab/auth.go:445.2,452.1 3 0
github.com/raghavkgarg/mycase/pkg/broker/schwab/auth.go:454.2,454.28 3 0
github.com/raghavkgarg/mycase/pkg/broker/schwab/auth.go:455.3,456.1 1 0
github.com/raghavkgarg/mycase/pkg/broker/schwab/auth.go:457.2,457.15 1 0
github.com/raghavkgarg/mycase/pkg/broker/schwab/auth.go:462.2,463.1 1 1
github.com/raghavkgarg/mycase/pkg/broker/schwab/auth.go:467.2,468.22 2 0
github.com/raghavkgarg/mycase/pkg/broker/schwab/auth.go:470.3,470.34 1 0
github.com/raghavkgarg/mycase/pkg/broker/schwab/auth.go:472.3,472.38 1 0
github.com/raghavkgarg/mycase/pkg/broker/schwab/auth.go:474.3,474.9 1 0
github.com/raghavkgarg/mycase/pkg/broker/schwab/auth.go:476.2,476.13 1 0
github.com/raghavkgarg/mycase/pkg/broker/schwab/broker.go:23.2,26.1 1 1
github.com/raghavkgarg/mycase/pkg/broker/schwab/broker.go:30.40,30.54 1 1
github.com/raghavkgarg/mycase/pkg/broker/schwab/broker.go:35.2,37.1 4 1
github.com/raghavkgarg/mycase/pkg/broker/schwab/broker.go:38.2,39.16 4 1
github.com/raghavkgarg/mycase/pkg/broker/schwab/broker.go:40.3,41.1 1 0
github.com/raghavkgarg/mycase/pkg/broker/schwab/broker.go:43.2,44.52 2 1
github.com/raghavkgarg/mycase/pkg/broker/schwab/broker.go:45.3,46.1 1 0
github.com/raghavkgarg/mycase/pkg/broker/schwab/broker.go:48.2,49.59 2 1
github.com/raghavkgarg/mycase/pkg/broker/schwab/broker.go:51.3,51.43 1 1
github.com/raghavkgarg/mycase/pkg/broker/schwab/broker.go:52.4,52.12 1 1
github.com/raghavkgarg/mycase/pkg/broker/schwab/broker.go:55.3,56.15 2 1
github.com/raghavkgarg/mycase/pkg/broker/schwab/broker.go:57.4,57.12 1 0
github.com/raghavkgarg/mycase/pkg/broker/schwab/broker.go:61.3,62.14 2 1
github.com/raghavkgarg/mycase/pkg/broker/schwab/broker.go:63.4,64.1 1 1
github.com/raghavkgarg/mycase/pkg/broker/schwab/broker.go:66.3,69.19 4 1
github.com/raghavkgarg/mycase/pkg/broker/schwab/broker.go:70.4,71.1 1 1
github.com/raghavkgarg/mycase/pkg/broker/schwab/broker.go:73.3,83.5 1 1
github.com/raghavkgarg/mycase/pkg/broker/schwab/broker.go:86.2,86.22 1 1
github.com/raghavkgarg/mycase/pkg/broker/schwab/broker.go:92.2,94.1 2 1
github.com/raghavkgarg/mycase/pkg/broker/schwab/broker.go:99.2,100.1 3 1
github.com/raghavkgarg/mycase/pkg/broker/schwab/broker.go:102.2,117.1 3 1
github.com/raghavkgarg/mycase/pkg/broker/schwab/broker.go:120.2,120.38 3 1
github.com/raghavkgarg/mycase/pkg/broker/schwab/broker.go:121.3,122.1 1 1
github.com/raghavkgarg/mycase/pkg/broker/schwab/broker.go:124.2,125.16 2 1
github.com/raghavkgarg/mycase/pkg/broker/schwab/broker.go:126.3,127.1 1 0
github.com/raghavkgarg/mycase/pkg/broker/schwab/broker.go:129.2,131.16 3 1
github.com/raghavkgarg/mycase/pkg/broker/schwab/broker.go:132.3,133.1 1 0
github.com/raghavkgarg/mycase/pkg/broker/schwab/broker.go:134.2,135.1 2 1
github.com/raghavkgarg/mycase/pkg/broker/schwab/broker.go:137.2,137.79 2 1
github.com/raghavkgarg/mycase/pkg/broker/schwab/broker.go:138.3,139.1 1 0
github.com/raghavkgarg/mycase/pkg/broker/schwab/broker.go:141.2,142.50 2 1
github.com/raghavkgarg/mycase/pkg/broker/schwab/broker.go:147.2,148.1 1 1
github.com/raghavkgarg/mycase/pkg/broker/schwab/broker.go:152.2,152.36 1 1
github.com/raghavkgarg/mycase/pkg/broker/schwab/broker.go:154.3,154.17 1 1
github.com/raghavkgarg/mycase/pkg/broker/schwab/broker.go:156.3,156.18 1 0
github.com/raghavkgarg/mycase/pkg/broker/schwab/broker.go:158.3,158.17 1 0
github.com/raghavkgarg/mycase/pkg/broker/schwab/broker.go:164.2,164.34 1 1
github.com/raghavkgarg/mycase/pkg/broker/schwab/broker.go:166.3,166.15 1 1
github.com/raghavkgarg/mycase/pkg/broker/schwab/broker.go:168.3,168.16 1 0
github.com/raghavkgarg/mycase/pkg/broker/schwab/broker.go:170.3,170.17 1 0
github.com/raghavkgarg/mycase/pkg/broker/schwab/broker.go:177.2,177.20 1 1
github.com/raghavkgarg/mycase/pkg/broker/schwab/broker.go:178.3,179.1 1 1
github.com/raghavkgarg/mycase/pkg/broker/schwab/broker.go:180.2,181.20 2 1
github.com/raghavkgarg/mycase/pkg/broker/schwab/broker.go:182.3,183.1 1 1
github.com/raghavkgarg/mycase/pkg/broker/schwab/broker.go:184.2,184.11 1 0
github.com/raghavkgarg/mycase/pkg/broker/schwab/client.go:52.2,58.1 1 1
github.com/raghavkgarg/mycase/pkg/broker/schwab/client.go:63.2,64.1 1 1
github.com/raghavkgarg/mycase/pkg/broker/schwab/client.go:68.2,69.1 1 1
github.com/raghavkgarg/mycase/pkg/broker/schwab/client.go:79.2,79.21 1 0
github.com/raghavkgarg/mycase/pkg/broker/schwab/client.go:80.3,81.1 1 0
github.com/raghavkgarg/mycase/pkg/broker/schwab/client.go:82.2,82.63 1 0
github.com/raghavkgarg/mycase/pkg/broker/schwab/client.go:87.2,88.1 1 1
github.com/raghavkgarg/mycase/pkg/broker/schwab/client.go:92.2,93.1 1 1
github.com/raghavkgarg/mycase/pkg/broker/schwab/client.go:97.2,98.1 1 1
github.com/raghavkgarg/mycase/pkg/broker/schwab/client.go:104.2,104.40 1 1
github.com/raghavkgarg/mycase/pkg/broker/schwab/client.go:105.3,106.1 1 0
github.com/raghavkgarg/mycase/pkg/broker/schwab/client.go:108.2,109.16 2 1
github.com/raghavkgarg/mycase/pkg/broker/schwab/client.go:110.3,111.1 1 0
github.com/raghavkgarg/mycase/pkg/broker/schwab/client.go:113.2,114.16 2 1
github.com/raghavkgarg/mycase/pkg/broker/schwab/client.go:115.3,116.1 1 0
github.com/raghavkgarg/mycase/pkg/broker/schwab/client.go:119.2,119.48 1 1
github.com/raghavkgarg/mycase/pkg/broker/schwab/client.go:120.3,121.1 3 0
github.com/raghavkgarg/mycase/pkg/broker/schwab/client.go:123.3,124.30 3 0
github.com/raghavkgarg/mycase/pkg/broker/schwab/client.go:125.4,126.1 1 0
github.com/raghavkgarg/mycase/pkg/broker/schwab/client.go:127.3,128.1 3 0
github.com/raghavkgarg/mycase/pkg/broker/schwab/client.go:129.3,130.17 3 0
github.com/raghavkgarg/mycase/pkg/broker/schwab/client.go:131.4,132.1 1 0
github.com/raghavkgarg/mycase/pkg/broker/schwab/client.go:134.3,135.17 2 0
github.com/raghavkgarg/mycase/pkg/broker/schwab/client.go:136.4,137.1 1 0
github.com/raghavkgarg/mycase/pkg/broker/schwab/client.go:140.2,140.28 1 1
github.com/raghavkgarg/mycase/pkg/broker/schwab/client.go:141.3,143.1 2 0
github.com/raghavkgarg/mycase/pkg/broker/schwab/client.go:145.2,145.18 1 1
github.com/raghavkgarg/mycase/pkg/broker/schwab/client.go:152.2,152.44 1 1
github.com/raghavkgarg/mycase/pkg/broker/schwab/client.go:153.3,154.1 1 1
github.com/raghavkgarg/mycase/pkg/broker/schwab/client.go:156.2,157.16 2 1
github.com/raghavkgarg/mycase/pkg/broker/schwab/client.go:158.3,159.1 1 0
github.com/raghavkgarg/mycase/pkg/broker/schwab/client.go:160.2,162.17 3 1
github.com/raghavkgarg/mycase/pkg/broker/schwab/client.go:163.3,164.1 1 1
github.com/raghavkgarg/mycase/pkg/broker/schwab/client.go:166.2,168.16 3 1
github.com/raghavkgarg/mycase/pkg/broker/schwab/client.go:169.3,171.1 2 0
github.com/raghavkgarg/mycase/pkg/broker/schwab/client.go:172.2,173.1 2 1
github.com/raghavkgarg/mycase/pkg/broker/schwab/client.go:178.2,178.53 2 1
github.com/raghavkgarg/mycase/pkg/broker/schwab/client.go:179.3,181.1 2 1
github.com/raghavkgarg/mycase/pkg/broker/schwab/client.go:182.2,182.18 1 1
github.com/raghavkgarg/mycase/pkg/broker/schwab/client.go:189.2,191.9 3 1
github.com/raghavkgarg/mycase/pkg/broker/schwab/client.go:192.3,193.1 1 1
github.com/raghavkgarg/mycase/pkg/broker/schwab/client.go:194.2,202.9 3 0
github.com/raghavkgarg/mycase/pkg/broker/schwab/client.go:209.2,210.16 2 1
github.com/raghavkgarg/mycase/pkg/broker/schwab/client.go:211.3,212.1 1 0
github.com/raghavkgarg/mycase/pkg/broker/schwab/client.go:216.2,218.44 3 1
github.com/raghavkgarg/mycase/pkg/broker/schwab/client.go:219.3,219.16 1 1
github.com/raghavkgarg/mycase/pkg/broker/schwab/client.go:220.4,221.9 2 1
github.com/raghavkgarg/mycase/pkg/broker/schwab/client.go:224.2,225.1 3 1
github.com/raghavkgarg/mycase/pkg/broker/schwab/client.go:226.2,227.18 3 1
github.com/raghavkgarg/mycase/pkg/broker/schwab/client.go:228.3,229.1 1 1
github.com/raghavkgarg/mycase/pkg/broker/schwab/client.go:230.2,230.25 1 1
github.com/raghavkgarg/mycase/pkg/broker/schwab/client.go:235.2,237.65 3 0
github.com/raghavkgarg/mycase/pkg/broker/schwab/client.go:238.3,239.46 2 0
github.com/raghavkgarg/mycase/pkg/broker/schwab/client.go:240.4,241.1 1 0
github.com/raghavkgarg/mycase/pkg/broker/schwab/client.go:241.10,241.51 1 0
github.com/raghavkgarg/mycase/pkg/broker/schwab/client.go:242.4,243.1 1 0
github.com/raghavkgarg/mycase/pkg/broker/schwab/client.go:245.2,245.15 1 0
github.com/raghavkgarg/mycase/pkg/broker/schwab/client.go:250.2,251.66 2 1
github.com/raghavkgarg/mycase/pkg/broker/schwab/client.go:252.3,253.1 1 0
github.com/raghavkgarg/mycase/pkg/broker/schwab/client.go:254.2,254.12 1 1
github.com/raghavkgarg/mycase/pkg/broker/schwab/client.go:267.2,268.16 2 0
github.com/raghavkgarg/mycase/pkg/broker/schwab/client.go:269.3,270.1 1 0
github.com/raghavkgarg/mycase/pkg/broker/schwab/client.go:272.2,273.51 2 0
github.com/raghavkgarg/mycase/pkg/broker/schwab/client.go:274.3,275.1 1 0
github.com/raghavkgarg/mycase/pkg/broker/schwab/client.go:276.2,276.23 1 0
github.com/raghavkgarg/mycase/pkg/broker/schwab/client.go:277.3,278.1 1 0
github.com/raghavkgarg/mycase/pkg/broker/schwab/client.go:279.2,279.34 1 0
github.com/raghavkgarg/mycase/pkg/broker/schwab/duckdbcache.go:28.2,30.1 2 0
github.com/raghavkgarg/mycase/pkg/broker/schwab/duckdbcache.go:36.39,36.62 1 0
github.com/raghavkgarg/mycase/pkg/broker/schwab/duckdbcache.go:39.2,39.24 1 1
github.com/raghavkgarg/mycase/pkg/broker/schwab/duckdbcache.go:40.3,41.1 1 1
github.com/raghavkgarg/mycase/pkg/broker/schwab/duckdbcache.go:42.2,43.47 2 0
github.com/raghavkgarg/mycase/pkg/broker/schwab/duckdbcache.go:44.3,45.1 1 0
github.com/raghavkgarg/mycase/pkg/broker/schwab/duckdbcache.go:46.2,46.37 1 0
github.com/raghavkgarg/mycase/pkg/broker/schwab/duckdbcache.go:50.2,50.39 1 1
github.com/raghavkgarg/mycase/pkg/broker/schwab/duckdbcache.go:51.3,52.1 1 1
github.com/raghavkgarg/mycase/pkg/broker/schwab/duckdbcache.go:53.2,53.83 1 0
github.com/raghavkgarg/mycase/pkg/broker/schwab/duckdbcache.go:57.2,57.24 1 0
github.com/raghavkgarg/mycase/pkg/broker/schwab/duckdbcache.go:58.3,59.1 1 0
github.com/raghavkgarg/mycase/pkg/broker/schwab/duckdbcache.go:60.2,61.47 2 0
github.com/raghavkgarg/mycase/pkg/broker/schwab/duckdbcache.go:62.3,63.1 1 0
github.com/raghavkgarg/mycase/pkg/broker/schwab/duckdbcache.go:64.2,64.37 1 0
github.com/raghavkgarg/mycase/pkg/broker/schwab/duckdbcache.go:68.2,68.39 1 0
github.com/raghavkgarg/mycase/pkg/broker/schwab/duckdbcache.go:69.3,70.1 1 0
github.com/raghavkgarg/mycase/pkg/broker/schwab/duckdbcache.go:71.2,71.94 1 0
github.com/raghavkgarg/mycase/pkg/broker/schwab/duckdbcache.go:83.2,88.1 2 0
github.com/raghavkgarg/mycase/pkg/broker/schwab/duckdbcache.go:89.2,89.28 2 0
github.com/raghavkgarg/mycase/pkg/broker/schwab/duckdbcache.go:90.3,94.1 4 0
github.com/raghavkgarg/mycase/pkg/broker/schwab/duckdbcache.go:95.2,95.13 1 0
github.com/raghavkgarg/mycase/pkg/broker/schwab/duckdbcache.go:99.2,100.37 2 0
github.com/raghavkgarg/mycase/pkg/broker/schwab/duckdbcache.go:101.3,107.1 1 0
github.com/raghavkgarg/mycase/pkg/broker/schwab/duckdbcache.go:109.2,109.16 1 0
github.com/raghavkgarg/mycase/pkg/broker/schwab/inspect.go:80.2,81.52 2 1
github.com/raghavkgarg/mycase/pkg/broker/schwab/inspect.go:82.3,83.1 1 1
github.com/raghavkgarg/mycase/pkg/broker/schwab/inspect.go:85.2,86.1 2 1
github.com/raghavkgarg/mycase/pkg/broker/schwab/inspect.go:87.2,87.32 2 1
github.com/raghavkgarg/mycase/pkg/broker/schwab/inspect.go:88.3,91.1 2 1
github.com/raghavkgarg/mycase/pkg/broker/schwab/inspect.go:93.2,95.29 3 1
github.com/raghavkgarg/mycase/pkg/broker/schwab/inspect.go:96.3,100.1 3 1
github.com/raghavkgarg/mycase/pkg/broker/schwab/inspect.go:101.2,103.23 3 1
github.com/raghavkgarg/mycase/pkg/broker/schwab/inspect.go:104.3,105.1 1 0
github.com/raghavkgarg/mycase/pkg/broker/schwab/inspect.go:112.2,113.22 2 1
github.com/raghavkgarg/mycase/pkg/broker/schwab/inspect.go:114.3,118.1 1 1
github.com/raghavkgarg/mycase/pkg/broker/schwab/inspect.go:120.2,122.1 3 1
github.com/raghavkgarg/mycase/pkg/broker/schwab/inspect.go:124.2,124.22 3 1
github.com/raghavkgarg/mycase/pkg/broker/schwab/inspect.go:125.3,127.1 1 1
github.com/raghavkgarg/mycase/pkg/broker/schwab/inspect.go:129.2,129.18 1 1
github.com/raghavkgarg/mycase/pkg/broker/schwab/inspect.go:136.2,136.32 1 1
github.com/raghavkgarg/mycase/pkg/broker/schwab/inspect.go:136.34,136.63 1 1
github.com/raghavkgarg/mycase/pkg/broker/schwab/inspect.go:137.2,156.1 2 1
github.com/raghavkgarg/mycase/pkg/broker/schwab/inspect.go:157.2,157.22 2 1
github.com/raghavkgarg/mycase/pkg/broker/schwab/inspect.go:158.3,158.61 1 1
github.com/raghavkgarg/mycase/pkg/broker/schwab/inspect.go:159.4,160.1 1 1
github.com/raghavkgarg/mycase/pkg/broker/schwab/inspect.go:162.2,162.13 1 1
github.com/raghavkgarg/mycase/pkg/broker/schwab/inspect.go:169.2,173.1 2 1
github.com/raghavkgarg/mycase/pkg/broker/schwab/inspect.go:174.2,174.56 2 1
github.com/raghavkgarg/mycase/pkg/broker/schwab/inspect.go:175.3,176.1 1 0
github.com/raghavkgarg/mycase/pkg/broker/schwab/inspect.go:177.2,177.82 1 1
github.com/raghavkgarg/mycase/pkg/broker/schwab/inspect.go:178.3,179.1 1 0
github.com/raghavkgarg/mycase/pkg/broker/schwab/inspect.go:180.2,182.53 3 1
github.com/raghavkgarg/mycase/pkg/broker/schwab/inspect.go:183.3,183.29 1 1
github.com/raghavkgarg/mycase/pkg/broker/schwab/inspect.go:184.4,185.1 1 1
github.com/raghavkgarg/mycase/pkg/broker/schwab/inspect.go:187.2,188.16 2 1
github.com/raghavkgarg/mycase/pkg/broker/schwab/inspect.go:194.2,201.1 3 1
github.com/raghavkgarg/mycase/pkg/broker/schwab/inspect.go:202.2,203.25 3 1
github.com/raghavkgarg/mycase/pkg/broker/schwab/inspect.go:204.3,205.1 1 1
github.com/raghavkgarg/mycase/pkg/broker/schwab/inspect.go:206.2,206.10 1 1
github.com/raghavkgarg/mycase/pkg/broker/schwab/inspect.go:210.2,210.13 1 1
github.com/raghavkgarg/mycase/pkg/broker/schwab/inspect.go:211.3,212.1 1 1
github.com/raghavkgarg/mycase/pkg/broker/schwab/inspect.go:213.2,213.10 1 0
github.com/raghavkgarg/mycase/pkg/broker/schwab/market.go:17.2,17.60 1 1
github.com/raghavkgarg/mycase/pkg/broker/schwab/market.go:18.3,19.1 1 0
github.com/raghavkgarg/mycase/pkg/broker/schwab/market.go:21.2,22.1 4 1
github.com/raghavkgarg/mycase/pkg/broker/schwab/market.go:23.2,29.1 4 1
github.com/raghavkgarg/mycase/pkg/broker/schwab/market.go:31.2,32.16 4 1
github.com/raghavkgarg/mycase/pkg/broker/schwab/market.go:33.3,34.1 1 0
github.com/raghavkgarg/mycase/pkg/broker/schwab/market.go:36.2,37.51 2 1
github.com/raghavkgarg/mycase/pkg/broker/schwab/market.go:38.3,39.1 1 0
github.com/raghavkgarg/mycase/pkg/broker/schwab/market.go:41.2,41.48 1 1
github.com/raghavkgarg/mycase/pkg/broker/schwab/market.go:42.3,43.1 1 0
github.com/raghavkgarg/mycase/pkg/broker/schwab/market.go:45.2,50.1 2 1
github.com/raghavkgarg/mycase/pkg/broker/schwab/market.go:52.2,52.36 2 1
github.com/raghavkgarg/mycase/pkg/broker/schwab/market.go:54.3,58.1 4 1
github.com/raghavkgarg/mycase/pkg/broker/schwab/market.go:60.2,61.18 2 1
github.com/raghavkgarg/mycase/pkg/broker/schwab/market.go:66.2,66.64 1 0
github.com/raghavkgarg/mycase/pkg/broker/schwab/market.go:67.3,68.1 1 0
github.com/raghavkgarg/mycase/pkg/broker/schwab/market.go:70.2,77.1 3 0
github.com/raghavkgarg/mycase/pkg/broker/schwab/market.go:79.2,80.16 3 0
github.com/raghavkgarg/mycase/pkg/broker/schwab/market.go:81.3,82.1 1 0
github.com/raghavkgarg/mycase/pkg/broker/schwab/market.go:84.2,85.51 2 0
github.com/raghavkgarg/mycase/pkg/broker/schwab/market.go:86.3,87.1 1 0
github.com/raghavkgarg/mycase/pkg/broker/schwab/market.go:89.2,89.48 1 0
github.com/raghavkgarg/mycase/pkg/broker/schwab/market.go:90.3,91.1 1 0
github.com/raghavkgarg/mycase/pkg/broker/schwab/market.go:93.2,98.1 2 0
github.com/raghavkgarg/mycase/pkg/broker/schwab/market.go:100.2,100.41 2 0
github.com/raghavkgarg/mycase/pkg/broker/schwab/market.go:101.3,105.1 4 0
github.com/raghavkgarg/mycase/pkg/broker/schwab/market.go:107.2,108.18 2 0
github.com/raghavkgarg/mycase/pkg/broker/schwab/market.go:114.2,114.23 1 1
github.com/raghavkgarg/mycase/pkg/broker/schwab/market.go:115.3,116.1 1 0
github.com/raghavkgarg/mycase/pkg/broker/schwab/market.go:119.2,120.28 2 1
github.com/raghavkgarg/mycase/pkg/broker/schwab/market.go:121.3,122.1 1 1
github.com/raghavkgarg/mycase/pkg/broker/schwab/market.go:124.2,127.1 3 1
github.com/raghavkgarg/mycase/pkg/broker/schwab/market.go:129.2,130.16 3 1
github.com/raghavkgarg/mycase/pkg/broker/schwab/market.go:131.3,132.1 1 0
github.com/raghavkgarg/mycase/pkg/broker/schwab/market.go:134.2,135.53 2 1
github.com/raghavkgarg/mycase/pkg/broker/schwab/market.go:136.3,137.1 1 0
github.com/raghavkgarg/mycase/pkg/broker/schwab/market.go:139.2,140.37 2 1
github.com/raghavkgarg/mycase/pkg/broker/schwab/market.go:141.3,142.35 2 1
github.com/raghavkgarg/mycase/pkg/broker/schwab/market.go:143.4,144.18 2 1
github.com/raghavkgarg/mycase/pkg/broker/schwab/market.go:145.5,146.1 1 0
github.com/raghavkgarg/mycase/pkg/broker/schwab/market.go:147.4,147.18 1 1
github.com/raghavkgarg/mycase/pkg/broker/schwab/market.go:148.5,149.1 1 0
github.com/raghavkgarg/mycase/pkg/broker/schwab/market.go:150.4,150.30 1 1
github.com/raghavkgarg/mycase/pkg/broker/schwab/market.go:154.2,154.20 1 1
github.com/raghavkgarg/mycase/pkg/broker/schwab/market.go:160.2,161.1 2 0
github.com/raghavkgarg/mycase/pkg/broker/schwab/market.go:162.2,162.37 2 0
github.com/raghavkgarg/mycase/pkg/broker/schwab/market.go:163.3,164.1 4 0
github.com/raghavkgarg/mycase/pkg/broker/schwab/market.go:165.3,168.1 4 0
github.com/raghavkgarg/mycase/pkg/broker/schwab/market.go:170.3,171.17 4 0
github.com/raghavkgarg/mycase/pkg/broker/schwab/market.go:173.4,173.12 1 0
github.com/raghavkgarg/mycase/pkg/broker/schwab/market.go:176.3,177.54 2 0
github.com/raghavkgarg/mycase/pkg/broker/schwab/market.go:178.4,178.12 1 0
github.com/raghavkgarg/mycase/pkg/broker/schwab/market.go:181.3,181.85 1 0
github.com/raghavkgarg/mycase/pkg/broker/schwab/market.go:182.4,182.12 1 0
github.com/raghavkgarg/mycase/pkg/broker/schwab/market.go:185.3,186.51 2 0
github.com/raghavkgarg/mycase/pkg/broker/schwab/market.go:189.2,189.20 1 0
github.com/raghavkgarg/mycase/pkg/broker/schwab/market.go:199.2,200.1 3 1
github.com/raghavkgarg/mycase/pkg/broker/schwab/market.go:206.2,207.29 3 1
github.com/raghavkgarg/mycase/pkg/broker/schwab/market.go:208.3,209.1 1 1
github.com/raghavkgarg/mycase/pkg/broker/schwab/market.go:211.2,230.1 1 1
github.com/raghavkgarg/mycase/pkg/broker/schwab/market.go:235.2,235.61 1 1
github.com/raghavkgarg/mycase/pkg/broker/schwab/market.go:236.3,236.40 1 1
github.com/raghavkgarg/mycase/pkg/broker/schwab/market.go:237.4,238.1 1 1
github.com/raghavkgarg/mycase/pkg/broker/schwab/market.go:240.2,240.15 1 1
github.com/raghavkgarg/mycase/pkg/broker/schwab/market.go:245.2,248.1 1 1
github.com/raghavkgarg/mycase/pkg/broker/schwab/market.go:252.2,252.18 1 1
github.com/raghavkgarg/mycase/pkg/broker/schwab/market.go:254.3,254.22 1 1
github.com/raghavkgarg/mycase/pkg/broker/schwab/market.go:256.3,256.22 1 1
github.com/raghavkgarg/mycase/pkg/broker/schwab/market.go:258.3,258.22 1 1
github.com/raghavkgarg/mycase/pkg/broker/schwab/market.go:260.3,260.21 1 1
github.com/raghavkgarg/mycase/pkg/broker/schwab/market.go:262.3,262.21 1 1
github.com/raghavkgarg/mycase/pkg/broker/schwab/market.go:264.3,264.21 1 1
github.com/raghavkgarg/mycase/pkg/broker/schwab/market.go:266.3,266.22 1 1
github.com/raghavkgarg/mycase/pkg/broker/schwab/market.go:268.3,268.22 1 1
github.com/raghavkgarg/mycase/pkg/broker/schwab/market.go:271.3,271.21 1 1
github.com/raghavkgarg/mycase/pkg/broker/schwab/tls.go:19.2,20.16 2 0
github.com/raghavkgarg/mycase/pkg/broker/schwab/tls.go:21.3,22.1 1 0
github.com/raghavkgarg/mycase/pkg/broker/schwab/tls.go:24.2,25.16 2 0
github.com/raghavkgarg/mycase/pkg/broker/schwab/tls.go:26.3,27.1 1 0
github.com/raghavkgarg/mycase/pkg/broker/schwab/tls.go:29.2,38.1 3 0
github.com/raghavkgarg/mycase/pkg/broker/schwab/tls.go:40.2,41.16 3 0
github.com/raghavkgarg/mycase/pkg/broker/schwab/tls.go:42.3,43.1 1 0
github.com/raghavkgarg/mycase/pkg/broker/schwab/tls.go:45.2,47.16 3 0
github.com/raghavkgarg/mycase/pkg/broker/schwab/tls.go:48.3,49.1 1 0
github.com/raghavkgarg/mycase/pkg/broker/schwab/tls.go:50.2,51.1 2 0
github.com/raghavkgarg/mycase/pkg/broker/schwab/tls.go:52.2,52.41 2 0
github.com/raghavkgarg/mycase/pkg/broker/schwab/transactions.go:54.2,58.1 4 0
github.com/raghavkgarg/mycase/pkg/broker/schwab/transactions.go:60.2,62.16 4 0
github.com/raghavkgarg/mycase/pkg/broker/schwab/transactions.go:63.3,64.1 1 0
github.com/raghavkgarg/mycase/pkg/broker/schwab/transactions.go:66.2,67.48 2 0
github.com/raghavkgarg/mycase/pkg/broker/schwab/transactions.go:68.3,69.1 1 0
github.com/raghavkgarg/mycase/pkg/broker/schwab/transactions.go:70.2,70.18 1 0
github.com/raghavkgarg/mycase/pkg/broker/schwab/transactions.go:76.2,81.1 1 1
github.com/raghavkgarg/mycase/pkg/broker/schwab/transactions.go:82.3,82.50 1 1
github.com/raghavkgarg/mycase/pkg/broker/schwab/transactions.go:83.4,84.1 1 1
github.com/raghavkgarg/mycase/pkg/broker/schwab/transactions.go:86.2,86.67 1 1
github.com/raghavkgarg/mycase/pkg/broker/schwab/transactions.go:92.2,93.15 2 1
github.com/raghavkgarg/mycase/pkg/broker/schwab/transactions.go:94.3,95.1 1 0
github.com/raghavkgarg/mycase/pkg/broker/schwab/transactions.go:96.2,96.21 1 1
github.com/raghavkgarg/mycase/pkg/broker/schwab/transactions.go:97.3,98.1 1 0
github.com/raghavkgarg/mycase/pkg/broker/schwab/transactions.go:99.2,99.20 1 1
github.com/raghavkgarg/mycase/pkg/broker/schwab/transactions.go:108.2,109.1 2 1
github.com/raghavkgarg/mycase/pkg/broker/schwab/transactions.go:110.2,110.24 2 1
github.com/raghavkgarg/mycase/pkg/broker/schwab/transactions.go:111.3,111.42 1 1
github.com/raghavkgarg/mycase/pkg/broker/schwab/transactions.go:112.4,112.12 1 1
github.com/raghavkgarg/mycase/pkg/broker/schwab/transactions.go:115.3,116.17 2 1
github.com/raghavkgarg/mycase/pkg/broker/schwab/transactions.go:117.4,117.12 1 1
github.com/raghavkgarg/mycase/pkg/broker/schwab/transactions.go:121.3,123.34 3 1
github.com/raghavkgarg/mycase/pkg/broker/schwab/transactions.go:124.4,125.86 2 1
github.com/raghavkgarg/mycase/pkg/broker/schwab/transactions.go:127.5,128.13 2 1
github.com/raghavkgarg/mycase/pkg/broker/schwab/transactions.go:130.4,130.82 1 1
github.com/raghavkgarg/mycase/pkg/broker/schwab/transactions.go:131.5,132.1 1 1
github.com/raghavkgarg/mycase/pkg/broker/schwab/transactions.go:135.3,135.24 1 1
github.com/raghavkgarg/mycase/pkg/broker/schwab/transactions.go:136.4,136.12 1 0
github.com/raghavkgarg/mycase/pkg/broker/schwab/transactions.go:139.3,140.19 2 1
github.com/raghavkgarg/mycase/pkg/broker/schwab/transactions.go:141.4,141.12 1 0
github.com/raghavkgarg/mycase/pkg/broker/schwab/transactions.go:144.3,146.14 3 1
github.com/raghavkgarg/mycase/pkg/broker/schwab/transactions.go:147.4,149.1 2 1
github.com/raghavkgarg/mycase/pkg/broker/schwab/transactions.go:151.3,159.5 1 1
github.com/raghavkgarg/mycase/pkg/broker/schwab/transactions.go:162.2,162.12 1 1
github.com/raghavkgarg/mycase/pkg/broker/schwab/transactions.go:166.2,166.11 1 1
github.com/raghavkgarg/mycase/pkg/broker/schwab/transactions.go:167.3,168.1 1 1
github.com/raghavkgarg/mycase/pkg/broker/schwab/transactions.go:169.2,169.10 1 0
github.com/raghavkgarg/mycase/pkg/daemon/daemon.go:34.2,35.16 2 0
github.com/raghavkgarg/mycase/pkg/daemon/daemon.go:36.3,37.1 1 0
github.com/raghavkgarg/mycase/pkg/daemon/daemon.go:38.2,39.49 2 0
github.com/raghavkgarg/mycase/pkg/daemon/daemon.go:40.3,41.1 1 0
github.com/raghavkgarg/mycase/pkg/daemon/daemon.go:42.2,42.15 1 0
github.com/raghavkgarg/mycase/pkg/daemon/daemon.go:46.2,48.16 3 0
github.com/raghavkgarg/mycase/pkg/daemon/daemon.go:49.3,50.1 1 0
github.com/raghavkgarg/mycase/pkg/daemon/daemon.go:51.2,51.44 1 0
github.com/raghavkgarg/mycase/pkg/daemon/daemon.go:57.2,58.16 2 0
github.com/raghavkgarg/mycase/pkg/daemon/daemon.go:59.3,60.1 1 0
github.com/raghavkgarg/mycase/pkg/daemon/daemon.go:62.2,63.16 2 0
github.com/raghavkgarg/mycase/pkg/daemon/daemon.go:64.3,65.1 1 0
github.com/raghavkgarg/mycase/pkg/daemon/daemon.go:67.2,71.1 5 0
github.com/raghavkgarg/mycase/pkg/daemon/daemon.go:72.2,72.44 5 0
github.com/raghavkgarg/mycase/pkg/daemon/daemon.go:73.3,79.1 3 0
github.com/raghavkgarg/mycase/pkg/daemon/daemon.go:80.3,80.40 3 0
github.com/raghavkgarg/mycase/pkg/daemon/daemon.go:81.4,81.38 1 0
github.com/raghavkgarg/mycase/pkg/daemon/daemon.go:82.5,84.1 1 0
github.com/raghavkgarg/mycase/pkg/daemon/daemon.go:86.3,86.21 1 0
github.com/raghavkgarg/mycase/pkg/daemon/daemon.go:89.2,90.20 2 0
github.com/raghavkgarg/mycase/pkg/daemon/daemon.go:95.2,95.35 1 0
github.com/raghavkgarg/mycase/pkg/daemon/daemon.go:96.3,97.1 1 0
github.com/raghavkgarg/mycase/pkg/daemon/daemon.go:98.2,99.1 4 0
github.com/raghavkgarg/mycase/pkg/daemon/daemon.go:100.2,102.1 4 0
github.com/raghavkgarg/mycase/pkg/daemon/daemon.go:103.2,103.6 4 0
github.com/raghavkgarg/mycase/pkg/daemon/daemon.go:104.3,107.1 3 0
github.com/raghavkgarg/mycase/pkg/daemon/daemon.go:108.3,108.10 3 0
github.com/raghavkgarg/mycase/pkg/daemon/daemon.go:110.4,110.14 1 0
github.com/raghavkgarg/mycase/pkg/daemon/daemon.go:111.39,111.39 0 0
github.com/raghavkgarg/mycase/pkg/daemon/daemon.go:116.3,116.38 1 0
github.com/raghavkgarg/mycase/pkg/daemon/daemon.go:117.4,119.12 2 0
github.com/raghavkgarg/mycase/pkg/daemon/daemon.go:122.3,123.17 2 0
github.com/raghavkgarg/mycase/pkg/daemon/daemon.go:124.4,125.12 2 0
github.com/raghavkgarg/mycase/pkg/daemon/daemon.go:127.3,134.37 2 0
github.com/raghavkgarg/mycase/pkg/daemon/daemon.go:140.2,141.16 2 1
github.com/raghavkgarg/mycase/pkg/daemon/daemon.go:142.3,143.1 1 0
github.com/raghavkgarg/mycase/pkg/daemon/daemon.go:144.2,145.1 3 1
github.com/raghavkgarg/mycase/pkg/daemon/daemon.go:146.2,147.25 3 1
github.com/raghavkgarg/mycase/pkg/daemon/daemon.go:148.3,149.1 1 1
github.com/raghavkgarg/mycase/pkg/daemon/daemon.go:150.2,150.15 1 1
github.com/raghavkgarg/mycase/pkg/daemon/daemon.go:154.2,156.1 2 0
github.com/raghavkgarg/mycase/pkg/daemon/daemon.go:163.2,164.34 2 0
github.com/raghavkgarg/mycase/pkg/daemon/daemon.go:165.3,165.13 1 0
github.com/raghavkgarg/mycase/pkg/daemon/daemon.go:167.4,168.17 2 0
github.com/raghavkgarg/mycase/pkg/daemon/daemon.go:169.5,170.1 1 0
github.com/raghavkgarg/mycase/pkg/daemon/daemon.go:171.4,171.45 1 0
github.com/raghavkgarg/mycase/pkg/daemon/daemon.go:172.5,173.1 1 0
github.com/raghavkgarg/mycase/pkg/daemon/daemon.go:175.4,176.15 2 0
github.com/raghavkgarg/mycase/pkg/daemon/daemon.go:177.5,178.1 1 0
github.com/raghavkgarg/mycase/pkg/daemon/daemon.go:179.4,179.15 1 0
github.com/raghavkgarg/mycase/pkg/daemon/daemon.go:180.5,181.1 1 0
github.com/raghavkgarg/mycase/pkg/daemon/daemon.go:184.2,184.15 1 0
github.com/raghavkgarg/mycase/pkg/daemon/drift.go:30.2,31.16 2 1
github.com/raghavkgarg/mycase/pkg/daemon/drift.go:32.3,33.1 1 0
github.com/raghavkgarg/mycase/pkg/daemon/drift.go:35.2,36.16 2 1
github.com/raghavkgarg/mycase/pkg/daemon/drift.go:37.3,38.1 1 0
github.com/raghavkgarg/mycase/pkg/daemon/drift.go:40.2,41.29 2 1
github.com/raghavkgarg/mycase/pkg/daemon/drift.go:42.3,46.21 5 1
github.com/raghavkgarg/mycase/pkg/daemon/drift.go:47.4,48.1 1 0
github.com/raghavkgarg/mycase/pkg/daemon/drift.go:51.2,53.33 3 1
github.com/raghavkgarg/mycase/pkg/daemon/drift.go:54.3,57.1 3 1
github.com/raghavkgarg/mycase/pkg/daemon/drift.go:59.2,60.20 2 1
github.com/raghavkgarg/mycase/pkg/daemon/drift.go:61.3,61.34 1 1
github.com/raghavkgarg/mycase/pkg/daemon/drift.go:62.4,63.1 1 1
github.com/raghavkgarg/mycase/pkg/daemon/drift.go:66.2,67.33 2 1
github.com/raghavkgarg/mycase/pkg/daemon/drift.go:68.3,69.1 1 1
github.com/raghavkgarg/mycase/pkg/daemon/drift.go:70.2,71.1 2 1
github.com/raghavkgarg/mycase/pkg/daemon/drift.go:72.2,79.8 2 1
github.com/raghavkgarg/mycase/pkg/datafetcher/datafetcher.go:18.2,19.1 2 1
github.com/raghavkgarg/mycase/pkg/datafetcher/datafetcher.go:20.2,20.16 2 1
github.com/raghavkgarg/mycase/pkg/datafetcher/datafetcher.go:21.3,24.35 4 1
github.com/raghavkgarg/mycase/pkg/datafetcher/datafetcher.go:25.4,26.1 1 1
github.com/raghavkgarg/mycase/pkg/datafetcher/datafetcher.go:28.3,30.17 3 0
github.com/raghavkgarg/mycase/pkg/datafetcher/datafetcher.go:31.4,32.1 1 0
github.com/raghavkgarg/mycase/pkg/datafetcher/datafetcher.go:33.3,33.22 1 0
github.com/raghavkgarg/mycase/pkg/datafetcher/datafetcher.go:34.4,35.1 1 0
github.com/raghavkgarg/mycase/pkg/datafetcher/datafetcher.go:36.4,37.1 1 0
github.com/raghavkgarg/mycase/pkg/datafetcher/datafetcher.go:40.3,41.35 2 0
github.com/raghavkgarg/mycase/pkg/datafetcher/datafetcher.go:42.4,42.37 1 0
github.com/raghavkgarg/mycase/pkg/datafetcher/datafetcher.go:43.5,44.1 1 0
github.com/raghavkgarg/mycase/pkg/datafetcher/datafetcher.go:47.3,47.27 1 0
github.com/raghavkgarg/mycase/pkg/datafetcher/datafetcher.go:48.4,50.18 3 0
github.com/raghavkgarg/mycase/pkg/datafetcher/datafetcher.go:51.5,52.1 1 0
github.com/raghavkgarg/mycase/pkg/datafetcher/datafetcher.go:53.5,54.1 1 0
github.com/raghavkgarg/mycase/pkg/datafetcher/datafetcher.go:58.2,59.16 2 1
github.com/raghavkgarg/mycase/pkg/datafetcher/datafetcher.go:60.3,61.1 1 0
github.com/raghavkgarg/mycase/pkg/datafetcher/datafetcher.go:62.2,64.32 3 1
github.com/raghavkgarg/mycase/pkg/datafetcher/datafetcher.go:65.3,71.1 7 1
github.com/raghavkgarg/mycase/pkg/datafetcher/datafetcher.go:73.3,73.22 7 1
github.com/raghavkgarg/mycase/pkg/datafetcher/datafetcher.go:74.4,75.38 2 1
github.com/raghavkgarg/mycase/pkg/datafetcher/datafetcher.go:76.5,77.1 1 1
github.com/raghavkgarg/mycase/pkg/datafetcher/datafetcher.go:78.4,79.49 2 1
github.com/raghavkgarg/mycase/pkg/datafetcher/datafetcher.go:80.5,81.1 1 0
github.com/raghavkgarg/mycase/pkg/datafetcher/datafetcher.go:82.4,82.50 1 1
github.com/raghavkgarg/mycase/pkg/datafetcher/datafetcher.go:83.5,84.1 1 0
github.com/raghavkgarg/mycase/pkg/datafetcher/datafetcher.go:85.4,85.58 1 1
github.com/raghavkgarg/mycase/pkg/datafetcher/datafetcher.go:86.5,87.1 1 1
github.com/raghavkgarg/mycase/pkg/datafetcher/datafetcher.go:88.4,88.50 1 1
github.com/raghavkgarg/mycase/pkg/datafetcher/datafetcher.go:89.5,90.1 1 0
github.com/raghavkgarg/mycase/pkg/datafetcher/datafetcher.go:95.2,96.34 2 1
github.com/raghavkgarg/mycase/pkg/datafetcher/datafetcher.go:97.3,97.52 1 1
github.com/raghavkgarg/mycase/pkg/datafetcher/datafetcher.go:98.4,99.1 1 1
github.com/raghavkgarg/mycase/pkg/datafetcher/datafetcher.go:100.4,101.1 1 0
github.com/raghavkgarg/mycase/pkg/datafetcher/datafetcher.go:104.2,104.23 1 1
github.com/raghavkgarg/mycase/pkg/datafetcher/datafetcher.go:105.3,106.1 1 0
github.com/raghavkgarg/mycase/pkg/datafetcher/datafetcher.go:108.2,108.56 1 1
github.com/raghavkgarg/mycase/pkg/datafetcher/fundcache.go:32.2,33.15 2 1
github.com/raghavkgarg/mycase/pkg/datafetcher/fundcache.go:34.3,35.1 1 1
github.com/raghavkgarg/mycase/pkg/datafetcher/fundcache.go:36.2,37.23 2 0
github.com/raghavkgarg/mycase/pkg/datafetcher/fundcache.go:38.3,39.1 1 0
github.com/raghavkgarg/mycase/pkg/datafetcher/fundcache.go:40.2,41.37 2 0
github.com/raghavkgarg/mycase/pkg/datafetcher/fundcache.go:42.3,43.1 1 0
github.com/raghavkgarg/mycase/pkg/datafetcher/fundcache.go:44.2,44.16 1 0
github.com/raghavkgarg/mycase/pkg/datafetcher/fundcache.go:50.2,51.15 2 1
github.com/raghavkgarg/mycase/pkg/datafetcher/fundcache.go:52.3,53.1 1 1
github.com/raghavkgarg/mycase/pkg/datafetcher/fundcache.go:54.2,55.16 2 0
github.com/raghavkgarg/mycase/pkg/datafetcher/fundcache.go:56.3,57.1 1 0
github.com/raghavkgarg/mycase/pkg/datafetcher/fundcache.go:58.2,58.57 1 0
github.com/raghavkgarg/mycase/pkg/datafetcher/merger.go:27.2,28.1 2 1
github.com/raghavkgarg/mycase/pkg/datafetcher/merger.go:29.2,29.14 2 1
github.com/raghavkgarg/mycase/pkg/datafetcher/merger.go:31.3,31.42 1 1
github.com/raghavkgarg/mycase/pkg/datafetcher/merger.go:32.4,33.1 1 1
github.com/raghavkgarg/mycase/pkg/datafetcher/merger.go:34.3,34.34 1 1
github.com/raghavkgarg/mycase/pkg/datafetcher/merger.go:35.4,36.1 1 1
github.com/raghavkgarg/mycase/pkg/datafetcher/merger.go:38.3,38.37 1 1
github.com/raghavkgarg/mycase/pkg/datafetcher/merger.go:39.4,40.1 1 1
github.com/raghavkgarg/mycase/pkg/datafetcher/merger.go:43.3,51.108 9 1
github.com/raghavkgarg/mycase/pkg/datafetcher/merger.go:54.2,54.48 1 1
github.com/raghavkgarg/mycase/pkg/datafetcher/merger.go:59.2,59.22 1 1
github.com/raghavkgarg/mycase/pkg/datafetcher/merger.go:60.3,61.1 1 1
github.com/raghavkgarg/mycase/pkg/datafetcher/merger.go:62.2,62.13 1 1
github.com/raghavkgarg/mycase/pkg/datafetcher/merger.go:67.2,67.9 1 1
github.com/raghavkgarg/mycase/pkg/datafetcher/merger.go:69.3,69.24 1 1
github.com/raghavkgarg/mycase/pkg/datafetcher/merger.go:71.3,71.17 1 0
github.com/raghavkgarg/mycase/pkg/datafetcher/merger.go:73.3,73.18 1 1
github.com/raghavkgarg/mycase/pkg/datafetcher/router.go:40.2,41.1 1 1
github.com/raghavkgarg/mycase/pkg/datafetcher/router.go:48.2,48.16 1 1
github.com/raghavkgarg/mycase/pkg/datafetcher/router.go:49.3,50.1 1 1
github.com/raghavkgarg/mycase/pkg/datafetcher/router.go:51.2,52.10 2 1
github.com/raghavkgarg/mycase/pkg/datafetcher/router.go:58.2,58.56 1 1
github.com/raghavkgarg/mycase/pkg/datafetcher/router.go:59.3,61.1 2 1
github.com/raghavkgarg/mycase/pkg/datafetcher/router.go:62.2,62.74 1 0
github.com/raghavkgarg/mycase/pkg/datafetcher/router.go:68.2,68.56 1 1
github.com/raghavkgarg/mycase/pkg/datafetcher/router.go:69.3,71.1 2 1
github.com/raghavkgarg/mycase/pkg/datafetcher/router.go:72.2,72.67 1 0
github.com/raghavkgarg/mycase/pkg/datafetcher/router.go:78.2,78.56 1 0
github.com/raghavkgarg/mycase/pkg/datafetcher/router.go:79.3,81.17 3 0
github.com/raghavkgarg/mycase/pkg/datafetcher/router.go:82.4,83.1 1 0
github.com/raghavkgarg/mycase/pkg/datafetcher/router.go:84.3,84.26 1 0
github.com/raghavkgarg/mycase/pkg/datafetcher/router.go:86.2,86.62 1 0
github.com/raghavkgarg/mycase/pkg/datafetcher/router.go:92.2,93.28 2 1
github.com/raghavkgarg/mycase/pkg/datafetcher/router.go:94.3,94.27 1 1
github.com/raghavkgarg/mycase/pkg/datafetcher/router.go:95.4,96.1 1 1
github.com/raghavkgarg/mycase/pkg/datafetcher/router.go:97.4,98.1 1 0
github.com/raghavkgarg/mycase/pkg/datafetcher/router.go:101.2,102.1 2 1
github.com/raghavkgarg/mycase/pkg/datafetcher/router.go:104.2,104.27 2 1
github.com/raghavkgarg/mycase/pkg/datafetcher/router.go:105.3,106.17 2 0
github.com/raghavkgarg/mycase/pkg/datafetcher/router.go:107.4,108.1 1 0
github.com/raghavkgarg/mycase/pkg/datafetcher/router.go:109.3,109.30 1 0
github.com/raghavkgarg/mycase/pkg/datafetcher/router.go:113.2,113.24 1 1
github.com/raghavkgarg/mycase/pkg/datafetcher/router.go:114.3,114.28 1 1
github.com/raghavkgarg/mycase/pkg/datafetcher/router.go:115.4,116.18 2 1
github.com/raghavkgarg/mycase/pkg/datafetcher/router.go:118.5,122.21 3 0
github.com/raghavkgarg/mycase/pkg/datafetcher/router.go:123.6,124.1 1 0
github.com/raghavkgarg/mycase/pkg/datafetcher/router.go:125.5,125.32 1 0
github.com/raghavkgarg/mycase/pkg/datafetcher/router.go:127.5,130.1 2 1
github.com/raghavkgarg/mycase/pkg/datafetcher/router.go:133.4,136.18 3 0
github.com/raghavkgarg/mycase/pkg/datafetcher/router.go:137.5,138.1 1 0
github.com/raghavkgarg/mycase/pkg/datafetcher/router.go:139.4,139.31 1 0
github.com/raghavkgarg/mycase/pkg/datafetcher/router.go:143.2,143.20 1 1
github.com/raghavkgarg/mycase/pkg/datafetcher/router.go:149.2,150.28 2 1
github.com/raghavkgarg/mycase/pkg/datafetcher/router.go:151.3,151.27 1 1
github.com/raghavkgarg/mycase/pkg/datafetcher/router.go:152.4,153.1 1 1
github.com/raghavkgarg/mycase/pkg/datafetcher/router.go:154.4,155.1 1 0
github.com/raghavkgarg/mycase/pkg/datafetcher/router.go:158.2,159.1 2 1
github.com/raghavkgarg/mycase/pkg/datafetcher/router.go:161.2,161.27 2 1
github.com/raghavkgarg/mycase/pkg/datafetcher/router.go:162.3,163.17 2 0
github.com/raghavkgarg/mycase/pkg/datafetcher/router.go:164.4,165.1 1 0
github.com/raghavkgarg/mycase/pkg/datafetcher/router.go:166.3,166.28 1 0
github.com/raghavkgarg/mycase/pkg/datafetcher/router.go:173.2,173.24 1 1
github.com/raghavkgarg/mycase/pkg/datafetcher/router.go:174.3,175.31 2 1
github.com/raghavkgarg/mycase/pkg/datafetcher/router.go:176.4,176.51 1 1
github.com/raghavkgarg/mycase/pkg/datafetcher/router.go:177.5,178.1 1 0
github.com/raghavkgarg/mycase/pkg/datafetcher/router.go:179.5,180.1 1 1
github.com/raghavkgarg/mycase/pkg/datafetcher/router.go:182.3,182.36 1 1
github.com/raghavkgarg/mycase/pkg/datafetcher/router.go:183.4,185.1 1 0
github.com/raghavkgarg/mycase/pkg/datafetcher/router.go:187.3,187.23 1 1
github.com/raghavkgarg/mycase/pkg/datafetcher/router.go:188.4,188.29 1 1
github.com/raghavkgarg/mycase/pkg/datafetcher/router.go:189.5,190.19 2 1
github.com/raghavkgarg/mycase/pkg/datafetcher/router.go:192.6,196.22 3 0
github.com/raghavkgarg/mycase/pkg/datafetcher/router.go:197.7,198.1 1 0
github.com/raghavkgarg/mycase/pkg/datafetcher/router.go:199.6,199.31 1 0
github.com/raghavkgarg/mycase/pkg/datafetcher/router.go:201.6,205.1 3 1
github.com/raghavkgarg/mycase/pkg/datafetcher/router.go:207.5,210.19 3 0
github.com/raghavkgarg/mycase/pkg/datafetcher/router.go:211.6,212.1 1 0
github.com/raghavkgarg/mycase/pkg/datafetcher/router.go:213.5,213.30 1 0
github.com/raghavkgarg/mycase/pkg/datafetcher/router.go:218.2,218.20 1 1
github.com/raghavkgarg/mycase/pkg/datafetcher/router.go:230.2,231.26 2 1
github.com/raghavkgarg/mycase/pkg/datafetcher/router.go:232.3,233.17 2 1
github.com/raghavkgarg/mycase/pkg/datafetcher/router.go:234.4,236.1 1 1
github.com/raghavkgarg/mycase/pkg/datafetcher/router.go:237.4,238.1 1 1
github.com/raghavkgarg/mycase/pkg/datafetcher/router.go:241.2,242.39 2 1
github.com/raghavkgarg/mycase/pkg/datafetcher/router.go:243.3,247.9 5 1
github.com/raghavkgarg/mycase/pkg/datafetcher/router.go:248.4,249.1 1 1
github.com/raghavkgarg/mycase/pkg/datafetcher/router.go:251.2,252.57 1 1
github.com/raghavkgarg/mycase/pkg/datafetcher/router.go:259.2,259.31 1 0
github.com/raghavkgarg/mycase/pkg/datafetcher/router.go:260.3,262.1 1 0
github.com/raghavkgarg/mycase/pkg/datafetcher/router.go:263.2,263.58 1 0
github.com/raghavkgarg/mycase/pkg/datafetcher/router.go:273.2,273.28 1 1
github.com/raghavkgarg/mycase/pkg/datafetcher/router.go:274.3,274.27 1 1
github.com/raghavkgarg/mycase/pkg/datafetcher/router.go:275.4,275.29 1 1
github.com/raghavkgarg/mycase/pkg/datafetcher/router.go:276.5,277.1 1 1
github.com/raghavkgarg/mycase/pkg/datafetcher/router.go:278.4,278.18 1 1
github.com/raghavkgarg/mycase/pkg/datafetcher/router.go:281.2,281.45 1 1
github.com/raghavkgarg/mycase/pkg/datafetcher/router.go:290.2,290.27 1 1
github.com/raghavkgarg/mycase/pkg/datafetcher/router.go:291.3,292.1 1 1
github.com/raghavkgarg/mycase/pkg/datafetcher/router.go:293.2,293.35 1 1
github.com/raghavkgarg/mycase/pkg/datafetcher/router.go:295.3,295.18 1 1
github.com/raghavkgarg/mycase/pkg/datafetcher/router.go:297.3,297.16 1 1
github.com/raghavkgarg/mycase/pkg/edgar/cik.go:55.2,56.15 2 1
github.com/raghavkgarg/mycase/pkg/edgar/cik.go:57.3,58.1 1 0
github.com/raghavkgarg/mycase/pkg/edgar/cik.go:61.2,61.38 1 1
github.com/raghavkgarg/mycase/pkg/edgar/cik.go:62.3,63.1 1 1
github.com/raghavkgarg/mycase/pkg/edgar/cik.go:65.2,65.44 1 1
github.com/raghavkgarg/mycase/pkg/edgar/cik.go:66.3,67.1 1 0
github.com/raghavkgarg/mycase/pkg/edgar/cik.go:70.2,70.20 1 1
github.com/raghavkgarg/mycase/pkg/edgar/cik.go:71.3,72.17 2 1
github.com/raghavkgarg/mycase/pkg/edgar/cik.go:73.4,74.1 1 0
github.com/raghavkgarg/mycase/pkg/edgar/cik.go:75.3,75.26 1 1
github.com/raghavkgarg/mycase/pkg/edgar/cik.go:76.4,77.1 1 1
github.com/raghavkgarg/mycase/pkg/edgar/cik.go:78.3,78.24 1 1
github.com/raghavkgarg/mycase/pkg/edgar/cik.go:81.2,85.26 3 1
github.com/raghavkgarg/mycase/pkg/edgar/cik.go:86.3,87.1 1 0
github.com/raghavkgarg/mycase/pkg/edgar/cik.go:88.2,88.16 1 1
github.com/raghavkgarg/mycase/pkg/edgar/cik.go:89.3,90.1 1 0
github.com/raghavkgarg/mycase/pkg/edgar/cik.go:91.2,91.23 1 1
github.com/raghavkgarg/mycase/pkg/edgar/cik.go:98.2,98.20 1 1
github.com/raghavkgarg/mycase/pkg/edgar/cik.go:99.3,100.1 1 1
github.com/raghavkgarg/mycase/pkg/edgar/cik.go:101.2,102.58 2 1
github.com/raghavkgarg/mycase/pkg/edgar/cik.go:103.3,104.1 1 0
github.com/raghavkgarg/mycase/pkg/edgar/cik.go:106.2,110.45 3 1
github.com/raghavkgarg/mycase/pkg/edgar/cik.go:111.3,112.1 1 0
github.com/raghavkgarg/mycase/pkg/edgar/cik.go:113.2,113.38 1 1
github.com/raghavkgarg/mycase/pkg/edgar/cik.go:114.3,115.21 2 0
github.com/raghavkgarg/mycase/pkg/edgar/cik.go:116.4,117.1 1 0
github.com/raghavkgarg/mycase/pkg/edgar/cik.go:120.2,121.16 2 1
github.com/raghavkgarg/mycase/pkg/edgar/cik.go:123.3,123.16 1 0
github.com/raghavkgarg/mycase/pkg/edgar/cik.go:124.4,127.1 2 0
github.com/raghavkgarg/mycase/pkg/edgar/cik.go:128.3,128.13 1 0
github.com/raghavkgarg/mycase/pkg/edgar/cik.go:130.2,130.30 1 1
github.com/raghavkgarg/mycase/pkg/edgar/cik.go:135.2,136.16 2 1
github.com/raghavkgarg/mycase/pkg/edgar/cik.go:137.3,138.1 1 0
github.com/raghavkgarg/mycase/pkg/edgar/cik.go:140.2,141.51 2 1
github.com/raghavkgarg/mycase/pkg/edgar/cik.go:142.3,143.1 1 0
github.com/raghavkgarg/mycase/pkg/edgar/cik.go:144.2,145.24 2 1
github.com/raghavkgarg/mycase/pkg/edgar/cik.go:146.3,147.30 2 1
github.com/raghavkgarg/mycase/pkg/edgar/cik.go:148.4,148.12 1 0
github.com/raghavkgarg/mycase/pkg/edgar/cik.go:150.3,150.15 1 1
github.com/raghavkgarg/mycase/pkg/edgar/cik.go:152.2,153.17 2 1
github.com/raghavkgarg/mycase/pkg/edgar/cik.go:158.2,160.16 3 1
github.com/raghavkgarg/mycase/pkg/edgar/cik.go:161.3,162.1 1 0
github.com/raghavkgarg/mycase/pkg/edgar/cik.go:163.2,164.1 2 1
github.com/raghavkgarg/mycase/pkg/edgar/cik.go:165.2,165.76 2 1
github.com/raghavkgarg/mycase/pkg/edgar/cik.go:166.3,167.1 1 0
github.com/raghavkgarg/mycase/pkg/edgar/cik.go:168.2,171.16 3 1
github.com/raghavkgarg/mycase/pkg/edgar/cik.go:172.3,173.1 1 0
github.com/raghavkgarg/mycase/pkg/edgar/cik.go:174.2,175.24 2 1
github.com/raghavkgarg/mycase/pkg/edgar/cik.go:176.3,176.84 1 1
github.com/raghavkgarg/mycase/pkg/edgar/cik.go:177.4,178.1 1 0
github.com/raghavkgarg/mycase/pkg/edgar/cik.go:180.2,180.20 1 1
github.com/raghavkgarg/mycase/pkg/edgar/cik.go:186.2,187.1 1 1
github.com/raghavkgarg/mycase/pkg/edgar/client.go:75.2,75.25 1 0
github.com/raghavkgarg/mycase/pkg/edgar/client.go:76.3,76.12 1 0
github.com/raghavkgarg/mycase/pkg/edgar/client.go:77.4,78.1 1 0
github.com/raghavkgarg/mycase/pkg/edgar/client.go:84.2,84.25 1 0
github.com/raghavkgarg/mycase/pkg/edgar/client.go:85.3,85.12 1 0
github.com/raghavkgarg/mycase/pkg/edgar/client.go:86.4,87.1 1 0
github.com/raghavkgarg/mycase/pkg/edgar/client.go:93.2,93.25 1 0
github.com/raghavkgarg/mycase/pkg/edgar/client.go:94.3,94.15 1 0
github.com/raghavkgarg/mycase/pkg/edgar/client.go:95.4,96.1 1 0
github.com/raghavkgarg/mycase/pkg/edgar/client.go:106.2,107.46 2 1
github.com/raghavkgarg/mycase/pkg/edgar/client.go:108.3,109.1 1 1
github.com/raghavkgarg/mycase/pkg/edgar/client.go:110.2,120.1 2 1
github.com/raghavkgarg/mycase/pkg/edgar/client.go:121.2,121.25 2 1
github.com/raghavkgarg/mycase/pkg/edgar/client.go:122.3,123.1 1 0
github.com/raghavkgarg/mycase/pkg/edgar/client.go:124.2,124.16 1 1
github.com/raghavkgarg/mycase/pkg/edgar/client.go:129.2,129.14 1 1
github.com/raghavkgarg/mycase/pkg/edgar/client.go:130.3,131.1 1 1
github.com/raghavkgarg/mycase/pkg/edgar/client.go:134.2,134.58 1 1
github.com/raghavkgarg/mycase/pkg/edgar/client.go:135.3,136.1 1 1
github.com/raghavkgarg/mycase/pkg/edgar/client.go:139.2,139.65 1 1
github.com/raghavkgarg/mycase/pkg/edgar/client.go:140.3,141.1 1 1
github.com/raghavkgarg/mycase/pkg/edgar/client.go:142.2,142.12 1 1
github.com/raghavkgarg/mycase/pkg/edgar/client.go:148.2,148.19 1 1
github.com/raghavkgarg/mycase/pkg/edgar/client.go:149.3,150.1 1 1
github.com/raghavkgarg/mycase/pkg/edgar/client.go:151.2,151.20 1 1
github.com/raghavkgarg/mycase/pkg/edgar/client.go:152.3,153.1 1 1
github.com/raghavkgarg/mycase/pkg/edgar/client.go:160.2,160.44 1 1
github.com/raghavkgarg/mycase/pkg/edgar/client.go:161.3,162.1 1 0
github.com/raghavkgarg/mycase/pkg/edgar/client.go:164.2,165.16 2 1
github.com/raghavkgarg/mycase/pkg/edgar/client.go:166.3,167.1 1 0
github.com/raghavkgarg/mycase/pkg/edgar/client.go:171.2,173.1 6 1
github.com/raghavkgarg/mycase/pkg/edgar/client.go:174.2,177.16 6 1
github.com/raghavkgarg/mycase/pkg/edgar/client.go:178.3,182.1 2 0
github.com/raghavkgarg/mycase/pkg/edgar/client.go:183.2,184.1 3 1
github.com/raghavkgarg/mycase/pkg/edgar/client.go:185.2,186.1 3 1
github.com/raghavkgarg/mycase/pkg/edgar/client.go:187.2,187.44 3 1
github.com/raghavkgarg/mycase/pkg/edgar/client.go:190.3,191.1 1 0
github.com/raghavkgarg/mycase/pkg/edgar/client.go:192.2,192.53 1 1
github.com/raghavkgarg/mycase/pkg/edgar/client.go:193.3,194.1 1 0
github.com/raghavkgarg/mycase/pkg/edgar/client.go:196.2,197.16 2 1
github.com/raghavkgarg/mycase/pkg/edgar/client.go:198.3,199.1 1 0
github.com/raghavkgarg/mycase/pkg/edgar/client.go:200.2,200.18 1 1
github.com/raghavkgarg/mycase/pkg/edgar/client.go:211.2,211.61 1 1
github.com/raghavkgarg/mycase/pkg/edgar/client.go:212.3,212.40 1 1
github.com/raghavkgarg/mycase/pkg/edgar/client.go:213.4,214.1 1 1
github.com/raghavkgarg/mycase/pkg/edgar/client.go:216.2,216.15 1 1
github.com/raghavkgarg/mycase/pkg/edgar/concepts.go:60.2,61.33 2 1
github.com/raghavkgarg/mycase/pkg/edgar/concepts.go:62.3,63.17 2 1
github.com/raghavkgarg/mycase/pkg/edgar/concepts.go:65.4,66.12 2 0
github.com/raghavkgarg/mycase/pkg/edgar/concepts.go:68.3,68.10 1 1
github.com/raghavkgarg/mycase/pkg/edgar/concepts.go:69.4,70.12 2 1
github.com/raghavkgarg/mycase/pkg/edgar/concepts.go:72.3,73.17 2 1
github.com/raghavkgarg/mycase/pkg/edgar/concepts.go:74.4,75.12 2 0
github.com/raghavkgarg/mycase/pkg/edgar/concepts.go:77.3,77.10 1 1
github.com/raghavkgarg/mycase/pkg/edgar/concepts.go:78.4,78.12 1 0
github.com/raghavkgarg/mycase/pkg/edgar/concepts.go:80.3,80.25 1 1
github.com/raghavkgarg/mycase/pkg/edgar/concepts.go:82.2,82.20 1 1
github.com/raghavkgarg/mycase/pkg/edgar/concepts.go:90.2,91.1 3 1
github.com/raghavkgarg/mycase/pkg/edgar/concepts.go:92.2,102.1 3 1
github.com/raghavkgarg/mycase/pkg/edgar/concepts.go:105.2,105.56 3 1
github.com/raghavkgarg/mycase/pkg/edgar/concepts.go:106.3,107.1 1 1
github.com/raghavkgarg/mycase/pkg/edgar/concepts.go:108.2,108.48 1 1
github.com/raghavkgarg/mycase/pkg/edgar/concepts.go:109.3,110.1 1 1
github.com/raghavkgarg/mycase/pkg/edgar/concepts.go:115.2,115.61 1 1
github.com/raghavkgarg/mycase/pkg/edgar/concepts.go:116.3,116.52 1 1
github.com/raghavkgarg/mycase/pkg/edgar/concepts.go:117.4,118.1 1 1
github.com/raghavkgarg/mycase/pkg/edgar/concepts.go:121.2,121.10 1 1
github.com/raghavkgarg/mycase/pkg/edgar/concepts.go:128.2,129.1 1 1
github.com/raghavkgarg/mycase/pkg/edgar/concepts.go:136.2,136.25 1 1
github.com/raghavkgarg/mycase/pkg/edgar/concepts.go:137.3,138.10 2 1
github.com/raghavkgarg/mycase/pkg/edgar/concepts.go:139.4,139.12 1 1
github.com/raghavkgarg/mycase/pkg/edgar/concepts.go:141.3,142.21 2 1
github.com/raghavkgarg/mycase/pkg/edgar/concepts.go:143.4,143.12 1 0
github.com/raghavkgarg/mycase/pkg/edgar/concepts.go:145.3,146.30 2 1
github.com/raghavkgarg/mycase/pkg/edgar/concepts.go:147.4,147.75 1 1
github.com/raghavkgarg/mycase/pkg/edgar/concepts.go:148.5,149.1 1 1
github.com/raghavkgarg/mycase/pkg/edgar/concepts.go:151.3,151.24 1 1
github.com/raghavkgarg/mycase/pkg/edgar/concepts.go:153.2,153.17 1 1
github.com/raghavkgarg/mycase/pkg/edgar/concepts.go:159.2,160.22 2 1
github.com/raghavkgarg/mycase/pkg/edgar/concepts.go:161.3,162.1 1 1
github.com/raghavkgarg/mycase/pkg/edgar/concepts.go:163.2,163.42 1 1
github.com/raghavkgarg/mycase/pkg/edgar/concepts.go:175.2,175.25 1 1
github.com/raghavkgarg/mycase/pkg/edgar/concepts.go:176.3,177.10 2 1
github.com/raghavkgarg/mycase/pkg/edgar/concepts.go:178.4,178.12 1 1
github.com/raghavkgarg/mycase/pkg/edgar/concepts.go:180.3,181.21 2 1
github.com/raghavkgarg/mycase/pkg/edgar/concepts.go:182.4,182.12 1 0
github.com/raghavkgarg/mycase/pkg/edgar/concepts.go:186.3,187.26 2 1
github.com/raghavkgarg/mycase/pkg/edgar/concepts.go:188.4,188.35 1 1
github.com/raghavkgarg/mycase/pkg/edgar/concepts.go:189.5,189.13 1 1
github.com/raghavkgarg/mycase/pkg/edgar/concepts.go:191.4,191.61 1 1
github.com/raghavkgarg/mycase/pkg/edgar/concepts.go:192.5,193.1 1 1
github.com/raghavkgarg/mycase/pkg/edgar/concepts.go:195.3,195.22 1 1
github.com/raghavkgarg/mycase/pkg/edgar/concepts.go:196.4,196.12 1 1
github.com/raghavkgarg/mycase/pkg/edgar/concepts.go:199.3,200.29 2 1
github.com/raghavkgarg/mycase/pkg/edgar/concepts.go:201.4,202.1 1 1
github.com/raghavkgarg/mycase/pkg/edgar/concepts.go:203.3,203.39 1 1
github.com/raghavkgarg/mycase/pkg/edgar/concepts.go:203.41,203.75 1 1
github.com/raghavkgarg/mycase/pkg/edgar/concepts.go:204.3,204.13 1 1
github.com/raghavkgarg/mycase/pkg/edgar/concepts.go:206.2,206.12 1 1
github.com/raghavkgarg/mycase/pkg/edgar/concepts.go:212.2,212.18 1 1
github.com/raghavkgarg/mycase/pkg/edgar/concepts.go:213.3,214.1 1 1
github.com/raghavkgarg/mycase/pkg/edgar/concepts.go:215.2,215.16 1 1
github.com/raghavkgarg/mycase/pkg/edgar/concepts.go:217.3,217.14 1 1
github.com/raghavkgarg/mycase/pkg/edgar/concepts.go:219.3,219.15 1 0
github.com/raghavkgarg/mycase/pkg/edgar/facts.go:38.2,39.1 1 1
github.com/raghavkgarg/mycase/pkg/edgar/facts.go:76.2,76.42 1 1
github.com/raghavkgarg/mycase/pkg/edgar/facts.go:77.3,78.1 1 0
github.com/raghavkgarg/mycase/pkg/edgar/facts.go:80.2,81.33 2 1
github.com/raghavkgarg/mycase/pkg/edgar/facts.go:82.3,83.1 1 0
github.com/raghavkgarg/mycase/pkg/edgar/facts.go:84.2,84.16 1 1
github.com/raghavkgarg/mycase/pkg/edgar/facts.go:85.3,86.1 1 0
github.com/raghavkgarg/mycase/pkg/edgar/facts.go:88.2,89.16 2 1
github.com/raghavkgarg/mycase/pkg/edgar/facts.go:90.3,91.1 1 0
github.com/raghavkgarg/mycase/pkg/edgar/facts.go:92.2,96.21 4 1
github.com/raghavkgarg/mycase/pkg/edgar/facts.go:102.2,102.20 1 1
github.com/raghavkgarg/mycase/pkg/edgar/facts.go:103.3,104.1 1 1
github.com/raghavkgarg/mycase/pkg/edgar/facts.go:105.2,106.57 2 1
github.com/raghavkgarg/mycase/pkg/edgar/facts.go:107.3,109.1 2 0
github.com/raghavkgarg/mycase/pkg/edgar/facts.go:110.2,116.26 5 1
github.com/raghavkgarg/mycase/pkg/edgar/facts.go:117.3,118.1 1 1
github.com/raghavkgarg/mycase/pkg/edgar/facts.go:119.2,119.16 1 1
github.com/raghavkgarg/mycase/pkg/edgar/facts.go:120.3,122.1 2 0
github.com/raghavkgarg/mycase/pkg/edgar/facts.go:123.2,123.37 1 1
github.com/raghavkgarg/mycase/pkg/edgar/facts.go:124.3,125.1 1 0
github.com/raghavkgarg/mycase/pkg/edgar/facts.go:126.2,126.55 1 1
github.com/raghavkgarg/mycase/pkg/edgar/facts.go:127.3,128.1 1 0
github.com/raghavkgarg/mycase/pkg/edgar/facts.go:129.2,130.56 2 1
github.com/raghavkgarg/mycase/pkg/edgar/facts.go:131.3,133.1 2 0
github.com/raghavkgarg/mycase/pkg/edgar/facts.go:134.2,134.16 1 1
github.com/raghavkgarg/mycase/pkg/edgar/facts.go:140.2,140.20 1 1
github.com/raghavkgarg/mycase/pkg/edgar/facts.go:141.3,142.1 1 1
github.com/raghavkgarg/mycase/pkg/edgar/facts.go:143.2,144.57 2 1
github.com/raghavkgarg/mycase/pkg/edgar/facts.go:145.3,147.1 2 0
github.com/raghavkgarg/mycase/pkg/edgar/facts.go:148.2,149.16 2 1
github.com/raghavkgarg/mycase/pkg/edgar/facts.go:150.3,152.1 2 0
github.com/raghavkgarg/mycase/pkg/edgar/facts.go:153.2,157.16 1 1
github.com/raghavkgarg/mycase/pkg/edgar/facts.go:158.3,159.1 1 0
github.com/raghavkgarg/mycase/pkg/edgar/facts.go:165.2,166.16 2 0
github.com/raghavkgarg/mycase/pkg/edgar/facts.go:167.3,168.1 1 0
github.com/raghavkgarg/mycase/pkg/edgar/facts.go:169.2,169.26 1 0
github.com/raghavkgarg/mycase/pkg/edgar/facts.go:174.2,175.50 2 1
github.com/raghavkgarg/mycase/pkg/edgar/facts.go:176.3,177.1 1 0
github.com/raghavkgarg/mycase/pkg/edgar/facts.go:178.2,178.17 1 1
github.com/raghavkgarg/mycase/pkg/edgar/migrate.go:33.2,34.20 2 0
github.com/raghavkgarg/mycase/pkg/edgar/migrate.go:35.3,36.1 1 0
github.com/raghavkgarg/mycase/pkg/edgar/migrate.go:37.2,38.1 3 0
github.com/raghavkgarg/mycase/pkg/edgar/migrate.go:39.2,40.16 3 0
github.com/raghavkgarg/mycase/pkg/edgar/migrate.go:41.3,42.1 1 0
github.com/raghavkgarg/mycase/pkg/edgar/migrate.go:43.2,43.13 1 0
github.com/raghavkgarg/mycase/pkg/edgar/migrate.go:46.3,46.58 1 0
github.com/raghavkgarg/mycase/pkg/edgar/migrate.go:47.4,48.1 1 0
github.com/raghavkgarg/mycase/pkg/edgar/migrate.go:49.3,50.18 2 0
github.com/raghavkgarg/mycase/pkg/edgar/migrate.go:55.2,56.16 2 0
github.com/raghavkgarg/mycase/pkg/edgar/migrate.go:57.3,58.1 1 0
github.com/raghavkgarg/mycase/pkg/edgar/migrate.go:59.2,64.1 3 0
github.com/raghavkgarg/mycase/pkg/edgar/migrate.go:65.2,66.18 3 0
github.com/raghavkgarg/mycase/pkg/edgar/migrate.go:67.3,69.59 3 0
github.com/raghavkgarg/mycase/pkg/edgar/migrate.go:70.4,72.1 2 0
github.com/raghavkgarg/mycase/pkg/edgar/migrate.go:73.3,75.18 3 0
github.com/raghavkgarg/mycase/pkg/edgar/migrate.go:76.4,77.12 2 0
github.com/raghavkgarg/mycase/pkg/edgar/migrate.go:79.3,81.18 3 0
github.com/raghavkgarg/mycase/pkg/edgar/migrate.go:82.4,83.12 2 0
github.com/raghavkgarg/mycase/pkg/edgar/migrate.go:85.3,85.108 1 0
github.com/raghavkgarg/mycase/pkg/edgar/migrate.go:87.2,87.35 1 0
github.com/raghavkgarg/mycase/pkg/edgar/migrate.go:88.3,90.1 2 0
github.com/raghavkgarg/mycase/pkg/edgar/migrate.go:91.2,92.1 3 0
github.com/raghavkgarg/mycase/pkg/edgar/migrate.go:96.2,97.16 3 0
github.com/raghavkgarg/mycase/pkg/edgar/migrate.go:98.3,99.1 1 0
github.com/raghavkgarg/mycase/pkg/edgar/migrate.go:100.2,101.1 2 0
github.com/raghavkgarg/mycase/pkg/edgar/migrate.go:102.2,102.73 2 0
github.com/raghavkgarg/mycase/pkg/edgar/migrate.go:103.3,104.1 1 0
github.com/raghavkgarg/mycase/pkg/edgar/migrate.go:105.2,105.57 1 0
github.com/raghavkgarg/mycase/pkg/edgar/migrate.go:106.3,107.1 1 0
github.com/raghavkgarg/mycase/pkg/edgar/migrate.go:108.2,111.16 2 0
github.com/raghavkgarg/mycase/pkg/edgar/migrate.go:112.3,113.1 1 0
github.com/raghavkgarg/mycase/pkg/edgar/migrate.go:114.2,115.28 2 0
github.com/raghavkgarg/mycase/pkg/edgar/migrate.go:116.3,116.113 1 0
github.com/raghavkgarg/mycase/pkg/edgar/migrate.go:117.4,118.1 1 0
github.com/raghavkgarg/mycase/pkg/edgar/migrate.go:119.3,119.17 1 0
github.com/raghavkgarg/mycase/pkg/edgar/migrate.go:121.2,121.36 1 0
github.com/raghavkgarg/mycase/pkg/edgar/migrate.go:122.3,123.1 1 0
github.com/raghavkgarg/mycase/pkg/edgar/migrate.go:124.2,124.17 1 0
github.com/raghavkgarg/mycase/pkg/edgar/migrate.go:130.2,132.16 2 0
github.com/raghavkgarg/mycase/pkg/edgar/migrate.go:133.3,134.1 1 0
github.com/raghavkgarg/mycase/pkg/edgar/migrate.go:135.2,136.18 2 0
github.com/raghavkgarg/mycase/pkg/edgar/migrate.go:137.3,138.42 2 0
github.com/raghavkgarg/mycase/pkg/edgar/migrate.go:139.4,140.1 1 0
github.com/raghavkgarg/mycase/pkg/edgar/migrate.go:141.3,141.21 1 0
github.com/raghavkgarg/mycase/pkg/edgar/migrate.go:142.4,143.1 1 0
github.com/raghavkgarg/mycase/pkg/edgar/migrate.go:145.2,145.26 1 0
github.com/raghavkgarg/mycase/pkg/cache/db.go:23.28,23.42 1 1
github.com/raghavkgarg/mycase/pkg/cache/db.go:26.23,26.40 1 0
github.com/raghavkgarg/mycase/pkg/cache/db.go:35.2,35.16 1 1
github.com/raghavkgarg/mycase/pkg/cache/db.go:36.3,36.47 1 0
github.com/raghavkgarg/mycase/pkg/cache/db.go:37.4,38.1 1 0
github.com/raghavkgarg/mycase/pkg/cache/db.go:39.4,40.1 1 0
github.com/raghavkgarg/mycase/pkg/cache/db.go:42.2,43.16 2 1
github.com/raghavkgarg/mycase/pkg/cache/db.go:44.3,45.1 1 0
github.com/raghavkgarg/mycase/pkg/cache/db.go:47.2,49.34 3 1
github.com/raghavkgarg/mycase/pkg/cache/db.go:50.3,52.1 2 0
github.com/raghavkgarg/mycase/pkg/cache/db.go:53.2,54.59 2 1
github.com/raghavkgarg/mycase/pkg/cache/db.go:55.3,57.1 2 0
github.com/raghavkgarg/mycase/pkg/cache/db.go:58.2,59.15 2 1
github.com/raghavkgarg/mycase/pkg/cache/db.go:64.2,64.19 1 1
github.com/raghavkgarg/mycase/pkg/cache/db.go:65.3,66.1 1 1
github.com/raghavkgarg/mycase/pkg/cache/db.go:67.2,67.21 1 1
github.com/raghavkgarg/mycase/pkg/cache/db.go:76.34,76.47 1 0
github.com/raghavkgarg/mycase/pkg/cache/db.go:152.2,152.54 1 1
github.com/raghavkgarg/mycase/pkg/cache/db.go:153.3,154.1 1 0
github.com/raghavkgarg/mycase/pkg/cache/db.go:157.2,157.33 1 1
github.com/raghavkgarg/mycase/pkg/cache/db.go:158.3,158.55 1 1
github.com/raghavkgarg/mycase/pkg/cache/db.go:159.4,160.1 1 0
github.com/raghavkgarg/mycase/pkg/cache/db.go:162.2,162.12 1 1
github.com/raghavkgarg/mycase/pkg/cache/fundamentals.go:14.2,16.1 2 1
github.com/raghavkgarg/mycase/pkg/cache/fundamentals.go:21.2,27.26 4 1
github.com/raghavkgarg/mycase/pkg/cache/fundamentals.go:28.3,29.1 1 1
github.com/raghavkgarg/mycase/pkg/cache/fundamentals.go:30.2,30.16 1 1
github.com/raghavkgarg/mycase/pkg/cache/fundamentals.go:31.3,32.1 1 0
github.com/raghavkgarg/mycase/pkg/cache/fundamentals.go:33.2,34.45 2 1
github.com/raghavkgarg/mycase/pkg/cache/fundamentals.go:35.3,36.1 1 1
github.com/raghavkgarg/mycase/pkg/cache/fundamentals.go:37.2,37.46 1 1
github.com/raghavkgarg/mycase/pkg/cache/fundamentals.go:44.2,45.18 2 1
github.com/raghavkgarg/mycase/pkg/cache/fundamentals.go:46.3,47.1 1 1
github.com/raghavkgarg/mycase/pkg/cache/fundamentals.go:48.2,53.12 2 1
github.com/raghavkgarg/mycase/pkg/cache/fundamentals.go:60.2,61.1 1 1
github.com/raghavkgarg/mycase/pkg/cache/pipeline.go:52.2,52.21 1 1
github.com/raghavkgarg/mycase/pkg/cache/pipeline.go:53.3,54.1 1 1
github.com/raghavkgarg/mycase/pkg/cache/pipeline.go:55.2,56.16 2 1
github.com/raghavkgarg/mycase/pkg/cache/pipeline.go:57.3,58.1 1 0
github.com/raghavkgarg/mycase/pkg/cache/pipeline.go:59.2,60.1 2 1
github.com/raghavkgarg/mycase/pkg/cache/pipeline.go:61.2,61.26 2 1
github.com/raghavkgarg/mycase/pkg/cache/pipeline.go:62.3,69.17 1 1
github.com/raghavkgarg/mycase/pkg/cache/pipeline.go:70.4,71.1 1 0
github.com/raghavkgarg/mycase/pkg/cache/pipeline.go:73.2,73.20 1 1
github.com/raghavkgarg/mycase/pkg/cache/pipeline.go:78.2,85.16 2 1
github.com/raghavkgarg/mycase/pkg/cache/pipeline.go:86.3,87.1 1 0
github.com/raghavkgarg/mycase/pkg/cache/pipeline.go:88.2,89.1 3 1
github.com/raghavkgarg/mycase/pkg/cache/pipeline.go:90.2,91.18 3 1
github.com/raghavkgarg/mycase/pkg/cache/pipeline.go:92.3,96.93 5 1
github.com/raghavkgarg/mycase/pkg/cache/pipeline.go:97.4,98.1 1 0
github.com/raghavkgarg/mycase/pkg/cache/pipeline.go:99.3,99.18 1 1
github.com/raghavkgarg/mycase/pkg/cache/pipeline.go:100.4,101.1 1 1
github.com/raghavkgarg/mycase/pkg/cache/pipeline.go:102.3,102.17 1 1
github.com/raghavkgarg/mycase/pkg/cache/pipeline.go:103.4,104.1 1 1
github.com/raghavkgarg/mycase/pkg/cache/pipeline.go:105.3,105.19 1 1
github.com/raghavkgarg/mycase/pkg/cache/pipeline.go:106.4,107.1 1 1
github.com/raghavkgarg/mycase/pkg/cache/pipeline.go:108.3,108.19 1 1
github.com/raghavkgarg/mycase/pkg/cache/pipeline.go:109.4,110.1 1 1
github.com/raghavkgarg/mycase/pkg/cache/pipeline.go:111.3,111.27 1 1
github.com/raghavkgarg/mycase/pkg/cache/pipeline.go:113.2,113.26 1 1
github.com/raghavkgarg/mycase/pkg/cache/pipeline.go:119.2,126.16 2 1
github.com/raghavkgarg/mycase/pkg/cache/pipeline.go:127.3,128.1 1 0
github.com/raghavkgarg/mycase/pkg/cache/pipeline.go:129.2,130.1 3 1
github.com/raghavkgarg/mycase/pkg/cache/pipeline.go:131.2,132.18 3 1
github.com/raghavkgarg/mycase/pkg/cache/pipeline.go:133.3,137.93 5 1
github.com/raghavkgarg/mycase/pkg/cache/pipeline.go:138.4,139.1 1 0
github.com/raghavkgarg/mycase/pkg/cache/pipeline.go:140.3,140.18 1 1
github.com/raghavkgarg/mycase/pkg/cache/pipeline.go:141.4,142.1 1 1
github.com/raghavkgarg/mycase/pkg/cache/pipeline.go:143.3,143.17 1 1
github.com/raghavkgarg/mycase/pkg/cache/pipeline.go:144.4,145.1 1 1
github.com/raghavkgarg/mycase/pkg/cache/pipeline.go:146.3,146.19 1 1
github.com/raghavkgarg/mycase/pkg/cache/pipeline.go:147.4,148.1 1 1
github.com/raghavkgarg/mycase/pkg/cache/pipeline.go:149.3,149.19 1 1
github.com/raghavkgarg/mycase/pkg/cache/pipeline.go:150.4,151.1 1 1
github.com/raghavkgarg/mycase/pkg/cache/pipeline.go:152.3,152.27 1 1
github.com/raghavkgarg/mycase/pkg/cache/pipeline.go:154.2,154.26 1 1
github.com/raghavkgarg/mycase/pkg/cache/pipeline.go:159.2,159.25 1 1
github.com/raghavkgarg/mycase/pkg/cache/pipeline.go:160.3,161.1 1 1
github.com/raghavkgarg/mycase/pkg/cache/pipeline.go:162.2,163.16 2 1
github.com/raghavkgarg/mycase/pkg/cache/pipeline.go:164.3,165.1 1 0
github.com/raghavkgarg/mycase/pkg/cache/pipeline.go:166.2,167.1 2 1
github.com/raghavkgarg/mycase/pkg/cache/pipeline.go:168.2,168.30 2 1
github.com/raghavkgarg/mycase/pkg/cache/pipeline.go:169.3,176.17 1 1
github.com/raghavkgarg/mycase/pkg/cache/pipeline.go:177.4,178.1 1 0
github.com/raghavkgarg/mycase/pkg/cache/pipeline.go:180.2,180.20 1 1
github.com/raghavkgarg/mycase/pkg/cache/pipeline.go:185.2,192.16 2 1
github.com/raghavkgarg/mycase/pkg/cache/pipeline.go:193.3,194.1 1 0
github.com/raghavkgarg/mycase/pkg/cache/pipeline.go:195.2,196.1 3 1
github.com/raghavkgarg/mycase/pkg/cache/pipeline.go:197.2,198.18 3 1
github.com/raghavkgarg/mycase/pkg/cache/pipeline.go:199.3,203.81 5 1
github.com/raghavkgarg/mycase/pkg/cache/pipeline.go:204.4,205.1 1 0
github.com/raghavkgarg/mycase/pkg/cache/pipeline.go:206.3,206.18 1 1
github.com/raghavkgarg/mycase/pkg/cache/pipeline.go:207.4,208.1 1 1
github.com/raghavkgarg/mycase/pkg/cache/pipeline.go:209.3,209.17 1 1
github.com/raghavkgarg/mycase/pkg/cache/pipeline.go:210.4,211.1 1 1
github.com/raghavkgarg/mycase/pkg/cache/pipeline.go:212.3,212.19 1 1
github.com/raghavkgarg/mycase/pkg/cache/pipeline.go:213.4,214.1 1 1
github.com/raghavkgarg/mycase/pkg/cache/pipeline.go:215.3,215.35 1 1
github.com/raghavkgarg/mycase/pkg/cache/pipeline.go:217.2,217.30 1 1
github.com/raghavkgarg/mycase/pkg/cache/pipeline.go:226.2,229.1 2 1
github.com/raghavkgarg/mycase/pkg/cache/pipeline.go:233.2,233.26 1 1
github.com/raghavkgarg/mycase/pkg/cache/pipeline.go:234.3,235.1 1 1
github.com/raghavkgarg/mycase/pkg/cache/pipeline.go:236.2,237.16 2 1
github.com/raghavkgarg/mycase/pkg/cache/pipeline.go:238.3,239.1 1 0
github.com/raghavkgarg/mycase/pkg/cache/pipeline.go:240.2,241.1 2 1
github.com/raghavkgarg/mycase/pkg/cache/pipeline.go:242.2,242.31 2 1
github.com/raghavkgarg/mycase/pkg/cache/pipeline.go:243.3,245.22 3 1
github.com/raghavkgarg/mycase/pkg/cache/pipeline.go:246.4,247.1 1 1
github.com/raghavkgarg/mycase/pkg/cache/pipeline.go:248.3,248.24 1 1
github.com/raghavkgarg/mycase/pkg/cache/pipeline.go:249.4,250.1 1 1
github.com/raghavkgarg/mycase/pkg/cache/pipeline.go:252.3,268.17 1 1
github.com/raghavkgarg/mycase/pkg/cache/pipeline.go:269.4,270.1 1 0
github.com/raghavkgarg/mycase/pkg/cache/pipeline.go:272.2,272.20 1 1
github.com/raghavkgarg/mycase/pkg/cache/pipeline.go:277.2,286.16 2 1
github.com/raghavkgarg/mycase/pkg/cache/pipeline.go:287.3,288.1 1 0
github.com/raghavkgarg/mycase/pkg/cache/pipeline.go:289.2,290.1 3 1
github.com/raghavkgarg/mycase/pkg/cache/pipeline.go:291.2,292.18 3 1
github.com/raghavkgarg/mycase/pkg/cache/pipeline.go:293.3,301.17 5 1
github.com/raghavkgarg/mycase/pkg/cache/pipeline.go:302.4,303.1 1 0
github.com/raghavkgarg/mycase/pkg/cache/pipeline.go:304.3,304.18 1 1
github.com/raghavkgarg/mycase/pkg/cache/pipeline.go:305.4,306.1 1 1
github.com/raghavkgarg/mycase/pkg/cache/pipeline.go:307.3,307.17 1 1
github.com/raghavkgarg/mycase/pkg/cache/pipeline.go:308.4,309.1 1 1
github.com/raghavkgarg/mycase/pkg/cache/pipeline.go:310.3,310.19 1 1
github.com/raghavkgarg/mycase/pkg/cache/pipeline.go:311.4,312.1 1 1
github.com/raghavkgarg/mycase/pkg/cache/pipeline.go:313.3,313.16 1 1
github.com/raghavkgarg/mycase/pkg/cache/pipeline.go:314.4,315.1 1 1
github.com/raghavkgarg/mycase/pkg/cache/pipeline.go:316.3,316.16 1 1
github.com/raghavkgarg/mycase/pkg/cache/pipeline.go:317.4,318.1 1 1
github.com/raghavkgarg/mycase/pkg/cache/pipeline.go:319.3,319.16 1 1
github.com/raghavkgarg/mycase/pkg/cache/pipeline.go:320.4,321.1 1 1
github.com/raghavkgarg/mycase/pkg/cache/pipeline.go:322.3,322.16 1 1
github.com/raghavkgarg/mycase/pkg/cache/pipeline.go:323.4,324.1 1 1
github.com/raghavkgarg/mycase/pkg/cache/pipeline.go:325.3,325.16 1 1
github.com/raghavkgarg/mycase/pkg/cache/pipeline.go:326.4,327.1 1 1
github.com/raghavkgarg/mycase/pkg/cache/pipeline.go:328.3,328.16 1 1
github.com/raghavkgarg/mycase/pkg/cache/pipeline.go:329.4,330.1 1 1
github.com/raghavkgarg/mycase/pkg/cache/pipeline.go:331.3,331.17 1 1
github.com/raghavkgarg/mycase/pkg/cache/pipeline.go:332.4,333.1 1 1
github.com/raghavkgarg/mycase/pkg/cache/pipeline.go:334.3,334.19 1 1
github.com/raghavkgarg/mycase/pkg/cache/pipeline.go:335.4,336.1 1 1
github.com/raghavkgarg/mycase/pkg/cache/pipeline.go:337.3,337.18 1 1
github.com/raghavkgarg/mycase/pkg/cache/pipeline.go:338.4,339.1 1 1
github.com/raghavkgarg/mycase/pkg/cache/pipeline.go:340.3,340.18 1 1
github.com/raghavkgarg/mycase/pkg/cache/pipeline.go:341.4,342.1 1 1
github.com/raghavkgarg/mycase/pkg/cache/pipeline.go:343.3,343.37 1 1
github.com/raghavkgarg/mycase/pkg/cache/pipeline.go:345.2,345.31 1 1
github.com/raghavkgarg/mycase/pkg/cache/pipeline.go:351.2,352.16 2 1
github.com/raghavkgarg/mycase/pkg/cache/pipeline.go:353.3,354.1 1 1
github.com/raghavkgarg/mycase/pkg/cache/pipeline.go:355.2,355.40 1 1
github.com/raghavkgarg/mycase/pkg/cache/pipeline.go:360.2,361.16 2 1
github.com/raghavkgarg/mycase/pkg/cache/pipeline.go:362.3,363.1 1 0
github.com/raghavkgarg/mycase/pkg/cache/pipeline.go:364.2,365.1 2 1
github.com/raghavkgarg/mycase/pkg/cache/pipeline.go:366.2,371.1 2 1
github.com/raghavkgarg/mycase/pkg/cache/pipeline.go:372.3,372.58 1 1
github.com/raghavkgarg/mycase/pkg/cache/pipeline.go:373.4,374.1 1 0
github.com/raghavkgarg/mycase/pkg/cache/pipeline.go:376.2,376.20 1 1
github.com/raghavkgarg/mycase/pkg/cache/prices.go:27.2,32.26 3 1
github.com/raghavkgarg/mycase/pkg/cache/prices.go:33.3,34.1 1 1
github.com/raghavkgarg/mycase/pkg/cache/prices.go:35.2,35.16 1 1
github.com/raghavkgarg/mycase/pkg/cache/prices.go:36.3,37.1 1 0
github.com/raghavkgarg/mycase/pkg/cache/prices.go:38.2,38.56 1 1
github.com/raghavkgarg/mycase/pkg/cache/prices.go:39.3,40.1 1 1
github.com/raghavkgarg/mycase/pkg/cache/prices.go:42.2,49.16 3 1
github.com/raghavkgarg/mycase/pkg/cache/prices.go:50.3,51.1 1 0
github.com/raghavkgarg/mycase/pkg/cache/prices.go:52.2,53.1 3 1
github.com/raghavkgarg/mycase/pkg/cache/prices.go:54.2,55.18 3 1
github.com/raghavkgarg/mycase/pkg/cache/prices.go:56.3,57.79 2 1
github.com/raghavkgarg/mycase/pkg/cache/prices.go:58.4,59.1 1 0
github.com/raghavkgarg/mycase/pkg/cache/prices.go:60.3,60.31 1 1
github.com/raghavkgarg/mycase/pkg/cache/prices.go:62.2,62.35 1 1
github.com/raghavkgarg/mycase/pkg/cache/prices.go:63.3,64.1 1 0
github.com/raghavkgarg/mycase/pkg/cache/prices.go:65.2,65.23 1 1
github.com/raghavkgarg/mycase/pkg/cache/prices.go:66.3,67.1 1 1
github.com/raghavkgarg/mycase/pkg/cache/prices.go:68.2,68.27 1 1
github.com/raghavkgarg/mycase/pkg/cache/prices.go:73.2,73.23 1 1
github.com/raghavkgarg/mycase/pkg/cache/prices.go:74.3,75.1 1 0
github.com/raghavkgarg/mycase/pkg/cache/prices.go:76.2,77.16 2 1
github.com/raghavkgarg/mycase/pkg/cache/prices.go:78.3,79.1 1 0
github.com/raghavkgarg/mycase/pkg/cache/prices.go:80.2,81.1 2 1
github.com/raghavkgarg/mycase/pkg/cache/prices.go:82.2,82.28 2 1
github.com/raghavkgarg/mycase/pkg/cache/prices.go:83.3,85.21 3 1
github.com/raghavkgarg/mycase/pkg/cache/prices.go:86.4,87.1 1 0
github.com/raghavkgarg/mycase/pkg/cache/prices.go:88.3,94.17 1 1
github.com/raghavkgarg/mycase/pkg/cache/prices.go:95.4,96.1 1 0
github.com/raghavkgarg/mycase/pkg/cache/prices.go:99.2,103.16 1 1
github.com/raghavkgarg/mycase/pkg/cache/prices.go:104.3,105.1 1 0
github.com/raghavkgarg/mycase/pkg/cache/prices.go:107.2,107.20 1 1
github.com/raghavkgarg/mycase/pkg/cache/prices.go:115.2,116.1 1 1
github.com/raghavkgarg/mycase/pkg/cache/prices.go:122.2,123.1 4 0
github.com/raghavkgarg/mycase/pkg/cache/prices.go:124.2,129.26 4 0
github.com/raghavkgarg/mycase/pkg/cache/prices.go:130.3,131.1 1 0
github.com/raghavkgarg/mycase/pkg/cache/prices.go:132.2,132.16 1 0
github.com/raghavkgarg/mycase/pkg/cache/prices.go:133.3,134.1 1 0
github.com/raghavkgarg/mycase/pkg/cache/prices.go:139.2,143.1 5 0
github.com/raghavkgarg/mycase/pkg/cache/prices.go:144.2,144.83 5 0
github.com/raghavkgarg/mycase/pkg/cache/prices.go:145.3,146.1 1 0
github.com/raghavkgarg/mycase/pkg/cache/prices.go:148.2,154.16 2 0
github.com/raghavkgarg/mycase/pkg/cache/prices.go:155.3,156.1 1 0
github.com/raghavkgarg/mycase/pkg/cache/prices.go:157.2,158.1 3 0
github.com/raghavkgarg/mycase/pkg/cache/prices.go:159.2,160.18 3 0
github.com/raghavkgarg/mycase/pkg/cache/prices.go:161.3,162.79 2 0
github.com/raghavkgarg/mycase/pkg/cache/prices.go:163.4,164.1 1 0
github.com/raghavkgarg/mycase/pkg/cache/prices.go:165.3,165.31 1 0
github.com/raghavkgarg/mycase/pkg/cache/prices.go:167.2,167.35 1 0
github.com/raghavkgarg/mycase/pkg/cache/prices.go:168.3,169.1 1 0
github.com/raghavkgarg/mycase/pkg/cache/prices.go:170.2,170.23 1 0
github.com/raghavkgarg/mycase/pkg/cache/prices.go:171.3,172.1 1 0
github.com/raghavkgarg/mycase/pkg/cache/prices.go:173.2,173.27 1 0
github.com/raghavkgarg/mycase/pkg/cache/prices.go:178.2,178.86 1 0
github.com/raghavkgarg/mycase/pkg/cache/prices.go:179.3,180.1 1 0
github.com/raghavkgarg/mycase/pkg/cache/prices.go:181.2,182.54 2 0
github.com/raghavkgarg/mycase/pkg/cache/prices.go:186.2,187.18 2 1
github.com/raghavkgarg/mycase/pkg/cache/prices.go:189.3,189.31 1 1
github.com/raghavkgarg/mycase/pkg/cache/prices.go:191.3,191.31 1 1
github.com/raghavkgarg/mycase/pkg/cache/prices.go:193.3,193.31 1 1
github.com/raghavkgarg/mycase/pkg/cache/prices.go:195.3,195.31 1 1
github.com/raghavkgarg/mycase/pkg/cache/prices.go:197.3,197.31 1 1
github.com/raghavkgarg/mycase/pkg/cache/prices.go:199.3,199.33 1 1
github.com/raghavkgarg/mycase/pkg/cache/prices.go:201.3,201.31 1 1
github.com/raghavkgarg/mycase/pkg/cache/prices.go:203.3,203.31 1 1
github.com/raghavkgarg/mycase/pkg/cache/prices.go:205.3,205.31 1 1
github.com/raghavkgarg/mycase/pkg/cache/runs.go:33.2,34.1 1 1
github.com/raghavkgarg/mycase/pkg/cache/runs.go:38.2,44.1 2 1
github.com/raghavkgarg/mycase/pkg/cache/runs.go:48.2,53.16 3 1
github.com/raghavkgarg/mycase/pkg/cache/runs.go:54.3,55.1 1 0
github.com/raghavkgarg/mycase/pkg/cache/runs.go:56.2,56.37 1 1
github.com/raghavkgarg/mycase/pkg/cache/runs.go:61.2,66.16 3 1
github.com/raghavkgarg/mycase/pkg/cache/runs.go:67.3,68.1 1 0
github.com/raghavkgarg/mycase/pkg/cache/runs.go:69.2,69.37 1 1
github.com/raghavkgarg/mycase/pkg/cache/runs.go:74.2,78.1 6 1
github.com/raghavkgarg/mycase/pkg/cache/runs.go:79.2,83.26 6 1
github.com/raghavkgarg/mycase/pkg/cache/runs.go:84.3,85.1 1 1
github.com/raghavkgarg/mycase/pkg/cache/runs.go:86.2,86.16 1 1
github.com/raghavkgarg/mycase/pkg/cache/runs.go:87.3,88.1 1 0
github.com/raghavkgarg/mycase/pkg/cache/runs.go:89.2,90.23 2 1
github.com/raghavkgarg/mycase/pkg/cache/runs.go:91.3,92.1 1 1
github.com/raghavkgarg/mycase/pkg/cache/runs.go:93.2,93.22 1 1
github.com/raghavkgarg/mycase/pkg/cache/runs.go:94.3,95.1 1 1
github.com/raghavkgarg/mycase/pkg/cache/runs.go:96.2,96.15 1 1
github.com/raghavkgarg/mycase/pkg/cache/runs.go:102.2,104.15 2 1
github.com/raghavkgarg/mycase/pkg/cache/runs.go:105.3,106.1 1 1
github.com/raghavkgarg/mycase/pkg/cache/runs.go:108.2,109.16 2 1
github.com/raghavkgarg/mycase/pkg/cache/runs.go:110.3,111.1 1 0
github.com/raghavkgarg/mycase/pkg/cache/runs.go:112.2,113.1 3 1
github.com/raghavkgarg/mycase/pkg/cache/runs.go:114.2,115.18 3 1
github.com/raghavkgarg/mycase/pkg/cache/runs.go:116.3,120.120 5 1
github.com/raghavkgarg/mycase/pkg/cache/runs.go:121.4,122.1 1 0
github.com/raghavkgarg/mycase/pkg/cache/runs.go:123.3,124.24 2 1
github.com/raghavkgarg/mycase/pkg/cache/runs.go:125.4,126.1 1 0
github.com/raghavkgarg/mycase/pkg/cache/runs.go:127.3,127.23 1 1
github.com/raghavkgarg/mycase/pkg/cache/runs.go:128.4,129.1 1 1
github.com/raghavkgarg/mycase/pkg/cache/runs.go:130.3,130.25 1 1
github.com/raghavkgarg/mycase/pkg/cache/runs.go:132.2,132.25 1 1
github.com/raghavkgarg/mycase/pkg/cache/runs.go:137.2,139.15 2 1
github.com/raghavkgarg/mycase/pkg/cache/runs.go:140.3,141.1 1 0
github.com/raghavkgarg/mycase/pkg/cache/runs.go:143.2,144.16 2 1
github.com/raghavkgarg/mycase/pkg/cache/runs.go:145.3,146.1 1 0
github.com/raghavkgarg/mycase/pkg/cache/runs.go:147.2,148.1 3 1
github.com/raghavkgarg/mycase/pkg/cache/runs.go:149.2,150.18 3 1
github.com/raghavkgarg/mycase/pkg/cache/runs.go:151.3,155.120 5 1
github.com/raghavkgarg/mycase/pkg/cache/runs.go:156.4,157.1 1 0
github.com/raghavkgarg/mycase/pkg/cache/runs.go:158.3,159.24 2 1
github.com/raghavkgarg/mycase/pkg/cache/runs.go:160.4,161.1 1 0
github.com/raghavkgarg/mycase/pkg/cache/runs.go:162.3,162.23 1 1
github.com/raghavkgarg/mycase/pkg/cache/runs.go:163.4,164.1 1 1
github.com/raghavkgarg/mycase/pkg/cache/runs.go:165.3,165.25 1 1
github.com/raghavkgarg/mycase/pkg/cache/runs.go:167.2,167.25 1 1
github.com/raghavkgarg/mycase/pkg/cache/runs.go:173.2,177.1 6 1
github.com/raghavkgarg/mycase/pkg/cache/runs.go:178.2,185.26 6 1
github.com/raghavkgarg/mycase/pkg/cache/runs.go:186.3,187.1 1 1
github.com/raghavkgarg/mycase/pkg/cache/runs.go:188.2,188.16 1 1
github.com/raghavkgarg/mycase/pkg/cache/runs.go:189.3,190.1 1 0
github.com/raghavkgarg/mycase/pkg/cache/runs.go:191.2,192.23 2 1
github.com/raghavkgarg/mycase/pkg/cache/runs.go:193.3,194.1 1 1
github.com/raghavkgarg/mycase/pkg/cache/runs.go:195.2,195.22 1 1
github.com/raghavkgarg/mycase/pkg/cache/runs.go:196.3,197.1 1 1
github.com/raghavkgarg/mycase/pkg/cache/runs.go:198.2,198.15 1 1
github.com/raghavkgarg/mycase/pkg/cache/runs.go:202.2,203.16 2 1
github.com/raghavkgarg/mycase/pkg/cache/runs.go:204.3,205.1 1 0
github.com/raghavkgarg/mycase/pkg/cache/runs.go:206.2,206.12 1 1
github.com/raghavkgarg/mycase/pkg/cache/runs.go:207.3,208.1 1 1
github.com/raghavkgarg/mycase/pkg/cache/runs.go:209.2,209.12 1 1
github.com/raghavkgarg/mycase/pkg/cache/status.go:19.2,28.16 2 1
github.com/raghavkgarg/mycase/pkg/cache/status.go:29.3,30.1 1 0
github.com/raghavkgarg/mycase/pkg/cache/status.go:31.2,32.1 3 1
github.com/raghavkgarg/mycase/pkg/cache/status.go:33.2,34.18 3 1
github.com/raghavkgarg/mycase/pkg/cache/status.go:35.3,38.84 4 1
github.com/raghavkgarg/mycase/pkg/cache/status.go:39.4,40.1 1 0
github.com/raghavkgarg/mycase/pkg/cache/status.go:41.3,42.31 2 1
github.com/raghavkgarg/mycase/pkg/cache/status.go:44.2,44.35 1 1
github.com/raghavkgarg/mycase/pkg/cache/status.go:45.3,46.1 1 0
github.com/raghavkgarg/mycase/pkg/cache/status.go:48.2,51.16 2 1
github.com/raghavkgarg/mycase/pkg/cache/status.go:52.3,53.1 1 0
github.com/raghavkgarg/mycase/pkg/cache/status.go:54.2,55.19 2 1
github.com/raghavkgarg/mycase/pkg/cache/status.go:56.3,61.63 6 1
github.com/raghavkgarg/mycase/pkg/cache/status.go:62.4,63.1 1 0
github.com/raghavkgarg/mycase/pkg/cache/status.go:64.3,65.31 2 1
github.com/raghavkgarg/mycase/pkg/cache/status.go:67.2,67.29 1 1
github.com/raghavkgarg/mycase/pkg/cache/status.go:72.2,73.16 2 1
github.com/raghavkgarg/mycase/pkg/cache/status.go:74.3,75.1 1 0
github.com/raghavkgarg/mycase/pkg/cache/status.go:76.2,81.1 2 1
github.com/raghavkgarg/mycase/pkg/cache/status.go:82.3,82.59 1 1
github.com/raghavkgarg/mycase/pkg/cache/status.go:83.4,84.1 1 0
github.com/raghavkgarg/mycase/pkg/cache/status.go:86.2,86.20 1 1
github.com/raghavkgarg/mycase/pkg/cache/status.go:91.2,92.16 2 1
github.com/raghavkgarg/mycase/pkg/cache/status.go:93.3,94.1 1 0
github.com/raghavkgarg/mycase/pkg/cache/status.go:95.2,100.1 2 1
github.com/raghavkgarg/mycase/pkg/cache/status.go:101.3,101.51 1 1
github.com/raghavkgarg/mycase/pkg/cache/status.go:102.4,103.1 1 0
github.com/raghavkgarg/mycase/pkg/cache/status.go:105.2,105.20 1 1
github.com/raghavkgarg/mycase/pkg/excel/excel.go:18.2,19.16 2 1
github.com/raghavkgarg/mycase/pkg/excel/excel.go:20.3,21.1 1 1
github.com/raghavkgarg/mycase/pkg/excel/excel.go:22.2,23.1 3 1
github.com/raghavkgarg/mycase/pkg/excel/excel.go:24.2,25.42 3 1
github.com/raghavkgarg/mycase/pkg/excel/excel.go:26.3,27.1 1 0
github.com/raghavkgarg/mycase/pkg/excel/excel.go:29.2,29.56 1 1
github.com/raghavkgarg/mycase/pkg/excel/excel.go:30.3,31.1 1 1
github.com/raghavkgarg/mycase/pkg/excel/excel.go:33.2,34.16 2 1
github.com/raghavkgarg/mycase/pkg/excel/excel.go:35.3,36.1 1 0
github.com/raghavkgarg/mycase/pkg/excel/excel.go:37.2,38.1 2 1
github.com/raghavkgarg/mycase/pkg/excel/excel.go:39.2,39.31 2 1
github.com/raghavkgarg/mycase/pkg/excel/excel.go:40.3,40.42 1 1
github.com/raghavkgarg/mycase/pkg/excel/excel.go:41.4,42.1 1 1
github.com/raghavkgarg/mycase/pkg/excel/excel.go:44.2,44.14 1 0
github.com/raghavkgarg/mycase/pkg/excel/excel.go:51.2,52.16 2 1
github.com/raghavkgarg/mycase/pkg/excel/excel.go:53.3,54.1 1 0
github.com/raghavkgarg/mycase/pkg/excel/excel.go:55.2,56.1 3 1
github.com/raghavkgarg/mycase/pkg/excel/excel.go:58.2,59.28 3 1
github.com/raghavkgarg/mycase/pkg/excel/excel.go:60.3,60.39 1 1
github.com/raghavkgarg/mycase/pkg/excel/excel.go:61.4,62.18 2 1
github.com/raghavkgarg/mycase/pkg/excel/excel.go:63.5,64.1 1 0
github.com/raghavkgarg/mycase/pkg/excel/excel.go:65.4,67.9 3 1
github.com/raghavkgarg/mycase/pkg/excel/excel.go:72.2,73.28 2 1
github.com/raghavkgarg/mycase/pkg/excel/excel.go:74.3,74.92 1 1
github.com/raghavkgarg/mycase/pkg/excel/excel.go:75.4,76.9 2 1
github.com/raghavkgarg/mycase/pkg/excel/excel.go:79.2,79.22 1 1
github.com/raghavkgarg/mycase/pkg/excel/excel.go:80.3,81.1 1 0
github.com/raghavkgarg/mycase/pkg/excel/excel.go:83.2,84.16 2 1
github.com/raghavkgarg/mycase/pkg/excel/excel.go:85.3,86.1 1 0
github.com/raghavkgarg/mycase/pkg/excel/excel.go:87.2,88.1 2 1
github.com/raghavkgarg/mycase/pkg/excel/excel.go:89.2,89.45 2 1
github.com/raghavkgarg/mycase/pkg/excel/excel.go:93.2,97.1 5 1
github.com/raghavkgarg/mycase/pkg/excel/excel.go:98.2,98.6 5 1
github.com/raghavkgarg/mycase/pkg/excel/excel.go:99.3,100.17 2 1
github.com/raghavkgarg/mycase/pkg/excel/excel.go:101.4,101.9 1 1
github.com/raghavkgarg/mycase/pkg/excel/excel.go:103.3,103.25 1 1
github.com/raghavkgarg/mycase/pkg/excel/excel.go:105.4,105.28 1 1
github.com/raghavkgarg/mycase/pkg/excel/excel.go:106.5,108.1 2 1
github.com/raghavkgarg/mycase/pkg/excel/excel.go:108.11,108.36 1 1
github.com/raghavkgarg/mycase/pkg/excel/excel.go:109.5,110.1 1 1
github.com/raghavkgarg/mycase/pkg/excel/excel.go:112.4,112.11 1 1
github.com/raghavkgarg/mycase/pkg/excel/excel.go:113.5,114.1 1 1
github.com/raghavkgarg/mycase/pkg/excel/excel.go:116.4,116.28 1 1
github.com/raghavkgarg/mycase/pkg/excel/excel.go:117.5,118.1 1 1
github.com/raghavkgarg/mycase/pkg/excel/excel.go:118.11,118.36 1 1
github.com/raghavkgarg/mycase/pkg/excel/excel.go:119.5,120.1 1 1
github.com/raghavkgarg/mycase/pkg/excel/excel.go:123.2,123.20 1 1
github.com/raghavkgarg/mycase/pkg/excel/excel.go:127.2,134.1 8 1
github.com/raghavkgarg/mycase/pkg/excel/excel.go:135.2,135.6 8 1
github.com/raghavkgarg/mycase/pkg/excel/excel.go:136.3,137.17 2 1
github.com/raghavkgarg/mycase/pkg/excel/excel.go:138.4,138.9 1 1
github.com/raghavkgarg/mycase/pkg/excel/excel.go:140.3,140.25 1 1
github.com/raghavkgarg/mycase/pkg/excel/excel.go:142.4,142.30 1 1
github.com/raghavkgarg/mycase/pkg/excel/excel.go:143.5,144.1 1 1
github.com/raghavkgarg/mycase/pkg/excel/excel.go:144.11,144.35 1 1
github.com/raghavkgarg/mycase/pkg/excel/excel.go:145.5,147.34 3 1
github.com/raghavkgarg/mycase/pkg/excel/excel.go:148.6,148.32 1 1
github.com/raghavkgarg/mycase/pkg/excel/excel.go:149.7,150.1 1 1
github.com/raghavkgarg/mycase/pkg/excel/excel.go:150.13,150.39 1 1
github.com/raghavkgarg/mycase/pkg/excel/excel.go:151.7,152.1 1 1
github.com/raghavkgarg/mycase/pkg/excel/excel.go:154.5,154.43 1 1
github.com/raghavkgarg/mycase/pkg/excel/excel.go:155.11,155.35 1 1
github.com/raghavkgarg/mycase/pkg/excel/excel.go:156.5,158.1 2 1
github.com/raghavkgarg/mycase/pkg/excel/excel.go:160.4,160.11 1 1
github.com/raghavkgarg/mycase/pkg/excel/excel.go:161.5,162.1 1 1
github.com/raghavkgarg/mycase/pkg/excel/excel.go:164.4,164.28 1 1
github.com/raghavkgarg/mycase/pkg/excel/excel.go:165.5,167.24 3 1
github.com/raghavkgarg/mycase/pkg/excel/excel.go:168.6,169.60 2 1
github.com/raghavkgarg/mycase/pkg/excel/excel.go:170.7,171.1 1 1
github.com/raghavkgarg/mycase/pkg/excel/excel.go:173.5,173.50 1 1
github.com/raghavkgarg/mycase/pkg/excel/excel.go:174.6,175.1 1 1
github.com/raghavkgarg/mycase/pkg/excel/excel.go:176.11,176.37 1 1
github.com/raghavkgarg/mycase/pkg/excel/excel.go:177.5,177.28 1 1
github.com/raghavkgarg/mycase/pkg/excel/excel.go:178.6,179.1 1 1
github.com/raghavkgarg/mycase/pkg/excel/excel.go:183.2,183.18 1 1
github.com/raghavkgarg/mycase/pkg/excel/excel.go:187.2,188.25 2 1
github.com/raghavkgarg/mycase/pkg/excel/excel.go:189.3,189.29 1 1
github.com/raghavkgarg/mycase/pkg/excel/excel.go:190.4,191.1 1 1
github.com/raghavkgarg/mycase/pkg/excel/excel.go:191.10,191.36 1 1
github.com/raghavkgarg/mycase/pkg/excel/excel.go:192.4,193.1 1 0
github.com/raghavkgarg/mycase/pkg/excel/excel.go:194.4,194.9 1 1
github.com/raghavkgarg/mycase/pkg/excel/excel.go:197.2,197.21 1 1
github.com/raghavkgarg/mycase/pkg/excel/excel.go:201.2,206.1 2 1
github.com/raghavkgarg/mycase/pkg/excel/excel.go:208.2,208.39 2 1
github.com/raghavkgarg/mycase/pkg/excel/excel.go:209.3,210.60 2 1
github.com/raghavkgarg/mycase/pkg/excel/excel.go:211.4,212.1 1 1
github.com/raghavkgarg/mycase/pkg/excel/excel.go:213.3,213.24 1 1
github.com/raghavkgarg/mycase/pkg/excel/excel.go:214.4,214.28 1 1
github.com/raghavkgarg/mycase/pkg/excel/excel.go:215.5,216.1 1 0
github.com/raghavkgarg/mycase/pkg/excel/excel.go:218.3,218.14 1 1
github.com/raghavkgarg/mycase/pkg/excel/excel.go:222.2,222.60 1 1
github.com/raghavkgarg/mycase/pkg/excel/excel.go:223.3,224.1 1 1
github.com/raghavkgarg/mycase/pkg/excel/excel.go:226.2,226.60 1 1
github.com/raghavkgarg/mycase/pkg/excel/excel.go:227.3,228.1 1 1
github.com/raghavkgarg/mycase/pkg/excel/excel.go:230.2,230.18 1 1
github.com/raghavkgarg/mycase/pkg/excel/excel.go:231.3,231.67 1 1
github.com/raghavkgarg/mycase/pkg/excel/excel.go:232.4,233.1 1 1
github.com/raghavkgarg/mycase/pkg/excel/excel.go:236.2,236.24 1 1
github.com/raghavkgarg/mycase/pkg/excel/excel.go:237.3,237.25 1 1
github.com/raghavkgarg/mycase/pkg/excel/excel.go:238.4,239.1 1 0
github.com/raghavkgarg/mycase/pkg/excel/excel.go:241.2,241.11 1 1
github.com/raghavkgarg/mycase/pkg/excel/excel.go:246.2,247.16 2 1
github.com/raghavkgarg/mycase/pkg/excel/excel.go:248.3,249.1 1 0
github.com/raghavkgarg/mycase/pkg/excel/excel.go:251.2,256.1 5 1
github.com/raghavkgarg/mycase/pkg/excel/excel.go:258.2,261.1 5 1
github.com/raghavkgarg/mycase/pkg/excel/excel.go:262.2,262.22 5 1
github.com/raghavkgarg/mycase/pkg/excel/excel.go:263.3,265.22 3 1
github.com/raghavkgarg/mycase/pkg/excel/excel.go:266.4,267.1 1 1
github.com/raghavkgarg/mycase/pkg/excel/excel.go:269.3,270.19 2 1
github.com/raghavkgarg/mycase/pkg/excel/excel.go:271.4,271.12 1 0
github.com/raghavkgarg/mycase/pkg/excel/excel.go:274.3,275.17 2 1
github.com/raghavkgarg/mycase/pkg/excel/excel.go:276.4,277.1 1 0
github.com/raghavkgarg/mycase/pkg/excel/excel.go:279.3,281.1 5 1
github.com/raghavkgarg/mycase/pkg/excel/excel.go:282.3,284.39 5 1
github.com/raghavkgarg/mycase/pkg/excel/excel.go:285.4,286.85 2 0
github.com/raghavkgarg/mycase/pkg/excel/excel.go:287.5,288.1 1 0
github.com/raghavkgarg/mycase/pkg/excel/excel.go:291.3,291.26 1 1
github.com/raghavkgarg/mycase/pkg/excel/excel.go:292.4,292.12 1 0
github.com/raghavkgarg/mycase/pkg/excel/excel.go:294.3,295.1 2 1
github.com/raghavkgarg/mycase/pkg/excel/excel.go:296.3,296.13 2 1
github.com/raghavkgarg/mycase/pkg/excel/excel.go:297.4,298.1 1 1
github.com/raghavkgarg/mycase/pkg/excel/excel.go:300.3,305.5 1 1
github.com/raghavkgarg/mycase/pkg/excel/excel.go:308.2,308.24 1 1
github.com/raghavkgarg/mycase/pkg/excel/excel.go:309.3,310.1 1 0
github.com/raghavkgarg/mycase/pkg/excel/excel.go:312.2,312.22 1 1
github.com/raghavkgarg/mycase/pkg/excel/excel.go:313.3,315.1 2 0
github.com/raghavkgarg/mycase/pkg/excel/excel.go:317.2,318.16 2 1
github.com/raghavkgarg/mycase/pkg/excel/excel.go:319.3,320.1 1 0
github.com/raghavkgarg/mycase/pkg/excel/excel.go:321.2,322.1 4 1
github.com/raghavkgarg/mycase/pkg/excel/excel.go:323.2,325.1 4 1
github.com/raghavkgarg/mycase/pkg/excel/excel.go:326.2,326.62 4 1
github.com/raghavkgarg/mycase/pkg/excel/excel.go:327.3,328.1 1 0
github.com/raghavkgarg/mycase/pkg/excel/excel.go:330.2,331.29 2 1
github.com/raghavkgarg/mycase/pkg/excel/excel.go:332.3,333.50 2 1
github.com/raghavkgarg/mycase/pkg/excel/excel.go:334.4,335.1 1 1
github.com/raghavkgarg/mycase/pkg/excel/excel.go:337.3,338.143 2 1
github.com/raghavkgarg/mycase/pkg/excel/excel.go:339.4,340.1 1 1
github.com/raghavkgarg/mycase/pkg/excel/excel.go:342.3,343.77 2 1
github.com/raghavkgarg/mycase/pkg/excel/excel.go:344.4,345.1 1 0
github.com/raghavkgarg/mycase/pkg/excel/excel.go:346.3,346.17 1 1
github.com/raghavkgarg/mycase/pkg/excel/excel.go:349.2,349.26 1 1
github.com/raghavkgarg/mycase/pkg/golden/analytics.go:15.2,15.19 1 1
github.com/raghavkgarg/mycase/pkg/golden/analytics.go:16.3,17.1 1 1
github.com/raghavkgarg/mycase/pkg/golden/analytics.go:18.2,19.15 2 1
github.com/raghavkgarg/mycase/pkg/golden/analytics.go:20.3,21.1 1 1
github.com/raghavkgarg/mycase/pkg/golden/analytics.go:21.9,21.23 1 1
github.com/raghavkgarg/mycase/pkg/golden/analytics.go:22.3,23.1 1 1
github.com/raghavkgarg/mycase/pkg/golden/analytics.go:23.9,23.23 1 1
github.com/raghavkgarg/mycase/pkg/golden/analytics.go:24.3,25.1 1 1
github.com/raghavkgarg/mycase/pkg/golden/analytics.go:26.3,27.16 2 1
github.com/raghavkgarg/mycase/pkg/golden/analytics.go:28.4,29.1 1 1
github.com/raghavkgarg/mycase/pkg/golden/analytics.go:30.3,30.15 1 1
github.com/raghavkgarg/mycase/pkg/golden/analytics.go:36.2,37.20 2 0
github.com/raghavkgarg/mycase/pkg/golden/analytics.go:38.3,39.1 1 0
github.com/raghavkgarg/mycase/pkg/golden/analytics.go:40.2,41.21 2 0
github.com/raghavkgarg/mycase/pkg/golden/analytics.go:42.3,43.1 1 0
github.com/raghavkgarg/mycase/pkg/golden/analytics.go:44.2,44.49 1 0
github.com/raghavkgarg/mycase/pkg/golden/analytics.go:49.2,50.22 2 1
github.com/raghavkgarg/mycase/pkg/golden/analytics.go:51.3,52.1 1 1
github.com/raghavkgarg/mycase/pkg/golden/analytics.go:53.2,54.24 2 1
github.com/raghavkgarg/mycase/pkg/golden/analytics.go:55.3,56.1 1 1
github.com/raghavkgarg/mycase/pkg/golden/analytics.go:58.2,58.83 1 1
github.com/raghavkgarg/mycase/pkg/golden/analytics.go:59.3,60.20 2 1
github.com/raghavkgarg/mycase/pkg/golden/analytics.go:61.4,62.1 1 1
github.com/raghavkgarg/mycase/pkg/golden/analytics.go:63.4,64.1 1 0
github.com/raghavkgarg/mycase/pkg/golden/analytics.go:65.9,65.48 1 1
github.com/raghavkgarg/mycase/pkg/golden/analytics.go:66.3,67.22 2 1
github.com/raghavkgarg/mycase/pkg/golden/analytics.go:68.4,69.1 1 1
github.com/raghavkgarg/mycase/pkg/golden/analytics.go:70.4,71.1 1 0
github.com/raghavkgarg/mycase/pkg/golden/analytics.go:72.9,72.66 1 1
github.com/raghavkgarg/mycase/pkg/golden/analytics.go:73.3,75.1 2 1
github.com/raghavkgarg/mycase/pkg/golden/analytics.go:75.9,75.68 1 0
github.com/raghavkgarg/mycase/pkg/golden/analytics.go:76.3,78.1 2 0
github.com/raghavkgarg/mycase/pkg/golden/analytics.go:79.3,81.1 2 0
github.com/raghavkgarg/mycase/pkg/golden/analytics.go:86.2,86.21 1 0
github.com/raghavkgarg/mycase/pkg/golden/analytics.go:87.3,88.1 1 0
github.com/raghavkgarg/mycase/pkg/golden/analytics.go:90.2,154.1 3 0
github.com/raghavkgarg/mycase/pkg/golden/analytics.go:155.2,156.16 3 0
github.com/raghavkgarg/mycase/pkg/golden/analytics.go:157.3,158.1 1 0
github.com/raghavkgarg/mycase/pkg/golden/analytics.go:159.2,160.1 6 0
github.com/raghavkgarg/mycase/pkg/golden/analytics.go:161.2,163.1 6 0
github.com/raghavkgarg/mycase/pkg/golden/analytics.go:164.2,166.1 6 0
github.com/raghavkgarg/mycase/pkg/golden/analytics.go:167.2,167.18 6 0
github.com/raghavkgarg/mycase/pkg/golden/analytics.go:168.3,172.1 6 0
github.com/raghavkgarg/mycase/pkg/golden/analytics.go:173.3,190.17 6 0
github.com/raghavkgarg/mycase/pkg/golden/analytics.go:191.4,192.1 1 0
github.com/raghavkgarg/mycase/pkg/golden/analytics.go:194.3,202.1 9 0
github.com/raghavkgarg/mycase/pkg/golden/analytics.go:203.3,203.48 9 0
github.com/raghavkgarg/mycase/pkg/golden/analytics.go:204.4,204.63 1 0
github.com/raghavkgarg/mycase/pkg/golden/analytics.go:205.5,206.1 1 0
github.com/raghavkgarg/mycase/pkg/golden/analytics.go:209.3,212.1 5 0
github.com/raghavkgarg/mycase/pkg/golden/analytics.go:213.3,214.25 5 0
github.com/raghavkgarg/mycase/pkg/golden/analytics.go:215.4,216.1 1 0
github.com/raghavkgarg/mycase/pkg/golden/analytics.go:219.2,219.30 1 0
github.com/raghavkgarg/mycase/pkg/golden/analytics.go:220.3,221.1 1 0
github.com/raghavkgarg/mycase/pkg/golden/analytics.go:224.2,224.22 1 0
github.com/raghavkgarg/mycase/pkg/golden/analytics.go:225.3,227.26 3 0
github.com/raghavkgarg/mycase/pkg/golden/analytics.go:228.4,229.1 1 0
github.com/raghavkgarg/mycase/pkg/golden/analytics.go:230.4,231.1 1 0
github.com/raghavkgarg/mycase/pkg/golden/analytics.go:234.2,235.1 2 0
github.com/raghavkgarg/mycase/pkg/golden/analytics.go:237.2,237.36 2 0
github.com/raghavkgarg/mycase/pkg/golden/analytics.go:238.3,238.19 1 0
github.com/raghavkgarg/mycase/pkg/golden/analytics.go:240.4,241.52 2 0
github.com/raghavkgarg/mycase/pkg/golden/analytics.go:243.4,245.51 3 0
github.com/raghavkgarg/mycase/pkg/golden/analytics.go:246.5,247.1 1 0
github.com/raghavkgarg/mycase/pkg/golden/analytics.go:249.4,250.60 2 0
github.com/raghavkgarg/mycase/pkg/golden/analytics.go:252.4,253.60 2 0
github.com/raghavkgarg/mycase/pkg/golden/analytics.go:255.4,255.32 1 0
github.com/raghavkgarg/mycase/pkg/golden/analytics.go:260.2,260.52 1 0
github.com/raghavkgarg/mycase/pkg/golden/analytics.go:261.3,262.1 1 0
github.com/raghavkgarg/mycase/pkg/golden/analytics.go:263.2,263.54 1 0
github.com/raghavkgarg/mycase/pkg/golden/analytics.go:264.3,265.1 1 0
github.com/raghavkgarg/mycase/pkg/golden/analytics.go:266.2,266.56 1 0
github.com/raghavkgarg/mycase/pkg/golden/analytics.go:267.3,268.1 1 0
github.com/raghavkgarg/mycase/pkg/golden/analytics.go:269.2,269.56 1 0
github.com/raghavkgarg/mycase/pkg/golden/analytics.go:270.3,271.1 1 0
github.com/raghavkgarg/mycase/pkg/golden/analytics.go:272.2,272.56 1 0
github.com/raghavkgarg/mycase/pkg/golden/analytics.go:273.3,273.93 1 0
github.com/raghavkgarg/mycase/pkg/golden/analytics.go:274.4,275.1 1 0
github.com/raghavkgarg/mycase/pkg/golden/analytics.go:276.3,276.91 1 0
github.com/raghavkgarg/mycase/pkg/golden/analytics.go:279.2,280.51 2 0
github.com/raghavkgarg/mycase/pkg/golden/analytics.go:281.3,282.1 1 0
github.com/raghavkgarg/mycase/pkg/golden/analytics.go:284.2,284.21 1 0
github.com/raghavkgarg/mycase/pkg/golden/render.go:21.2,21.22 1 0
github.com/raghavkgarg/mycase/pkg/golden/render.go:22.3,23.17 2 0
github.com/raghavkgarg/mycase/pkg/golden/render.go:24.4,25.1 1 0
github.com/raghavkgarg/mycase/pkg/golden/render.go:26.3,26.43 1 0
github.com/raghavkgarg/mycase/pkg/golden/render.go:28.2,31.16 4 0
github.com/raghavkgarg/mycase/pkg/golden/render.go:32.3,33.1 1 0
github.com/raghavkgarg/mycase/pkg/golden/render.go:34.2,35.1 2 0
github.com/raghavkgarg/mycase/pkg/golden/render.go:36.2,36.13 2 0
github.com/raghavkgarg/mycase/pkg/golden/render.go:37.3,38.1 1 0
github.com/raghavkgarg/mycase/pkg/golden/render.go:38.9,38.20 1 0
github.com/raghavkgarg/mycase/pkg/golden/render.go:39.3,40.1 1 0
github.com/raghavkgarg/mycase/pkg/golden/render.go:41.2,41.15 1 0
github.com/raghavkgarg/mycase/pkg/golden/render.go:45.2,45.16 1 0
github.com/raghavkgarg/mycase/pkg/golden/render.go:47.3,47.23 1 0
github.com/raghavkgarg/mycase/pkg/golden/render.go:49.3,49.21 1 0
github.com/raghavkgarg/mycase/pkg/golden/render.go:51.3,51.21 1 0
github.com/raghavkgarg/mycase/pkg/golden/render.go:53.3,53.21 1 0
github.com/raghavkgarg/mycase/pkg/golden/render.go:55.3,55.22 1 0
github.com/raghavkgarg/mycase/pkg/golden/render.go:57.3,57.16 1 0
github.com/raghavkgarg/mycase/pkg/golden/render.go:62.2,62.21 1 0
github.com/raghavkgarg/mycase/pkg/golden/render.go:63.3,64.1 1 0
github.com/raghavkgarg/mycase/pkg/golden/render.go:65.2,65.10 1 0
github.com/raghavkgarg/mycase/pkg/golden/render.go:70.2,72.1 17 0
github.com/raghavkgarg/mycase/pkg/golden/render.go:73.2,81.1 17 0
github.com/raghavkgarg/mycase/pkg/golden/render.go:83.2,93.1 17 0
github.com/raghavkgarg/mycase/pkg/golden/render.go:94.2,94.79 17 0
github.com/raghavkgarg/mycase/pkg/golden/render.go:95.3,96.21 2 0
github.com/raghavkgarg/mycase/pkg/golden/render.go:97.4,99.1 2 0
github.com/raghavkgarg/mycase/pkg/golden/render.go:101.3,103.1 5 0
github.com/raghavkgarg/mycase/pkg/golden/render.go:104.3,106.1 5 0
github.com/raghavkgarg/mycase/pkg/golden/render.go:107.3,107.26 5 0
github.com/raghavkgarg/mycase/pkg/golden/render.go:108.4,109.24 2 0
github.com/raghavkgarg/mycase/pkg/golden/render.go:110.5,111.1 1 0
github.com/raghavkgarg/mycase/pkg/golden/render.go:112.4,113.25 2 0
github.com/raghavkgarg/mycase/pkg/golden/render.go:114.5,115.1 1 0
github.com/raghavkgarg/mycase/pkg/golden/render.go:116.4,117.25 2 0
github.com/raghavkgarg/mycase/pkg/golden/render.go:118.5,119.1 1 0
github.com/raghavkgarg/mycase/pkg/golden/render.go:120.4,121.30 2 0
github.com/raghavkgarg/mycase/pkg/golden/render.go:122.5,123.1 1 0
github.com/raghavkgarg/mycase/pkg/golden/render.go:124.4,125.20 2 0
github.com/raghavkgarg/mycase/pkg/golden/render.go:126.5,127.1 1 0
github.com/raghavkgarg/mycase/pkg/golden/render.go:128.4,129.26 2 0
github.com/raghavkgarg/mycase/pkg/golden/render.go:130.5,131.1 1 0
github.com/raghavkgarg/mycase/pkg/golden/render.go:133.4,135.1 3 0
github.com/raghavkgarg/mycase/pkg/golden/render.go:136.4,148.5 3 0
github.com/raghavkgarg/mycase/pkg/golden/render.go:153.2,158.1 3 0
github.com/raghavkgarg/mycase/pkg/golden/render.go:160.2,161.23 3 0
github.com/raghavkgarg/mycase/pkg/golden/render.go:162.3,163.1 1 0
github.com/raghavkgarg/mycase/pkg/golden/render.go:164.2,169.1 3 0
github.com/raghavkgarg/mycase/pkg/golden/render.go:171.2,172.23 3 0
github.com/raghavkgarg/mycase/pkg/golden/render.go:173.3,174.1 1 0
github.com/raghavkgarg/mycase/pkg/golden/render.go:175.2,180.1 3 0
github.com/raghavkgarg/mycase/pkg/golden/render.go:182.2,183.23 3 0
github.com/raghavkgarg/mycase/pkg/golden/render.go:184.3,185.1 1 0
github.com/raghavkgarg/mycase/pkg/golden/render.go:186.2,191.1 7 0
github.com/raghavkgarg/mycase/pkg/golden/render.go:192.2,197.22 7 0
github.com/raghavkgarg/mycase/pkg/eod/eod.go:68.2,68.24 1 1
github.com/raghavkgarg/mycase/pkg/eod/eod.go:69.3,70.1 1 1
github.com/raghavkgarg/mycase/pkg/eod/eod.go:71.2,71.16 1 1
github.com/raghavkgarg/mycase/pkg/eod/eod.go:77.2,79.31 3 1
github.com/raghavkgarg/mycase/pkg/eod/eod.go:80.3,81.14 2 1
github.com/raghavkgarg/mycase/pkg/eod/eod.go:82.4,83.1 1 1
github.com/raghavkgarg/mycase/pkg/eod/eod.go:85.2,86.20 2 1
github.com/raghavkgarg/mycase/pkg/eod/eod.go:87.3,88.1 1 0
github.com/raghavkgarg/mycase/pkg/eod/eod.go:89.2,94.1 1 1
github.com/raghavkgarg/mycase/pkg/eod/eod.go:119.2,124.1 9 0
github.com/raghavkgarg/mycase/pkg/eod/eod.go:125.2,128.1 9 0
github.com/raghavkgarg/mycase/pkg/eod/eod.go:129.2,130.1 9 0
github.com/raghavkgarg/mycase/pkg/eod/eod.go:131.2,132.16 9 0
github.com/raghavkgarg/mycase/pkg/eod/eod.go:133.3,134.1 1 0
github.com/raghavkgarg/mycase/pkg/eod/eod.go:135.2,136.1 3 0
github.com/raghavkgarg/mycase/pkg/eod/eod.go:137.2,138.28 3 0
github.com/raghavkgarg/mycase/pkg/eod/eod.go:139.3,140.17 2 0
github.com/raghavkgarg/mycase/pkg/eod/eod.go:141.4,141.12 1 0
github.com/raghavkgarg/mycase/pkg/eod/eod.go:143.3,146.69 4 0
github.com/raghavkgarg/mycase/pkg/eod/eod.go:147.4,148.1 1 0
github.com/raghavkgarg/mycase/pkg/eod/eod.go:150.2,151.1 3 0
github.com/raghavkgarg/mycase/pkg/eod/eod.go:152.2,153.17 3 0
github.com/raghavkgarg/mycase/pkg/eod/eod.go:160.2,162.1 2 0
github.com/raghavkgarg/mycase/pkg/eod/eod.go:163.2,163.93 2 0
github.com/raghavkgarg/mycase/pkg/eod/eod.go:164.3,167.1 2 0
github.com/raghavkgarg/mycase/pkg/eod/eod.go:169.2,181.1 2 0
github.com/raghavkgarg/mycase/pkg/eod/eod.go:187.2,187.22 2 0
github.com/raghavkgarg/mycase/pkg/eod/eod.go:187.24,187.63 1 0
github.com/raghavkgarg/mycase/pkg/eod/eod.go:188.2,189.21 2 0
github.com/raghavkgarg/mycase/pkg/eod/eod.go:190.3,191.1 1 0
github.com/raghavkgarg/mycase/pkg/eod/eod.go:192.3,193.1 1 0
github.com/raghavkgarg/mycase/pkg/eod/eod.go:194.2,194.16 1 0
github.com/raghavkgarg/mycase/pkg/eod/eod.go:196.3,197.17 2 0
github.com/raghavkgarg/mycase/pkg/eod/eod.go:198.4,199.1 1 0
github.com/raghavkgarg/mycase/pkg/eod/eod.go:203.2,204.136 2 0
github.com/raghavkgarg/mycase/pkg/eod/eod.go:205.3,205.62 1 0
github.com/raghavkgarg/mycase/pkg/eod/eod.go:206.4,206.59 1 0
github.com/raghavkgarg/mycase/pkg/eod/eod.go:207.5,208.1 1 0
github.com/raghavkgarg/mycase/pkg/eod/eod.go:209.4,209.17 1 0
github.com/raghavkgarg/mycase/pkg/eod/eod.go:211.9,211.24 1 0
github.com/raghavkgarg/mycase/pkg/eod/eod.go:212.3,213.1 1 0
github.com/raghavkgarg/mycase/pkg/eod/eod.go:215.2,216.12 2 0
github.com/raghavkgarg/mycase/pkg/eod/eod.go:221.2,222.16 2 0
github.com/raghavkgarg/mycase/pkg/eod/eod.go:223.3,224.1 1 0
github.com/raghavkgarg/mycase/pkg/eod/eod.go:225.2,227.12 3 0
github.com/raghavkgarg/mycase/pkg/eod/eod.go:234.2,235.16 2 0
github.com/raghavkgarg/mycase/pkg/eod/eod.go:236.3,237.1 1 0
github.com/raghavkgarg/mycase/pkg/eod/eod.go:238.2,239.1 3 0
github.com/raghavkgarg/mycase/pkg/eod/eod.go:240.2,241.71 3 0
github.com/raghavkgarg/mycase/pkg/eod/eod.go:242.3,243.1 1 0
github.com/raghavkgarg/mycase/pkg/eod/eod.go:244.2,244.16 1 0
github.com/raghavkgarg/mycase/pkg/eod/eod.go:245.3,247.1 2 0
github.com/raghavkgarg/mycase/pkg/eod/eod.go:248.2,248.33 1 0
github.com/raghavkgarg/mycase/pkg/eod/eod.go:249.3,254.17 2 0
github.com/raghavkgarg/mycase/pkg/eod/eod.go:255.4,258.1 1 0
github.com/raghavkgarg/mycase/pkg/eod/eod.go:259.3,259.9 1 0
github.com/raghavkgarg/mycase/pkg/eod/eod.go:261.2,263.38 1 0
github.com/raghavkgarg/mycase/pkg/eod/eod.go:270.2,272.16 3 0
github.com/raghavkgarg/mycase/pkg/eod/eod.go:273.3,274.17 2 0
github.com/raghavkgarg/mycase/pkg/eod/eod.go:275.4,276.1 1 0
github.com/raghavkgarg/mycase/pkg/eod/eod.go:277.3,277.9 1 0
github.com/raghavkgarg/mycase/pkg/eod/eod.go:279.2,279.28 1 0
github.com/raghavkgarg/mycase/pkg/eod/eod.go:280.3,282.63 3 0
github.com/raghavkgarg/mycase/pkg/eod/eod.go:283.4,284.1 1 0
github.com/raghavkgarg/mycase/pkg/eod/eod.go:285.3,290.1 2 0
github.com/raghavkgarg/mycase/pkg/eod/eod.go:291.3,291.66 2 0
github.com/raghavkgarg/mycase/pkg/eod/eod.go:293.4,294.12 2 0
github.com/raghavkgarg/mycase/pkg/eod/eod.go:296.3,296.17 1 0
github.com/raghavkgarg/mycase/pkg/eod/eod.go:297.4,298.1 1 0
github.com/raghavkgarg/mycase/pkg/eod/eod.go:299.3,304.63 4 0
github.com/raghavkgarg/mycase/pkg/eod/eod.go:313.2,314.16 2 0
github.com/raghavkgarg/mycase/pkg/eod/eod.go:315.3,316.1 1 0
github.com/raghavkgarg/mycase/pkg/eod/eod.go:317.2,317.48 1 0
github.com/raghavkgarg/mycase/pkg/eod/eod.go:318.3,319.1 1 0
github.com/raghavkgarg/mycase/pkg/eod/eod.go:320.2,321.18 2 0
github.com/raghavkgarg/mycase/pkg/eod/eod.go:322.3,324.1 2 0
github.com/raghavkgarg/mycase/pkg/eod/eod.go:325.2,326.73 2 0
github.com/raghavkgarg/mycase/pkg/eod/eod.go:327.3,328.1 1 0
github.com/raghavkgarg/mycase/pkg/eod/eod.go:329.3,330.1 1 0
github.com/raghavkgarg/mycase/pkg/eod/eod.go:331.2,331.12 1 0
github.com/raghavkgarg/mycase/pkg/eod/eod.go:342.2,343.20 2 1
github.com/raghavkgarg/mycase/pkg/eod/eod.go:344.3,345.1 1 0
github.com/raghavkgarg/mycase/pkg/eod/eod.go:346.2,348.1 4 1
github.com/raghavkgarg/mycase/pkg/eod/eod.go:349.2,350.12 4 1
github.com/raghavkgarg/mycase/pkg/eod/eod.go:351.3,354.17 4 1
github.com/raghavkgarg/mycase/pkg/eod/eod.go:355.4,356.18 2 1
github.com/raghavkgarg/mycase/pkg/eod/eod.go:357.5,357.13 1 0
github.com/raghavkgarg/mycase/pkg/eod/eod.go:359.4,359.59 1 1
github.com/raghavkgarg/mycase/pkg/eod/eod.go:361.3,361.32 1 1
github.com/raghavkgarg/mycase/pkg/eod/eod.go:364.2,365.1 6 1
github.com/raghavkgarg/mycase/pkg/eod/eod.go:366.2,370.15 6 1
github.com/raghavkgarg/mycase/pkg/kiteauth/autologin.go:36.2,36.41 1 0
github.com/raghavkgarg/mycase/pkg/kiteauth/autologin.go:37.3,38.1 1 0
github.com/raghavkgarg/mycase/pkg/kiteauth/autologin.go:39.2,39.62 1 0
github.com/raghavkgarg/mycase/pkg/kiteauth/autologin.go:40.3,41.1 1 0
github.com/raghavkgarg/mycase/pkg/kiteauth/autologin.go:43.2,44.16 2 0
github.com/raghavkgarg/mycase/pkg/kiteauth/autologin.go:45.3,46.1 1 0
github.com/raghavkgarg/mycase/pkg/kiteauth/autologin.go:48.2,49.22 2 0
github.com/raghavkgarg/mycase/pkg/kiteauth/autologin.go:50.3,50.50 1 0
github.com/raghavkgarg/mycase/pkg/kiteauth/autologin.go:51.4,52.1 1 0
github.com/raghavkgarg/mycase/pkg/kiteauth/autologin.go:55.2,60.69 2 0
github.com/raghavkgarg/mycase/pkg/kiteauth/autologin.go:62.4,62.66 1 0
github.com/raghavkgarg/mycase/pkg/kiteauth/autologin.go:63.5,64.1 2 0
github.com/raghavkgarg/mycase/pkg/kiteauth/autologin.go:65.5,66.1 2 0
github.com/raghavkgarg/mycase/pkg/kiteauth/autologin.go:67.4,67.22 1 0
github.com/raghavkgarg/mycase/pkg/kiteauth/autologin.go:68.5,69.1 1 0
github.com/raghavkgarg/mycase/pkg/kiteauth/autologin.go:70.4,70.14 1 0
github.com/raghavkgarg/mycase/pkg/kiteauth/autologin.go:75.2,77.16 3 0
github.com/raghavkgarg/mycase/pkg/kiteauth/autologin.go:78.3,79.1 1 0
github.com/raghavkgarg/mycase/pkg/kiteauth/autologin.go:80.2,81.16 2 0
github.com/raghavkgarg/mycase/pkg/kiteauth/autologin.go:82.3,83.1 1 0
github.com/raghavkgarg/mycase/pkg/kiteauth/autologin.go:84.2,85.1 4 0
github.com/raghavkgarg/mycase/pkg/kiteauth/autologin.go:87.2,90.1 4 0
github.com/raghavkgarg/mycase/pkg/kiteauth/autologin.go:91.2,92.16 4 0
github.com/raghavkgarg/mycase/pkg/kiteauth/autologin.go:93.3,94.1 1 0
github.com/raghavkgarg/mycase/pkg/kiteauth/autologin.go:95.2,96.1 3 0
github.com/raghavkgarg/mycase/pkg/kiteauth/autologin.go:97.2,98.16 3 0
github.com/raghavkgarg/mycase/pkg/kiteauth/autologin.go:99.3,100.1 1 0
github.com/raghavkgarg/mycase/pkg/kiteauth/autologin.go:101.2,102.1 3 0
github.com/raghavkgarg/mycase/pkg/kiteauth/autologin.go:103.2,104.75 3 0
github.com/raghavkgarg/mycase/pkg/kiteauth/autologin.go:105.3,106.1 1 0
github.com/raghavkgarg/mycase/pkg/kiteauth/autologin.go:107.2,107.35 1 0
github.com/raghavkgarg/mycase/pkg/kiteauth/autologin.go:108.3,109.16 2 0
github.com/raghavkgarg/mycase/pkg/kiteauth/autologin.go:110.4,111.1 1 0
github.com/raghavkgarg/mycase/pkg/kiteauth/autologin.go:112.3,112.49 1 0
github.com/raghavkgarg/mycase/pkg/kiteauth/autologin.go:115.2,116.21 2 0
github.com/raghavkgarg/mycase/pkg/kiteauth/autologin.go:117.3,118.1 1 0
github.com/raghavkgarg/mycase/pkg/kiteauth/autologin.go:121.2,122.16 2 0
github.com/raghavkgarg/mycase/pkg/kiteauth/autologin.go:123.3,124.1 1 0
github.com/raghavkgarg/mycase/pkg/kiteauth/autologin.go:126.2,127.67 2 0
github.com/raghavkgarg/mycase/pkg/kiteauth/autologin.go:128.3,129.1 1 0
github.com/raghavkgarg/mycase/pkg/kiteauth/autologin.go:132.2,137.1 3 0
github.com/raghavkgarg/mycase/pkg/kiteauth/autologin.go:138.2,139.16 3 0
github.com/raghavkgarg/mycase/pkg/kiteauth/autologin.go:140.3,141.1 1 0
github.com/raghavkgarg/mycase/pkg/kiteauth/autologin.go:142.2,143.1 3 0
github.com/raghavkgarg/mycase/pkg/kiteauth/autologin.go:144.2,145.16 3 0
github.com/raghavkgarg/mycase/pkg/kiteauth/autologin.go:146.3,147.1 1 0
github.com/raghavkgarg/mycase/pkg/kiteauth/autologin.go:148.2,149.1 3 0
github.com/raghavkgarg/mycase/pkg/kiteauth/autologin.go:150.2,151.75 3 0
github.com/raghavkgarg/mycase/pkg/kiteauth/autologin.go:152.3,153.1 1 0
github.com/raghavkgarg/mycase/pkg/kiteauth/autologin.go:154.2,154.35 1 0
github.com/raghavkgarg/mycase/pkg/kiteauth/autologin.go:155.3,156.16 2 0
github.com/raghavkgarg/mycase/pkg/kiteauth/autologin.go:157.4,158.1 1 0
github.com/raghavkgarg/mycase/pkg/kiteauth/autologin.go:159.3,159.58 1 0
github.com/raghavkgarg/mycase/pkg/kiteauth/autologin.go:163.2,165.16 3 0
github.com/raghavkgarg/mycase/pkg/kiteauth/autologin.go:166.3,167.1 1 0
github.com/raghavkgarg/mycase/pkg/kiteauth/autologin.go:169.2,170.60 2 0
github.com/raghavkgarg/mycase/pkg/kiteauth/autologin.go:171.3,172.1 1 0
github.com/raghavkgarg/mycase/pkg/kiteauth/autologin.go:173.2,173.22 1 0
github.com/raghavkgarg/mycase/pkg/kiteauth/autologin.go:174.3,175.1 2 0
github.com/raghavkgarg/mycase/pkg/kiteauth/autologin.go:177.3,177.26 2 0
github.com/raghavkgarg/mycase/pkg/kiteauth/autologin.go:178.4,178.58 1 0
github.com/raghavkgarg/mycase/pkg/kiteauth/autologin.go:179.5,179.53 1 0
github.com/raghavkgarg/mycase/pkg/kiteauth/autologin.go:180.6,181.1 1 0
github.com/raghavkgarg/mycase/pkg/kiteauth/autologin.go:184.3,184.86 1 0
github.com/raghavkgarg/mycase/pkg/kiteauth/autologin.go:185.4,186.1 1 0
github.com/raghavkgarg/mycase/pkg/kiteauth/autologin.go:189.2,189.25 1 0
github.com/raghavkgarg/mycase/pkg/kiteauth/autologin.go:190.3,191.1 1 0
github.com/raghavkgarg/mycase/pkg/kiteauth/autologin.go:194.2,195.22 2 0
github.com/raghavkgarg/mycase/pkg/kiteauth/autologin.go:196.3,196.57 1 0
github.com/raghavkgarg/mycase/pkg/kiteauth/autologin.go:197.4,203.1 1 0
github.com/raghavkgarg/mycase/pkg/kiteauth/autologin.go:206.2,207.16 2 0
github.com/raghavkgarg/mycase/pkg/kiteauth/autologin.go:208.3,209.1 1 0
github.com/raghavkgarg/mycase/pkg/kiteauth/autologin.go:211.2,211.33 1 0
github.com/raghavkgarg/mycase/pkg/kiteauth/totp.go:16.2,17.1 1 1
github.com/raghavkgarg/mycase/pkg/kiteauth/totp.go:21.2,23.16 3 1
github.com/raghavkgarg/mycase/pkg/kiteauth/totp.go:25.3,26.17 2 0
github.com/raghavkgarg/mycase/pkg/kiteauth/totp.go:27.4,28.1 1 0
github.com/raghavkgarg/mycase/pkg/kiteauth/totp.go:31.2,34.1 10 1
github.com/raghavkgarg/mycase/pkg/kiteauth/totp.go:35.2,38.1 10 1
github.com/raghavkgarg/mycase/pkg/kiteauth/totp.go:39.2,42.1 10 1
github.com/raghavkgarg/mycase/pkg/kiteauth/totp.go:43.2,43.38 10 1
github.com/raghavkgarg/mycase/pkg/executor/executor.go:42.2,44.44 3 1
github.com/raghavkgarg/mycase/pkg/executor/executor.go:45.3,46.17 2 1
github.com/raghavkgarg/mycase/pkg/executor/executor.go:47.4,48.1 1 1
github.com/raghavkgarg/mycase/pkg/executor/executor.go:49.3,49.18 1 0
github.com/raghavkgarg/mycase/pkg/executor/executor.go:50.4,51.1 1 0
github.com/raghavkgarg/mycase/pkg/executor/executor.go:53.2,53.20 1 0
github.com/raghavkgarg/mycase/pkg/executor/executor.go:57.2,59.44 3 0
github.com/raghavkgarg/mycase/pkg/executor/executor.go:60.3,61.17 2 0
github.com/raghavkgarg/mycase/pkg/executor/executor.go:62.4,63.1 1 0
github.com/raghavkgarg/mycase/pkg/executor/executor.go:64.3,64.18 1 0
github.com/raghavkgarg/mycase/pkg/executor/executor.go:65.4,66.1 1 0
github.com/raghavkgarg/mycase/pkg/executor/executor.go:68.2,68.20 1 0
github.com/raghavkgarg/mycase/pkg/executor/executor.go:84.2,85.28 2 0
github.com/raghavkgarg/mycase/pkg/executor/executor.go:86.3,88.1 2 0
github.com/raghavkgarg/mycase/pkg/executor/executor.go:90.2,90.21 1 0
github.com/raghavkgarg/mycase/pkg/executor/executor.go:91.3,92.1 1 0
github.com/raghavkgarg/mycase/pkg/executor/executor.go:94.2,94.19 1 0
github.com/raghavkgarg/mycase/pkg/executor/executor.go:95.3,95.18 1 0
github.com/raghavkgarg/mycase/pkg/executor/executor.go:96.4,98.18 3 0
github.com/raghavkgarg/mycase/pkg/executor/executor.go:99.5,100.1 1 0
github.com/raghavkgarg/mycase/pkg/executor/executor.go:101.4,101.18 1 0
github.com/raghavkgarg/mycase/pkg/executor/executor.go:102.5,103.1 1 0
github.com/raghavkgarg/mycase/pkg/executor/executor.go:104.4,104.32 1 0
github.com/raghavkgarg/mycase/pkg/executor/executor.go:105.5,106.1 1 0
github.com/raghavkgarg/mycase/pkg/executor/executor.go:107.4,108.59 2 0
github.com/raghavkgarg/mycase/pkg/executor/executor.go:110.3,112.62 3 0
github.com/raghavkgarg/mycase/pkg/executor/executor.go:113.4,115.1 2 0
github.com/raghavkgarg/mycase/pkg/executor/executor.go:118.2,121.1 4 0
github.com/raghavkgarg/mycase/pkg/executor/executor.go:122.2,122.37 4 0
github.com/raghavkgarg/mycase/pkg/executor/executor.go:123.3,129.39 7 0
github.com/raghavkgarg/mycase/pkg/executor/executor.go:131.4,132.54 2 0
github.com/raghavkgarg/mycase/pkg/executor/executor.go:134.4,134.42 1 0
github.com/raghavkgarg/mycase/pkg/executor/executor.go:136.4,137.53 2 0
github.com/raghavkgarg/mycase/pkg/executor/executor.go:141.2,142.1 2 0
github.com/raghavkgarg/mycase/pkg/executor/executor.go:143.2,143.16 2 0
github.com/raghavkgarg/mycase/pkg/executor/executor.go:144.3,145.12 2 0
github.com/raghavkgarg/mycase/pkg/executor/executor.go:146.4,147.1 1 0
github.com/raghavkgarg/mycase/pkg/executor/executor.go:147.10,147.35 1 0
github.com/raghavkgarg/mycase/pkg/executor/executor.go:148.4,149.1 1 0
github.com/raghavkgarg/mycase/pkg/executor/executor.go:150.3,153.9 4 0
github.com/raghavkgarg/mycase/pkg/executor/executor.go:156.2,159.16 4 0
github.com/raghavkgarg/mycase/pkg/executor/executor.go:160.3,161.1 1 0
github.com/raghavkgarg/mycase/pkg/executor/executor.go:164.2,164.53 1 0
github.com/raghavkgarg/mycase/pkg/executor/executor.go:165.3,165.127 1 0
github.com/raghavkgarg/mycase/pkg/executor/executor.go:166.4,167.1 1 0
github.com/raghavkgarg/mycase/pkg/executor/executor.go:168.3,168.15 1 0
github.com/raghavkgarg/mycase/pkg/executor/executor.go:171.2,174.1 4 0
github.com/raghavkgarg/mycase/pkg/executor/executor.go:175.2,175.37 4 0
github.com/raghavkgarg/mycase/pkg/executor/executor.go:176.3,176.12 1 0
github.com/raghavkgarg/mycase/pkg/executor/executor.go:177.4,178.1 1 0
github.com/raghavkgarg/mycase/pkg/executor/executor.go:179.3,180.15 2 0
github.com/raghavkgarg/mycase/pkg/executor/executor.go:181.4,182.1 1 0
github.com/raghavkgarg/mycase/pkg/executor/executor.go:183.3,184.1 2 0
github.com/raghavkgarg/mycase/pkg/executor/executor.go:185.3,185.12 2 0
github.com/raghavkgarg/mycase/pkg/executor/executor.go:186.4,191.1 7 0
github.com/raghavkgarg/mycase/pkg/executor/executor.go:192.4,193.18 7 0
github.com/raghavkgarg/mycase/pkg/executor/executor.go:194.5,208.1 4 0
github.com/raghavkgarg/mycase/pkg/executor/executor.go:209.5,213.1 3 0
github.com/raghavkgarg/mycase/pkg/executor/executor.go:215.4,219.1 6 0
github.com/raghavkgarg/mycase/pkg/executor/executor.go:220.4,221.18 6 0
github.com/raghavkgarg/mycase/pkg/executor/executor.go:222.5,236.1 4 0
github.com/raghavkgarg/mycase/pkg/executor/executor.go:237.5,241.1 3 0
github.com/raghavkgarg/mycase/pkg/executor/executor.go:246.2,246.27 1 0
github.com/raghavkgarg/mycase/pkg/executor/executor.go:247.3,248.1 1 0
github.com/raghavkgarg/mycase/pkg/executor/executor.go:251.2,251.26 1 0
github.com/raghavkgarg/mycase/pkg/executor/executor.go:252.3,253.1 2 0
github.com/raghavkgarg/mycase/pkg/executor/executor.go:255.3,255.20 2 0
github.com/raghavkgarg/mycase/pkg/executor/executor.go:256.4,258.61 3 0
github.com/raghavkgarg/mycase/pkg/executor/executor.go:259.5,260.1 1 0
github.com/raghavkgarg/mycase/pkg/executor/executor.go:266.2,266.51 1 1
github.com/raghavkgarg/mycase/pkg/executor/executor.go:267.3,269.1 2 0
github.com/raghavkgarg/mycase/pkg/executor/executor.go:270.2,272.70 3 1
github.com/raghavkgarg/mycase/pkg/executor/executor.go:273.3,274.1 1 0
github.com/raghavkgarg/mycase/pkg/executor/executor.go:275.3,276.1 1 1
github.com/raghavkgarg/mycase/pkg/executor/executor.go:280.2,280.51 1 1
github.com/raghavkgarg/mycase/pkg/executor/executor.go:281.3,283.1 2 0
github.com/raghavkgarg/mycase/pkg/executor/executor.go:285.2,288.1 7 1
github.com/raghavkgarg/mycase/pkg/executor/executor.go:289.2,293.1 7 1
github.com/raghavkgarg/mycase/pkg/executor/executor.go:294.2,295.16 7 1
github.com/raghavkgarg/mycase/pkg/executor/executor.go:296.3,297.1 1 1
github.com/raghavkgarg/mycase/pkg/executor/executor.go:299.2,300.21 2 1
github.com/raghavkgarg/mycase/pkg/executor/executor.go:305.2,306.16 2 1
github.com/raghavkgarg/mycase/pkg/executor/executor.go:307.3,308.1 1 0
github.com/raghavkgarg/mycase/pkg/executor/executor.go:309.2,310.28 2 1
github.com/raghavkgarg/mycase/pkg/executor/executor.go:311.3,311.98 1 1
github.com/raghavkgarg/mycase/pkg/executor/executor.go:312.4,313.1 1 1
github.com/raghavkgarg/mycase/pkg/executor/executor.go:315.2,315.25 1 1
github.com/raghavkgarg/mycase/pkg/executor/executor.go:316.3,317.1 1 0
github.com/raghavkgarg/mycase/pkg/executor/executor.go:318.2,319.41 2 1
github.com/raghavkgarg/mycase/pkg/executor/executor.go:324.2,324.20 1 1
github.com/raghavkgarg/mycase/pkg/executor/executor.go:325.3,327.17 3 0
github.com/raghavkgarg/mycase/pkg/executor/executor.go:328.4,330.1 2 0
github.com/raghavkgarg/mycase/pkg/executor/executor.go:333.2,334.16 2 1
github.com/raghavkgarg/mycase/pkg/executor/executor.go:335.3,337.1 2 0
github.com/raghavkgarg/mycase/pkg/executor/executor.go:339.2,340.55 2 1
github.com/raghavkgarg/mycase/pkg/executor/executor.go:341.3,343.1 2 0
github.com/raghavkgarg/mycase/pkg/executor/executor.go:345.2,345.36 1 1
github.com/raghavkgarg/mycase/pkg/executor/executor.go:346.3,349.1 3 0
github.com/raghavkgarg/mycase/pkg/executor/executor.go:351.2,352.1 3 1
github.com/raghavkgarg/mycase/pkg/executor/executor.go:354.2,355.42 3 1
github.com/raghavkgarg/mycase/pkg/executor/executor.go:356.3,357.21 2 1
github.com/raghavkgarg/mycase/pkg/executor/executor.go:358.4,359.1 1 0
github.com/raghavkgarg/mycase/pkg/executor/executor.go:360.3,360.59 1 1
github.com/raghavkgarg/mycase/pkg/executor/executor.go:363.2,364.29 2 1
github.com/raghavkgarg/mycase/pkg/executor/executor.go:365.3,365.56 1 0
github.com/raghavkgarg/mycase/pkg/executor/executor.go:366.4,367.1 1 0
github.com/raghavkgarg/mycase/pkg/executor/executor.go:369.2,369.24 1 1
github.com/raghavkgarg/mycase/pkg/executor/executor.go:370.3,371.1 3 1
github.com/raghavkgarg/mycase/pkg/executor/executor.go:375.3,376.67 3 1
github.com/raghavkgarg/mycase/pkg/executor/executor.go:377.4,378.1 1 1
github.com/raghavkgarg/mycase/pkg/executor/executor.go:381.2,383.16 3 1
github.com/raghavkgarg/mycase/pkg/executor/executor.go:384.3,385.1 1 0
github.com/raghavkgarg/mycase/pkg/executor/executor.go:387.2,387.61 1 1
github.com/raghavkgarg/mycase/pkg/executor/executor.go:388.3,388.143 1 0
github.com/raghavkgarg/mycase/pkg/executor/executor.go:389.4,390.1 1 0
github.com/raghavkgarg/mycase/pkg/executor/executor.go:391.3,391.15 1 0
github.com/raghavkgarg/mycase/pkg/executor/executor.go:394.2,396.1 3 1
github.com/raghavkgarg/mycase/pkg/executor/executor.go:397.2,397.45 3 1
github.com/raghavkgarg/mycase/pkg/executor/executor.go:398.3,398.12 1 1
github.com/raghavkgarg/mycase/pkg/executor/executor.go:399.4,400.1 1 0
github.com/raghavkgarg/mycase/pkg/executor/executor.go:402.3,403.21 2 1
github.com/raghavkgarg/mycase/pkg/executor/executor.go:404.4,405.1 1 0
github.com/raghavkgarg/mycase/pkg/executor/executor.go:406.3,408.15 3 1
github.com/raghavkgarg/mycase/pkg/executor/executor.go:409.4,410.1 1 0
github.com/raghavkgarg/mycase/pkg/executor/executor.go:411.3,412.1 3 1
github.com/raghavkgarg/mycase/pkg/executor/executor.go:413.3,420.1 3 1
github.com/raghavkgarg/mycase/pkg/executor/executor.go:422.3,422.18 3 1
github.com/raghavkgarg/mycase/pkg/executor/executor.go:423.4,427.1 6 0
github.com/raghavkgarg/mycase/pkg/executor/executor.go:428.4,429.19 6 0
github.com/raghavkgarg/mycase/pkg/executor/executor.go:430.5,433.1 3 0
github.com/raghavkgarg/mycase/pkg/executor/executor.go:434.5,438.1 3 0
github.com/raghavkgarg/mycase/pkg/executor/executor.go:440.4,443.1 5 1
github.com/raghavkgarg/mycase/pkg/executor/executor.go:444.4,445.21 5 1
github.com/raghavkgarg/mycase/pkg/executor/executor.go:446.5,447.1 1 1
github.com/raghavkgarg/mycase/pkg/executor/executor.go:449.4,450.19 2 1
github.com/raghavkgarg/mycase/pkg/executor/executor.go:451.5,454.1 3 0
github.com/raghavkgarg/mycase/pkg/executor/executor.go:455.5,459.1 3 1
github.com/raghavkgarg/mycase/pkg/executor/executor.go:463.2,464.1 2 1
github.com/raghavkgarg/mycase/pkg/executor/executor.go:465.2,465.27 2 1
github.com/raghavkgarg/mycase/pkg/executor/executor.go:466.3,467.1 1 1
github.com/raghavkgarg/mycase/pkg/executor/executor.go:469.2,469.31 1 1
github.com/raghavkgarg/mycase/pkg/executor/executor.go:471.3,473.1 2 1
github.com/raghavkgarg/mycase/pkg/executor/executor.go:475.3,480.1 5 0
github.com/raghavkgarg/mycase/pkg/logging/context.go:22.2,23.1 1 1
github.com/raghavkgarg/mycase/pkg/logging/context.go:27.2,27.16 1 1
github.com/raghavkgarg/mycase/pkg/logging/context.go:28.3,29.1 1 1
github.com/raghavkgarg/mycase/pkg/logging/context.go:30.2,30.47 1 1
github.com/raghavkgarg/mycase/pkg/logging/context.go:31.3,32.1 1 1
github.com/raghavkgarg/mycase/pkg/logging/context.go:33.2,33.11 1 1
github.com/raghavkgarg/mycase/pkg/logging/context.go:39.2,39.19 1 1
github.com/raghavkgarg/mycase/pkg/logging/context.go:40.3,41.1 1 1
github.com/raghavkgarg/mycase/pkg/logging/context.go:42.2,42.67 1 1
github.com/raghavkgarg/mycase/pkg/logging/context.go:47.2,48.1 1 1
github.com/raghavkgarg/mycase/pkg/logging/context.go:53.2,54.17 2 1
github.com/raghavkgarg/mycase/pkg/logging/context.go:55.3,56.1 1 1
github.com/raghavkgarg/mycase/pkg/logging/context.go:57.2,57.37 1 1
github.com/raghavkgarg/mycase/pkg/logging/helpers.go:18.2,19.16 2 1
github.com/raghavkgarg/mycase/pkg/logging/helpers.go:20.3,23.1 3 1
github.com/raghavkgarg/mycase/pkg/logging/helpers.go:28.2,30.1 1 1
github.com/raghavkgarg/mycase/pkg/logging/helpers.go:35.2,36.9 2 1
github.com/raghavkgarg/mycase/pkg/logging/helpers.go:38.3,38.26 1 1
github.com/raghavkgarg/mycase/pkg/logging/helpers.go:40.3,40.25 1 1
github.com/raghavkgarg/mycase/pkg/logging/helpers.go:42.2,48.10 1 1
github.com/raghavkgarg/mycase/pkg/logging/helpers.go:53.2,60.1 1 1
github.com/raghavkgarg/mycase/pkg/logging/helpers.go:64.2,64.32 1 1
github.com/raghavkgarg/mycase/pkg/logging/helpers.go:65.3,66.1 1 1
github.com/raghavkgarg/mycase/pkg/logging/helpers.go:67.2,67.13 1 0
github.com/raghavkgarg/mycase/pkg/logging/helpers.go:73.2,74.38 2 1
github.com/raghavkgarg/mycase/pkg/logging/helpers.go:75.3,77.1 2 1
github.com/raghavkgarg/mycase/pkg/logging/helpers.go:78.2,78.14 1 1
github.com/raghavkgarg/mycase/pkg/logging/helpers.go:84.2,85.21 2 1
github.com/raghavkgarg/mycase/pkg/logging/helpers.go:86.3,87.1 1 1
github.com/raghavkgarg/mycase/pkg/logging/helpers.go:88.2,88.57 1 1
github.com/raghavkgarg/mycase/pkg/logging/helpers.go:89.3,90.1 1 1
github.com/raghavkgarg/mycase/pkg/logging/helpers.go:91.2,91.28 1 1
github.com/raghavkgarg/mycase/pkg/logging/logging.go:49.2,49.31 1 1
github.com/raghavkgarg/mycase/pkg/logging/logging.go:50.3,51.1 1 1
github.com/raghavkgarg/mycase/pkg/logging/logging.go:52.2,53.20 2 1
github.com/raghavkgarg/mycase/pkg/logging/logging.go:58.2,58.47 1 1
github.com/raghavkgarg/mycase/pkg/logging/logging.go:60.3,60.25 1 1
github.com/raghavkgarg/mycase/pkg/logging/logging.go:62.3,62.24 1 1
github.com/raghavkgarg/mycase/pkg/logging/logging.go:64.3,64.25 1 1
github.com/raghavkgarg/mycase/pkg/logging/logging.go:66.3,66.24 1 1
github.com/raghavkgarg/mycase/pkg/logging/logging.go:68.3,68.24 1 1
github.com/raghavkgarg/mycase/pkg/logging/logging.go:75.2,77.1 2 1
github.com/raghavkgarg/mycase/pkg/logging/logging.go:84.2,84.19 1 1
github.com/raghavkgarg/mycase/pkg/logging/logging.go:85.3,86.1 1 1
github.com/raghavkgarg/mycase/pkg/logging/logging.go:87.2,89.1 3 1
github.com/raghavkgarg/mycase/pkg/logging/logging.go:91.2,91.15 3 1
github.com/raghavkgarg/mycase/pkg/logging/logging.go:92.3,92.16 1 1
github.com/raghavkgarg/mycase/pkg/logging/logging.go:94.4,95.1 1 1
github.com/raghavkgarg/mycase/pkg/logging/logging.go:96.3,96.73 1 1
github.com/raghavkgarg/mycase/pkg/logging/logging.go:99.2,99.52 1 1
github.com/raghavkgarg/mycase/pkg/logging/logging.go:101.3,102.1 1 1
github.com/raghavkgarg/mycase/pkg/logging/logging.go:104.2,107.16 4 1
github.com/raghavkgarg/mycase/pkg/logging/logging.go:108.3,109.1 1 0
github.com/raghavkgarg/mycase/pkg/logging/logging.go:111.2,113.16 3 1
github.com/raghavkgarg/mycase/pkg/logging/logging.go:114.3,117.1 1 0
github.com/raghavkgarg/mycase/pkg/logging/logging.go:119.2,119.55 1 1
github.com/raghavkgarg/mycase/pkg/logging/logging.go:125.2,127.56 1 1
github.com/raghavkgarg/mycase/pkg/logging/logging.go:128.4,128.64 1 1
github.com/raghavkgarg/mycase/pkg/logging/logging.go:129.5,130.1 1 1
github.com/raghavkgarg/mycase/pkg/logging/logging.go:131.4,131.12 1 1
github.com/raghavkgarg/mycase/pkg/logging/logging.go:139.2,139.15 1 1
github.com/raghavkgarg/mycase/pkg/logging/logging.go:140.3,141.1 1 0
github.com/raghavkgarg/mycase/pkg/logging/logging.go:142.2,142.21 1 1
github.com/raghavkgarg/mycase/pkg/logging/logging.go:143.3,144.1 1 0
github.com/raghavkgarg/mycase/pkg/logging/logging.go:145.2,147.16 3 1
github.com/raghavkgarg/mycase/pkg/logging/logging.go:148.3,149.1 1 1
github.com/raghavkgarg/mycase/pkg/logging/logging.go:150.2,150.28 1 1
github.com/raghavkgarg/mycase/pkg/logging/logging.go:151.3,151.16 1 1
github.com/raghavkgarg/mycase/pkg/logging/logging.go:152.4,152.12 1 0
github.com/raghavkgarg/mycase/pkg/logging/logging.go:154.3,155.80 2 1
github.com/raghavkgarg/mycase/pkg/logging/logging.go:156.4,156.12 1 1
github.com/raghavkgarg/mycase/pkg/logging/logging.go:158.3,159.17 2 1
github.com/raghavkgarg/mycase/pkg/logging/logging.go:160.4,160.12 1 0
github.com/raghavkgarg/mycase/pkg/logging/logging.go:162.3,162.36 1 1
github.com/raghavkgarg/mycase/pkg/logging/logging.go:163.4,164.1 1 1
github.com/raghavkgarg/mycase/pkg/logging/logging.go:176.2,177.1 1 1
github.com/raghavkgarg/mycase/pkg/logging/logging.go:180.2,180.34 1 1
github.com/raghavkgarg/mycase/pkg/logging/logging.go:181.3,181.55 1 1
github.com/raghavkgarg/mycase/pkg/logging/logging.go:182.4,183.1 1 0
github.com/raghavkgarg/mycase/pkg/logging/logging.go:185.2,185.36 1 1
github.com/raghavkgarg/mycase/pkg/logging/logging.go:186.3,187.1 1 1
github.com/raghavkgarg/mycase/pkg/logging/logging.go:188.2,188.12 1 1
github.com/raghavkgarg/mycase/pkg/logging/logging.go:192.2,193.1 1 1
github.com/raghavkgarg/mycase/pkg/logging/logging.go:196.2,197.1 1 1
github.com/raghavkgarg/mycase/pkg/logging/logging.go:202.49,202.69 1 1
github.com/raghavkgarg/mycase/pkg/kiteclient/client.go:16.2,18.1 2 1
github.com/raghavkgarg/mycase/pkg/kiteclient/client.go:19.2,19.12 2 1
github.com/raghavkgarg/mycase/pkg/kiteclient/client.go:20.3,21.1 1 1
github.com/raghavkgarg/mycase/pkg/kiteclient/client.go:23.2,25.25 3 1
github.com/raghavkgarg/mycase/pkg/kiteclient/client.go:26.3,26.60 1 1
github.com/raghavkgarg/mycase/pkg/kiteclient/client.go:27.4,33.1 1 1
github.com/raghavkgarg/mycase/pkg/kiteclient/client.go:35.2,35.22 1 1
github.com/raghavkgarg/mycase/pkg/kiteclient/client.go:40.2,41.16 2 1
github.com/raghavkgarg/mycase/pkg/kiteclient/client.go:42.3,46.1 2 1
github.com/raghavkgarg/mycase/pkg/kiteclient/client.go:48.2,48.39 1 1
github.com/raghavkgarg/mycase/pkg/market/market.go:12.2,13.16 2 1
github.com/raghavkgarg/mycase/pkg/market/market.go:14.3,15.1 1 0
github.com/raghavkgarg/mycase/pkg/market/market.go:17.2,21.1 7 1
github.com/raghavkgarg/mycase/pkg/market/market.go:22.2,23.1 7 1
github.com/raghavkgarg/mycase/pkg/market/market.go:24.2,25.68 7 1
github.com/raghavkgarg/mycase/pkg/market/market.go:30.2,31.16 2 1
github.com/raghavkgarg/mycase/pkg/market/market.go:32.3,33.1 1 0
github.com/raghavkgarg/mycase/pkg/market/market.go:35.2,37.1 4 1
github.com/raghavkgarg/mycase/pkg/market/market.go:38.2,39.12 4 1
github.com/raghavkgarg/mycase/pkg/market/market.go:40.3,41.1 1 0
github.com/raghavkgarg/mycase/pkg/market/market.go:42.3,43.1 1 1
github.com/raghavkgarg/mycase/pkg/market/market.go:45.2,45.15 1 1
github.com/raghavkgarg/mycase/pkg/market/market.go:53.2,54.38 2 1
github.com/raghavkgarg/mycase/pkg/market/market.go:55.3,56.1 1 1
github.com/raghavkgarg/mycase/pkg/market/market.go:57.3,58.1 1 1
github.com/raghavkgarg/mycase/pkg/market/market.go:59.2,60.1 3 1
github.com/raghavkgarg/mycase/pkg/market/market.go:61.2,62.38 3 1
github.com/raghavkgarg/mycase/pkg/market/market.go:63.3,64.1 1 1
github.com/raghavkgarg/mycase/pkg/market/market.go:65.3,66.1 1 1
github.com/raghavkgarg/mycase/pkg/market/market.go:67.2,68.1 2 1
github.com/raghavkgarg/mycase/pkg/market/market.go:69.2,69.37 2 1
github.com/raghavkgarg/mycase/pkg/market/market.go:74.2,76.1 2 1
github.com/raghavkgarg/mycase/pkg/portfolio/portfolio.go:25.2,26.45 2 1
github.com/raghavkgarg/mycase/pkg/portfolio/portfolio.go:27.3,27.37 1 1
github.com/raghavkgarg/mycase/pkg/portfolio/portfolio.go:28.4,29.1 1 1
github.com/raghavkgarg/mycase/pkg/portfolio/portfolio.go:31.2,31.12 1 1
github.com/raghavkgarg/mycase/pkg/portfolio/portfolio.go:37.2,39.20 3 1
github.com/raghavkgarg/mycase/pkg/portfolio/portfolio.go:40.3,41.1 1 1
github.com/raghavkgarg/mycase/pkg/portfolio/portfolio.go:42.2,42.48 1 1
github.com/raghavkgarg/mycase/pkg/portfolio/portfolio.go:47.2,49.14 3 1
github.com/raghavkgarg/mycase/pkg/portfolio/portfolio.go:50.3,51.1 1 1
github.com/raghavkgarg/mycase/pkg/portfolio/portfolio.go:52.2,52.24 1 1
github.com/raghavkgarg/mycase/pkg/optimizer/cap_weights.go:9.2,10.12 2 1
github.com/raghavkgarg/mycase/pkg/optimizer/cap_weights.go:11.3,12.1 1 1
github.com/raghavkgarg/mycase/pkg/optimizer/cap_weights.go:13.2,13.27 1 1
github.com/raghavkgarg/mycase/pkg/optimizer/cap_weights.go:14.3,16.26 3 1
github.com/raghavkgarg/mycase/pkg/optimizer/cap_weights.go:17.4,18.1 1 1
github.com/raghavkgarg/mycase/pkg/optimizer/cap_weights.go:19.3,19.16 1 1
github.com/raghavkgarg/mycase/pkg/optimizer/cap_weights.go:21.2,23.6 3 1
github.com/raghavkgarg/mycase/pkg/optimizer/cap_weights.go:24.3,27.28 4 1
github.com/raghavkgarg/mycase/pkg/optimizer/cap_weights.go:28.4,28.15 1 1
github.com/raghavkgarg/mycase/pkg/optimizer/cap_weights.go:29.5,31.1 2 1
github.com/raghavkgarg/mycase/pkg/optimizer/cap_weights.go:31.11,31.22 1 1
github.com/raghavkgarg/mycase/pkg/optimizer/cap_weights.go:32.5,34.1 2 1
github.com/raghavkgarg/mycase/pkg/optimizer/cap_weights.go:36.3,36.23 1 1
github.com/raghavkgarg/mycase/pkg/optimizer/cap_weights.go:37.4,37.9 1 1
github.com/raghavkgarg/mycase/pkg/optimizer/cap_weights.go:39.3,39.22 1 1
github.com/raghavkgarg/mycase/pkg/optimizer/cap_weights.go:40.4,40.29 1 1
github.com/raghavkgarg/mycase/pkg/optimizer/cap_weights.go:41.5,41.16 1 1
github.com/raghavkgarg/mycase/pkg/optimizer/cap_weights.go:42.6,43.1 1 1
github.com/raghavkgarg/mycase/pkg/optimizer/cap_weights.go:45.10,45.31 1 0
github.com/raghavkgarg/mycase/pkg/optimizer/cap_weights.go:46.4,46.29 1 0
github.com/raghavkgarg/mycase/pkg/optimizer/cap_weights.go:47.5,47.16 1 0
github.com/raghavkgarg/mycase/pkg/optimizer/cap_weights.go:48.6,49.1 1 0
github.com/raghavkgarg/mycase/pkg/optimizer/cap_weights.go:52.4,52.9 1 0
github.com/raghavkgarg/mycase/pkg/optimizer/cap_weights.go:55.2,55.15 1 1
github.com/raghavkgarg/mycase/pkg/optimizer/math.go:10.2,10.21 1 1
github.com/raghavkgarg/mycase/pkg/optimizer/math.go:11.3,12.1 1 1
github.com/raghavkgarg/mycase/pkg/optimizer/math.go:13.2,14.35 2 1
github.com/raghavkgarg/mycase/pkg/optimizer/math.go:15.3,15.23 1 1
github.com/raghavkgarg/mycase/pkg/optimizer/math.go:16.4,17.1 1 1
github.com/raghavkgarg/mycase/pkg/optimizer/math.go:19.2,19.16 1 1
github.com/raghavkgarg/mycase/pkg/optimizer/math.go:24.2,25.11 2 1
github.com/raghavkgarg/mycase/pkg/optimizer/math.go:26.3,27.1 1 1
github.com/raghavkgarg/mycase/pkg/optimizer/math.go:29.2,30.28 2 1
github.com/raghavkgarg/mycase/pkg/optimizer/math.go:31.3,32.1 1 1
github.com/raghavkgarg/mycase/pkg/optimizer/math.go:33.2,34.1 3 1
github.com/raghavkgarg/mycase/pkg/optimizer/math.go:35.2,36.28 3 1
github.com/raghavkgarg/mycase/pkg/optimizer/math.go:37.3,39.1 2 1
github.com/raghavkgarg/mycase/pkg/optimizer/math.go:42.2,43.28 2 1
github.com/raghavkgarg/mycase/pkg/optimizer/math.go:48.2,48.22 1 1
github.com/raghavkgarg/mycase/pkg/optimizer/math.go:49.3,50.1 1 1
github.com/raghavkgarg/mycase/pkg/optimizer/math.go:51.2,52.27 2 1
github.com/raghavkgarg/mycase/pkg/optimizer/math.go:53.3,54.1 1 1
github.com/raghavkgarg/mycase/pkg/optimizer/math.go:55.2,55.35 1 1
github.com/raghavkgarg/mycase/pkg/optimizer/math.go:60.2,61.26 2 1
github.com/raghavkgarg/mycase/pkg/optimizer/math.go:62.3,63.1 1 1
github.com/raghavkgarg/mycase/pkg/optimizer/math.go:64.2,67.19 4 1
github.com/raghavkgarg/mycase/pkg/optimizer/math.go:68.3,69.1 1 1
github.com/raghavkgarg/mycase/pkg/optimizer/math.go:70.2,70.27 1 1
github.com/raghavkgarg/mycase/pkg/optimizer/math.go:75.2,76.11 2 1
github.com/raghavkgarg/mycase/pkg/optimizer/math.go:77.3,78.1 1 1
github.com/raghavkgarg/mycase/pkg/optimizer/math.go:79.2,81.28 3 1
github.com/raghavkgarg/mycase/pkg/optimizer/math.go:82.3,82.17 1 1
github.com/raghavkgarg/mycase/pkg/optimizer/math.go:83.4,86.1 3 1
github.com/raghavkgarg/mycase/pkg/optimizer/math.go:88.2,88.15 1 1
github.com/raghavkgarg/mycase/pkg/optimizer/math.go:89.3,90.1 1 1
github.com/raghavkgarg/mycase/pkg/optimizer/math.go:91.2,91.40 1 1
github.com/raghavkgarg/mycase/pkg/optimizer/math.go:96.2,96.21 1 1
github.com/raghavkgarg/mycase/pkg/optimizer/math.go:97.3,98.1 1 1
github.com/raghavkgarg/mycase/pkg/optimizer/math.go:99.2,99.56 1 1
github.com/raghavkgarg/mycase/pkg/optimizer/math.go:104.2,105.12 2 1
github.com/raghavkgarg/mycase/pkg/optimizer/math.go:106.3,107.1 1 1
github.com/raghavkgarg/mycase/pkg/optimizer/math.go:108.2,110.27 3 1
github.com/raghavkgarg/mycase/pkg/optimizer/math.go:111.3,111.19 1 1
github.com/raghavkgarg/mycase/pkg/optimizer/math.go:112.4,113.1 1 1
github.com/raghavkgarg/mycase/pkg/optimizer/math.go:114.3,114.19 1 1
github.com/raghavkgarg/mycase/pkg/optimizer/math.go:115.4,117.1 2 1
github.com/raghavkgarg/mycase/pkg/optimizer/math.go:119.2,119.46 1 1
github.com/raghavkgarg/mycase/pkg/optimizer/mfs.go:17.2,19.19 3 0
github.com/raghavkgarg/mycase/pkg/optimizer/mfs.go:20.3,21.1 1 0
github.com/raghavkgarg/mycase/pkg/optimizer/mfs.go:24.2,27.28 4 0
github.com/raghavkgarg/mycase/pkg/optimizer/mfs.go:28.3,29.1 1 0
github.com/raghavkgarg/mycase/pkg/optimizer/mfs.go:30.2,30.27 1 0
github.com/raghavkgarg/mycase/pkg/optimizer/mfs.go:31.3,32.1 1 0
github.com/raghavkgarg/mycase/pkg/optimizer/mfs.go:35.2,36.1 34 0
github.com/raghavkgarg/mycase/pkg/optimizer/mfs.go:38.2,46.1 34 0
github.com/raghavkgarg/mycase/pkg/optimizer/mfs.go:47.2,55.1 34 0
github.com/raghavkgarg/mycase/pkg/optimizer/mfs.go:57.2,65.1 34 0
github.com/raghavkgarg/mycase/pkg/optimizer/mfs.go:66.2,74.1 34 0
github.com/raghavkgarg/mycase/pkg/optimizer/mfs.go:75.2,75.33 34 0
github.com/raghavkgarg/mycase/pkg/optimizer/mfs.go:76.3,85.1 10 0
github.com/raghavkgarg/mycase/pkg/optimizer/mfs.go:86.3,86.23 10 0
github.com/raghavkgarg/mycase/pkg/optimizer/mfs.go:87.4,93.1 7 0
github.com/raghavkgarg/mycase/pkg/optimizer/mfs.go:95.4,95.21 7 0
github.com/raghavkgarg/mycase/pkg/optimizer/mfs.go:96.5,97.1 1 0
github.com/raghavkgarg/mycase/pkg/optimizer/mfs.go:99.4,99.29 1 0
github.com/raghavkgarg/mycase/pkg/optimizer/mfs.go:100.5,101.1 1 0
github.com/raghavkgarg/mycase/pkg/optimizer/mfs.go:104.4,104.62 1 0
github.com/raghavkgarg/mycase/pkg/optimizer/mfs.go:105.5,108.1 3 0
github.com/raghavkgarg/mycase/pkg/optimizer/mfs.go:108.11,108.56 1 0
github.com/raghavkgarg/mycase/pkg/optimizer/mfs.go:110.5,114.1 4 0
github.com/raghavkgarg/mycase/pkg/optimizer/mfs.go:117.4,117.31 1 0
github.com/raghavkgarg/mycase/pkg/optimizer/mfs.go:118.5,119.1 1 0
github.com/raghavkgarg/mycase/pkg/optimizer/mfs.go:123.3,123.21 1 0
github.com/raghavkgarg/mycase/pkg/optimizer/mfs.go:124.4,125.1 1 0
github.com/raghavkgarg/mycase/pkg/optimizer/mfs.go:127.3,135.1 9 0
github.com/raghavkgarg/mycase/pkg/optimizer/mfs.go:137.3,137.22 9 0
github.com/raghavkgarg/mycase/pkg/optimizer/mfs.go:138.4,139.1 1 0
github.com/raghavkgarg/mycase/pkg/optimizer/mfs.go:140.3,140.22 1 0
github.com/raghavkgarg/mycase/pkg/optimizer/mfs.go:141.4,142.1 1 0
github.com/raghavkgarg/mycase/pkg/optimizer/mfs.go:143.3,143.19 1 0
github.com/raghavkgarg/mycase/pkg/optimizer/mfs.go:144.4,145.1 1 0
github.com/raghavkgarg/mycase/pkg/optimizer/mfs.go:146.3,146.19 1 0
github.com/raghavkgarg/mycase/pkg/optimizer/mfs.go:147.4,148.1 1 0
github.com/raghavkgarg/mycase/pkg/optimizer/mfs.go:149.3,149.25 1 0
github.com/raghavkgarg/mycase/pkg/optimizer/mfs.go:150.4,151.1 1 0
github.com/raghavkgarg/mycase/pkg/optimizer/mfs.go:152.3,152.25 1 0
github.com/raghavkgarg/mycase/pkg/optimizer/mfs.go:153.4,154.1 1 0
github.com/raghavkgarg/mycase/pkg/optimizer/mfs.go:155.3,155.27 1 0
github.com/raghavkgarg/mycase/pkg/optimizer/mfs.go:156.4,157.1 1 0
github.com/raghavkgarg/mycase/pkg/optimizer/mfs.go:158.3,158.27 1 0
github.com/raghavkgarg/mycase/pkg/optimizer/mfs.go:159.4,160.1 1 0
github.com/raghavkgarg/mycase/pkg/optimizer/mfs.go:161.3,161.21 1 0
github.com/raghavkgarg/mycase/pkg/optimizer/mfs.go:162.4,163.1 1 0
github.com/raghavkgarg/mycase/pkg/optimizer/mfs.go:164.3,164.21 1 0
github.com/raghavkgarg/mycase/pkg/optimizer/mfs.go:165.4,166.1 1 0
github.com/raghavkgarg/mycase/pkg/optimizer/mfs.go:167.3,167.23 1 0
github.com/raghavkgarg/mycase/pkg/optimizer/mfs.go:168.4,169.1 1 0
github.com/raghavkgarg/mycase/pkg/optimizer/mfs.go:170.3,170.23 1 0
github.com/raghavkgarg/mycase/pkg/optimizer/mfs.go:171.4,172.1 1 0
github.com/raghavkgarg/mycase/pkg/optimizer/mfs.go:173.3,173.27 1 0
github.com/raghavkgarg/mycase/pkg/optimizer/mfs.go:174.4,175.1 1 0
github.com/raghavkgarg/mycase/pkg/optimizer/mfs.go:176.3,176.27 1 0
github.com/raghavkgarg/mycase/pkg/optimizer/mfs.go:177.4,178.1 1 0
github.com/raghavkgarg/mycase/pkg/optimizer/mfs.go:179.3,179.23 1 0
github.com/raghavkgarg/mycase/pkg/optimizer/mfs.go:180.4,181.1 1 0
github.com/raghavkgarg/mycase/pkg/optimizer/mfs.go:182.3,182.23 1 0
github.com/raghavkgarg/mycase/pkg/optimizer/mfs.go:183.4,184.1 1 0
github.com/raghavkgarg/mycase/pkg/optimizer/mfs.go:187.3,189.24 3 0
github.com/raghavkgarg/mycase/pkg/optimizer/mfs.go:190.4,191.1 1 0
github.com/raghavkgarg/mycase/pkg/optimizer/mfs.go:192.3,193.24 2 0
github.com/raghavkgarg/mycase/pkg/optimizer/mfs.go:194.4,195.1 1 0
github.com/raghavkgarg/mycase/pkg/optimizer/mfs.go:196.3,197.26 2 0
github.com/raghavkgarg/mycase/pkg/optimizer/mfs.go:198.4,199.1 1 0
github.com/raghavkgarg/mycase/pkg/optimizer/mfs.go:200.3,201.29 2 0
github.com/raghavkgarg/mycase/pkg/optimizer/mfs.go:202.4,203.1 1 0
github.com/raghavkgarg/mycase/pkg/optimizer/mfs.go:204.3,205.23 2 0
github.com/raghavkgarg/mycase/pkg/optimizer/mfs.go:206.4,207.1 1 0
github.com/raghavkgarg/mycase/pkg/optimizer/mfs.go:208.3,209.24 2 0
github.com/raghavkgarg/mycase/pkg/optimizer/mfs.go:210.4,211.1 1 0
github.com/raghavkgarg/mycase/pkg/optimizer/mfs.go:212.3,213.23 2 0
github.com/raghavkgarg/mycase/pkg/optimizer/mfs.go:214.4,215.1 1 0
github.com/raghavkgarg/mycase/pkg/optimizer/mfs.go:216.3,217.23 2 0
github.com/raghavkgarg/mycase/pkg/optimizer/mfs.go:218.4,219.1 1 0
github.com/raghavkgarg/mycase/pkg/optimizer/mfs.go:221.3,229.1 9 0
github.com/raghavkgarg/mycase/pkg/optimizer/mfs.go:231.3,231.19 9 0
github.com/raghavkgarg/mycase/pkg/optimizer/mfs.go:232.4,233.1 1 0
github.com/raghavkgarg/mycase/pkg/optimizer/mfs.go:234.3,234.19 1 0
github.com/raghavkgarg/mycase/pkg/optimizer/mfs.go:235.4,236.1 1 0
github.com/raghavkgarg/mycase/pkg/optimizer/mfs.go:237.3,237.19 1 0
github.com/raghavkgarg/mycase/pkg/optimizer/mfs.go:238.4,239.1 1 0
github.com/raghavkgarg/mycase/pkg/optimizer/mfs.go:240.3,240.19 1 0
github.com/raghavkgarg/mycase/pkg/optimizer/mfs.go:241.4,242.1 1 0
github.com/raghavkgarg/mycase/pkg/optimizer/mfs.go:243.3,243.23 1 0
github.com/raghavkgarg/mycase/pkg/optimizer/mfs.go:244.4,245.1 1 0
github.com/raghavkgarg/mycase/pkg/optimizer/mfs.go:246.3,246.23 1 0
github.com/raghavkgarg/mycase/pkg/optimizer/mfs.go:247.4,248.1 1 0
github.com/raghavkgarg/mycase/pkg/optimizer/mfs.go:249.3,249.30 1 0
github.com/raghavkgarg/mycase/pkg/optimizer/mfs.go:250.4,251.1 1 0
github.com/raghavkgarg/mycase/pkg/optimizer/mfs.go:252.3,252.30 1 0
github.com/raghavkgarg/mycase/pkg/optimizer/mfs.go:253.4,254.1 1 0
github.com/raghavkgarg/mycase/pkg/optimizer/mfs.go:255.3,255.17 1 0
github.com/raghavkgarg/mycase/pkg/optimizer/mfs.go:256.4,257.1 1 0
github.com/raghavkgarg/mycase/pkg/optimizer/mfs.go:258.3,258.17 1 0
github.com/raghavkgarg/mycase/pkg/optimizer/mfs.go:259.4,260.1 1 0
github.com/raghavkgarg/mycase/pkg/optimizer/mfs.go:261.3,261.29 1 0
github.com/raghavkgarg/mycase/pkg/optimizer/mfs.go:262.4,263.1 1 0
github.com/raghavkgarg/mycase/pkg/optimizer/mfs.go:264.3,264.29 1 0
github.com/raghavkgarg/mycase/pkg/optimizer/mfs.go:265.4,266.1 1 0
github.com/raghavkgarg/mycase/pkg/optimizer/mfs.go:267.3,267.24 1 0
github.com/raghavkgarg/mycase/pkg/optimizer/mfs.go:268.4,269.1 1 0
github.com/raghavkgarg/mycase/pkg/optimizer/mfs.go:270.3,270.24 1 0
github.com/raghavkgarg/mycase/pkg/optimizer/mfs.go:271.4,272.1 1 0
github.com/raghavkgarg/mycase/pkg/optimizer/mfs.go:273.3,273.30 1 0
github.com/raghavkgarg/mycase/pkg/optimizer/mfs.go:274.4,275.1 1 0
github.com/raghavkgarg/mycase/pkg/optimizer/mfs.go:276.3,276.30 1 0
github.com/raghavkgarg/mycase/pkg/optimizer/mfs.go:277.4,278.1 1 0
github.com/raghavkgarg/mycase/pkg/optimizer/mfs.go:282.2,282.72 1 0
github.com/raghavkgarg/mycase/pkg/optimizer/mfs.go:283.3,283.41 1 0
github.com/raghavkgarg/mycase/pkg/optimizer/mfs.go:284.4,285.1 1 0
github.com/raghavkgarg/mycase/pkg/optimizer/mfs.go:286.3,287.13 2 0
github.com/raghavkgarg/mycase/pkg/optimizer/mfs.go:288.4,289.1 1 0
github.com/raghavkgarg/mycase/pkg/optimizer/mfs.go:290.3,290.15 1 0
github.com/raghavkgarg/mycase/pkg/optimizer/mfs.go:294.2,302.1 11 0
github.com/raghavkgarg/mycase/pkg/optimizer/mfs.go:304.2,306.1 11 0
github.com/raghavkgarg/mycase/pkg/optimizer/mfs.go:307.2,307.33 11 0
github.com/raghavkgarg/mycase/pkg/optimizer/mfs.go:308.3,316.1 18 0
github.com/raghavkgarg/mycase/pkg/optimizer/mfs.go:317.3,325.1 18 0
github.com/raghavkgarg/mycase/pkg/optimizer/mfs.go:327.3,330.1 18 0
github.com/raghavkgarg/mycase/pkg/optimizer/mfs.go:332.3,332.27 18 0
github.com/raghavkgarg/mycase/pkg/optimizer/mfs.go:333.4,334.1 1 0
github.com/raghavkgarg/mycase/pkg/optimizer/mfs.go:335.3,336.28 2 0
github.com/raghavkgarg/mycase/pkg/optimizer/mfs.go:340.2,340.33 1 0
github.com/raghavkgarg/mycase/pkg/optimizer/mfs.go:341.3,341.19 1 0
github.com/raghavkgarg/mycase/pkg/optimizer/mfs.go:342.4,343.1 1 0
github.com/raghavkgarg/mycase/pkg/optimizer/mfs.go:344.4,345.1 1 0
github.com/raghavkgarg/mycase/pkg/optimizer/mfs.go:349.2,349.21 1 0
github.com/raghavkgarg/mycase/pkg/optimizer/mfs.go:350.3,351.1 1 0
github.com/raghavkgarg/mycase/pkg/optimizer/mfs.go:353.2,353.16 1 0
github.com/raghavkgarg/mycase/pkg/optimizer/mfs_helpers.go:22.2,24.1 3 0
github.com/raghavkgarg/mycase/pkg/optimizer/mfs_helpers.go:25.2,25.28 3 0
github.com/raghavkgarg/mycase/pkg/optimizer/mfs_helpers.go:26.3,27.10 2 0
github.com/raghavkgarg/mycase/pkg/optimizer/mfs_helpers.go:28.4,28.12 1 0
github.com/raghavkgarg/mycase/pkg/optimizer/mfs_helpers.go:30.3,30.22 1 0
github.com/raghavkgarg/mycase/pkg/optimizer/mfs_helpers.go:31.4,33.1 2 0
github.com/raghavkgarg/mycase/pkg/optimizer/mfs_helpers.go:34.3,34.17 1 0
github.com/raghavkgarg/mycase/pkg/optimizer/mfs_helpers.go:35.4,37.1 2 0
github.com/raghavkgarg/mycase/pkg/optimizer/mfs_helpers.go:38.3,38.23 1 0
github.com/raghavkgarg/mycase/pkg/optimizer/mfs_helpers.go:39.4,41.1 2 0
github.com/raghavkgarg/mycase/pkg/optimizer/mfs_helpers.go:42.3,42.30 1 0
github.com/raghavkgarg/mycase/pkg/optimizer/mfs_helpers.go:43.4,45.1 2 0
github.com/raghavkgarg/mycase/pkg/optimizer/mfs_helpers.go:46.3,46.21 1 0
github.com/raghavkgarg/mycase/pkg/optimizer/mfs_helpers.go:47.4,49.1 2 0
github.com/raghavkgarg/mycase/pkg/optimizer/mfs_helpers.go:50.3,50.27 1 0
github.com/raghavkgarg/mycase/pkg/optimizer/mfs_helpers.go:51.4,53.1 2 0
github.com/raghavkgarg/mycase/pkg/optimizer/mfs_helpers.go:54.3,54.23 1 0
github.com/raghavkgarg/mycase/pkg/optimizer/mfs_helpers.go:55.4,57.1 2 0
github.com/raghavkgarg/mycase/pkg/optimizer/mfs_helpers.go:58.3,58.29 1 0
github.com/raghavkgarg/mycase/pkg/optimizer/mfs_helpers.go:59.4,61.1 2 0
github.com/raghavkgarg/mycase/pkg/optimizer/mfs_helpers.go:64.2,73.1 2 0
github.com/raghavkgarg/mycase/pkg/optimizer/mfs_helpers.go:75.2,75.18 2 0
github.com/raghavkgarg/mycase/pkg/optimizer/mfs_helpers.go:76.3,77.1 1 0
github.com/raghavkgarg/mycase/pkg/optimizer/mfs_helpers.go:78.2,78.18 1 0
github.com/raghavkgarg/mycase/pkg/optimizer/mfs_helpers.go:79.3,80.1 1 0
github.com/raghavkgarg/mycase/pkg/optimizer/mfs_helpers.go:81.2,81.20 1 0
github.com/raghavkgarg/mycase/pkg/optimizer/mfs_helpers.go:82.3,83.1 1 0
github.com/raghavkgarg/mycase/pkg/optimizer/mfs_helpers.go:84.2,84.24 1 0
github.com/raghavkgarg/mycase/pkg/optimizer/mfs_helpers.go:85.3,86.1 1 0
github.com/raghavkgarg/mycase/pkg/optimizer/mfs_helpers.go:87.2,87.17 1 0
github.com/raghavkgarg/mycase/pkg/optimizer/mfs_helpers.go:88.3,89.1 1 0
github.com/raghavkgarg/mycase/pkg/optimizer/mfs_helpers.go:90.2,90.28 1 0
github.com/raghavkgarg/mycase/pkg/optimizer/mfs_helpers.go:91.3,92.1 1 0
github.com/raghavkgarg/mycase/pkg/optimizer/mfs_helpers.go:93.2,93.24 1 0
github.com/raghavkgarg/mycase/pkg/optimizer/mfs_helpers.go:94.3,95.1 1 0
github.com/raghavkgarg/mycase/pkg/optimizer/mfs_helpers.go:96.2,96.30 1 0
github.com/raghavkgarg/mycase/pkg/optimizer/mfs_helpers.go:97.3,98.1 1 0
github.com/raghavkgarg/mycase/pkg/optimizer/mfs_helpers.go:100.2,100.12 1 0
github.com/raghavkgarg/mycase/pkg/optimizer/mfs_helpers.go:105.2,105.20 1 0
github.com/raghavkgarg/mycase/pkg/optimizer/mfs_helpers.go:106.3,107.1 1 0
github.com/raghavkgarg/mycase/pkg/optimizer/mfs_helpers.go:108.2,108.15 1 0
github.com/raghavkgarg/mycase/pkg/optimizer/mfs_helpers.go:109.3,110.34 2 0
github.com/raghavkgarg/mycase/pkg/optimizer/mfs_helpers.go:111.4,112.17 2 0
github.com/raghavkgarg/mycase/pkg/optimizer/mfs_helpers.go:113.5,114.1 1 0
github.com/raghavkgarg/mycase/pkg/optimizer/mfs_helpers.go:115.4,115.41 1 0
github.com/raghavkgarg/mycase/pkg/optimizer/mfs_helpers.go:118.3,121.1 4 0
github.com/raghavkgarg/mycase/pkg/optimizer/mfs_helpers.go:122.3,122.38 4 0
github.com/raghavkgarg/mycase/pkg/optimizer/mfs_helpers.go:123.4,123.22 1 0
github.com/raghavkgarg/mycase/pkg/optimizer/mfs_helpers.go:124.5,126.1 2 0
github.com/raghavkgarg/mycase/pkg/optimizer/mfs_helpers.go:127.5,128.1 1 0
github.com/raghavkgarg/mycase/pkg/optimizer/mfs_helpers.go:131.3,131.21 1 0
github.com/raghavkgarg/mycase/pkg/optimizer/mfs_helpers.go:132.4,132.9 1 0
github.com/raghavkgarg/mycase/pkg/optimizer/mfs_helpers.go:135.3,135.34 1 0
github.com/raghavkgarg/mycase/pkg/optimizer/mfs_helpers.go:136.4,137.17 2 0
github.com/raghavkgarg/mycase/pkg/optimizer/mfs_helpers.go:138.5,139.1 1 0
github.com/raghavkgarg/mycase/pkg/optimizer/mfs_helpers.go:141.4,141.28 1 0
github.com/raghavkgarg/mycase/pkg/optimizer/mfs_helpers.go:142.5,144.1 2 0
github.com/raghavkgarg/mycase/pkg/optimizer/mfs_helpers.go:145.5,145.27 1 0
github.com/raghavkgarg/mycase/pkg/optimizer/mfs_helpers.go:146.6,148.1 2 0
github.com/raghavkgarg/mycase/pkg/optimizer/optimizer.go:23.2,25.1 4 1
github.com/raghavkgarg/mycase/pkg/optimizer/optimizer.go:27.2,28.34 4 1
github.com/raghavkgarg/mycase/pkg/optimizer/optimizer.go:29.3,34.1 6 1
github.com/raghavkgarg/mycase/pkg/optimizer/optimizer.go:35.3,35.26 6 1
github.com/raghavkgarg/mycase/pkg/optimizer/optimizer.go:37.4,38.22 2 1
github.com/raghavkgarg/mycase/pkg/optimizer/optimizer.go:39.5,40.1 1 1
github.com/raghavkgarg/mycase/pkg/optimizer/optimizer.go:43.4,44.1 1 1
github.com/raghavkgarg/mycase/pkg/optimizer/optimizer.go:48.2,49.1 3 1
github.com/raghavkgarg/mycase/pkg/optimizer/optimizer.go:51.2,52.34 3 1
github.com/raghavkgarg/mycase/pkg/optimizer/optimizer.go:53.3,54.26 2 1
github.com/raghavkgarg/mycase/pkg/optimizer/optimizer.go:55.4,55.12 1 1
github.com/raghavkgarg/mycase/pkg/optimizer/optimizer.go:58.3,62.1 6 1
github.com/raghavkgarg/mycase/pkg/optimizer/optimizer.go:63.3,64.22 6 1
github.com/raghavkgarg/mycase/pkg/optimizer/optimizer.go:65.4,67.1 2 1
github.com/raghavkgarg/mycase/pkg/optimizer/optimizer.go:71.2,71.40 1 1
github.com/raghavkgarg/mycase/pkg/optimizer/optimizer.go:72.3,72.35 1 1
github.com/raghavkgarg/mycase/pkg/optimizer/optimizer.go:73.4,76.27 4 1
github.com/raghavkgarg/mycase/pkg/optimizer/optimizer.go:77.5,78.1 1 0
github.com/raghavkgarg/mycase/pkg/optimizer/optimizer.go:79.5,80.1 1 1
github.com/raghavkgarg/mycase/pkg/optimizer/optimizer.go:85.2,85.6 1 1
github.com/raghavkgarg/mycase/pkg/optimizer/optimizer.go:86.3,88.1 3 1
github.com/raghavkgarg/mycase/pkg/optimizer/optimizer.go:90.3,90.35 3 1
github.com/raghavkgarg/mycase/pkg/optimizer/optimizer.go:91.4,92.27 2 1
github.com/raghavkgarg/mycase/pkg/optimizer/optimizer.go:93.5,93.13 1 1
github.com/raghavkgarg/mycase/pkg/optimizer/optimizer.go:96.4,99.1 5 1
github.com/raghavkgarg/mycase/pkg/optimizer/optimizer.go:100.4,101.37 5 1
github.com/raghavkgarg/mycase/pkg/optimizer/optimizer.go:102.5,103.29 2 1
github.com/raghavkgarg/mycase/pkg/optimizer/optimizer.go:104.6,104.14 1 1
github.com/raghavkgarg/mycase/pkg/optimizer/optimizer.go:106.5,110.1 7 1
github.com/raghavkgarg/mycase/pkg/optimizer/optimizer.go:111.5,113.22 7 1
github.com/raghavkgarg/mycase/pkg/optimizer/optimizer.go:114.6,115.1 1 1
github.com/raghavkgarg/mycase/pkg/optimizer/optimizer.go:118.4,118.44 1 1
github.com/raghavkgarg/mycase/pkg/optimizer/optimizer.go:119.5,120.1 3 1
github.com/raghavkgarg/mycase/pkg/optimizer/optimizer.go:121.5,122.35 3 1
github.com/raghavkgarg/mycase/pkg/optimizer/optimizer.go:123.6,125.1 2 1
github.com/raghavkgarg/mycase/pkg/optimizer/optimizer.go:129.3,129.20 1 1
github.com/raghavkgarg/mycase/pkg/optimizer/optimizer.go:130.4,131.1 1 1
github.com/raghavkgarg/mycase/pkg/optimizer/optimizer.go:132.4,132.9 1 1
github.com/raghavkgarg/mycase/pkg/optimizer/optimizer.go:136.2,136.22 1 1
github.com/raghavkgarg/mycase/pkg/optimizer/optimizer.go:147.2,148.34 2 0
github.com/raghavkgarg/mycase/pkg/optimizer/optimizer.go:149.3,153.1 5 0
github.com/raghavkgarg/mycase/pkg/optimizer/optimizer.go:154.3,154.26 5 0
github.com/raghavkgarg/mycase/pkg/optimizer/optimizer.go:155.4,155.12 1 0
github.com/raghavkgarg/mycase/pkg/optimizer/optimizer.go:158.3,160.1 4 0
github.com/raghavkgarg/mycase/pkg/optimizer/optimizer.go:161.3,162.16 4 0
github.com/raghavkgarg/mycase/pkg/optimizer/optimizer.go:163.4,164.1 1 0
github.com/raghavkgarg/mycase/pkg/optimizer/optimizer.go:167.2,168.34 2 0
github.com/raghavkgarg/mycase/pkg/optimizer/optimizer.go:169.3,173.1 5 0
github.com/raghavkgarg/mycase/pkg/optimizer/optimizer.go:174.3,174.26 5 0
github.com/raghavkgarg/mycase/pkg/optimizer/optimizer.go:175.4,175.12 1 0
github.com/raghavkgarg/mycase/pkg/optimizer/optimizer.go:178.3,180.1 5 0
github.com/raghavkgarg/mycase/pkg/optimizer/optimizer.go:181.3,183.30 5 0
github.com/raghavkgarg/mycase/pkg/optimizer/optimizer.go:184.4,185.1 1 0
github.com/raghavkgarg/mycase/pkg/optimizer/optimizer.go:187.3,188.17 2 0
github.com/raghavkgarg/mycase/pkg/optimizer/optimizer.go:189.4,190.1 1 0
github.com/raghavkgarg/mycase/pkg/optimizer/optimizer.go:193.2,193.24 1 0
github.com/raghavkgarg/mycase/pkg/optimizer/rebalance.go:15.2,16.44 2 1
github.com/raghavkgarg/mycase/pkg/optimizer/rebalance.go:17.3,17.69 1 1
github.com/raghavkgarg/mycase/pkg/optimizer/rebalance.go:18.4,19.1 1 1
github.com/raghavkgarg/mycase/pkg/optimizer/rebalance.go:21.2,21.14 1 1
github.com/raghavkgarg/mycase/pkg/optimizer/rebalance.go:34.2,35.1 1 1
github.com/raghavkgarg/mycase/pkg/optimizer/rebalance.go:46.2,46.23 1 1
github.com/raghavkgarg/mycase/pkg/optimizer/rebalance.go:47.3,48.1 1 1
github.com/raghavkgarg/mycase/pkg/optimizer/rebalance.go:49.2,49.27 1 1
github.com/raghavkgarg/mycase/pkg/optimizer/rebalance.go:51.3,52.51 2 1
github.com/raghavkgarg/mycase/pkg/optimizer/rebalance.go:53.4,54.29 2 0
github.com/raghavkgarg/mycase/pkg/optimizer/rebalance.go:55.5,57.99 2 0
github.com/raghavkgarg/mycase/pkg/optimizer/rebalance.go:58.6,59.11 2 0
github.com/raghavkgarg/mycase/pkg/optimizer/rebalance.go:63.3,63.13 1 1
github.com/raghavkgarg/mycase/pkg/optimizer/rebalance.go:64.4,65.12 2 0
github.com/raghavkgarg/mycase/pkg/optimizer/rebalance.go:68.3,69.17 2 1
github.com/raghavkgarg/mycase/pkg/optimizer/rebalance.go:70.4,71.18 2 0
github.com/raghavkgarg/mycase/pkg/optimizer/rebalance.go:72.5,73.1 1 0
github.com/raghavkgarg/mycase/pkg/optimizer/rebalance.go:75.3,76.34 2 1
github.com/raghavkgarg/mycase/pkg/optimizer/rebalance.go:77.4,78.1 1 1
github.com/raghavkgarg/mycase/pkg/optimizer/rebalance.go:79.4,80.1 1 1
github.com/raghavkgarg/mycase/pkg/optimizer/rebalance.go:82.2,82.23 1 1
github.com/raghavkgarg/mycase/pkg/optimizer/volatility.go:6.2,9.1 4 1
github.com/raghavkgarg/mycase/pkg/optimizer/volatility.go:10.2,10.33 4 1
github.com/raghavkgarg/mycase/pkg/optimizer/volatility.go:11.3,13.23 3 1
github.com/raghavkgarg/mycase/pkg/optimizer/volatility.go:14.4,16.1 2 1
github.com/raghavkgarg/mycase/pkg/optimizer/volatility.go:19.3,19.21 1 1
github.com/raghavkgarg/mycase/pkg/optimizer/volatility.go:20.4,21.1 1 1
github.com/raghavkgarg/mycase/pkg/optimizer/volatility.go:22.3,23.29 2 1
github.com/raghavkgarg/mycase/pkg/optimizer/volatility.go:27.2,27.33 1 1
github.com/raghavkgarg/mycase/pkg/optimizer/volatility.go:28.3,30.1 2 1
github.com/raghavkgarg/mycase/pkg/optimizer/volatility.go:32.2,32.16 1 1
github.com/raghavkgarg/mycase/pkg/marketcal/marketcal.go:58.2,59.26 2 1
github.com/raghavkgarg/mycase/pkg/marketcal/marketcal.go:60.3,60.40 1 1
github.com/raghavkgarg/mycase/pkg/marketcal/marketcal.go:61.4,62.1 1 1
github.com/raghavkgarg/mycase/pkg/marketcal/marketcal.go:64.2,65.10 2 1
github.com/raghavkgarg/mycase/pkg/marketcal/marketcal.go:71.2,71.72 1 1
github.com/raghavkgarg/mycase/pkg/marketcal/marketcal.go:72.3,73.1 1 1
github.com/raghavkgarg/mycase/pkg/marketcal/marketcal.go:74.2,74.47 1 1
github.com/raghavkgarg/mycase/pkg/marketcal/marketcal.go:82.2,83.1 1 1
github.com/raghavkgarg/mycase/pkg/marketcal/marketcal.go:86.2,86.53 1 1
github.com/raghavkgarg/mycase/pkg/marketcal/marketcal.go:87.3,88.1 1 1
github.com/raghavkgarg/mycase/pkg/marketcal/marketcal.go:91.2,92.47 2 0
github.com/raghavkgarg/mycase/pkg/marketcal/marketcal.go:93.3,94.1 1 0
github.com/raghavkgarg/mycase/pkg/marketcal/marketcal.go:95.2,95.50 1 0
github.com/raghavkgarg/mycase/pkg/marketcal/marketcal.go:110.2,112.40 1 1
github.com/raghavkgarg/mycase/pkg/marketcal/marketcal.go:113.3,114.1 1 1
github.com/raghavkgarg/mycase/pkg/marketcal/marketcal.go:115.2,115.12 1 1
github.com/raghavkgarg/mycase/pkg/marketcal/marketcal.go:121.2,122.1 1 1
github.com/raghavkgarg/mycase/pkg/marketcal/marketcal.go:133.2,134.1 2 1
github.com/raghavkgarg/mycase/pkg/marketcal/marketcal.go:136.2,136.33 2 1
github.com/raghavkgarg/mycase/pkg/marketcal/marketcal.go:137.3,138.1 1 1
github.com/raghavkgarg/mycase/pkg/marketcal/marketcal.go:140.2,140.31 1 1
github.com/raghavkgarg/mycase/pkg/marketcal/marketcal.go:141.3,142.1 1 1
github.com/raghavkgarg/mycase/pkg/marketcal/marketcal.go:143.2,143.26 1 1
github.com/raghavkgarg/mycase/pkg/marketcal/marketcal.go:150.2,151.1 1 1
github.com/raghavkgarg/mycase/pkg/marketcal/marketcal.go:156.2,158.1 2 1
github.com/raghavkgarg/mycase/pkg/marketcal/marketcal.go:166.2,167.1 2 1
github.com/raghavkgarg/mycase/pkg/marketcal/marketcal.go:170.2,170.34 2 1
github.com/raghavkgarg/mycase/pkg/marketcal/marketcal.go:171.3,172.1 1 1
github.com/raghavkgarg/mycase/pkg/marketcal/marketcal.go:173.2,173.31 1 1
github.com/raghavkgarg/mycase/pkg/marketcal/marketcal.go:174.3,175.1 1 1
github.com/raghavkgarg/mycase/pkg/marketcal/marketcal.go:176.2,176.26 1 1
github.com/raghavkgarg/mycase/pkg/marketcal/marketcal.go:181.2,182.1 1 0
github.com/raghavkgarg/mycase/pkg/marketdata/marketdata.go:52.2,58.1 2 0
github.com/raghavkgarg/mycase/pkg/marketdata/marketdata.go:59.2,59.51 2 0
github.com/raghavkgarg/mycase/pkg/marketdata/marketdata.go:60.3,61.1 1 0
github.com/raghavkgarg/mycase/pkg/marketdata/marketdata.go:62.2,67.12 6 0
github.com/raghavkgarg/mycase/pkg/marketdata/marketdata.go:71.2,71.14 1 0
github.com/raghavkgarg/mycase/pkg/marketdata/marketdata.go:72.3,73.1 1 0
github.com/raghavkgarg/mycase/pkg/marketdata/marketdata.go:74.2,74.25 1 0
github.com/raghavkgarg/mycase/pkg/marketdata/marketdata.go:76.3,76.13 1 0
github.com/raghavkgarg/mycase/pkg/marketdata/marketdata.go:78.3,78.22 1 0
github.com/raghavkgarg/mycase/pkg/marketdata/marketdata.go:80.3,80.22 1 0
github.com/raghavkgarg/mycase/pkg/marketdata/marketdata.go:82.3,82.22 1 0
github.com/raghavkgarg/mycase/pkg/marketdata/marketdata.go:84.3,85.107 2 0
github.com/raghavkgarg/mycase/pkg/marketdata/marketdata.go:86.4,87.1 1 0
github.com/raghavkgarg/mycase/pkg/marketdata/marketdata.go:88.3,88.58 1 0
github.com/raghavkgarg/mycase/pkg/marketdata/marketdata.go:89.4,90.1 1 0
github.com/raghavkgarg/mycase/pkg/marketdata/marketdata.go:91.3,91.13 1 0
github.com/raghavkgarg/mycase/pkg/marketdata/marketdata.go:93.3,93.13 1 0
github.com/raghavkgarg/mycase/pkg/marketdata/marketdata.go:166.2,167.1 1 0
github.com/raghavkgarg/mycase/pkg/marketdata/marketdata.go:172.2,172.62 1 0
github.com/raghavkgarg/mycase/pkg/marketdata/marketdata.go:173.3,174.1 1 0
github.com/raghavkgarg/mycase/pkg/marketdata/marketdata.go:175.2,176.16 2 0
github.com/raghavkgarg/mycase/pkg/marketdata/marketdata.go:177.3,178.1 1 0
github.com/raghavkgarg/mycase/pkg/marketdata/marketdata.go:179.2,180.19 2 0
github.com/raghavkgarg/mycase/pkg/marketdata/marketdata.go:181.3,182.1 1 0
github.com/raghavkgarg/mycase/pkg/marketdata/marketdata.go:185.2,185.28 1 0
github.com/raghavkgarg/mycase/pkg/marketdata/marketdata.go:186.3,187.78 2 0
github.com/raghavkgarg/mycase/pkg/marketdata/marketdata.go:188.4,189.12 2 0
github.com/raghavkgarg/mycase/pkg/marketdata/marketdata.go:191.3,191.8 1 0
github.com/raghavkgarg/mycase/pkg/marketdata/marketdata.go:195.2,195.27 1 0
github.com/raghavkgarg/mycase/pkg/marketdata/marketdata.go:196.3,197.79 2 0
github.com/raghavkgarg/mycase/pkg/marketdata/marketdata.go:198.4,199.40 2 0
github.com/raghavkgarg/mycase/pkg/marketdata/marketdata.go:200.5,201.1 1 0
github.com/raghavkgarg/mycase/pkg/marketdata/marketdata.go:207.2,207.23 1 0
github.com/raghavkgarg/mycase/pkg/marketdata/marketdata.go:208.3,209.1 1 0
github.com/raghavkgarg/mycase/pkg/marketdata/marketdata.go:210.2,210.22 1 0
github.com/raghavkgarg/mycase/pkg/marketdata/marketdata.go:211.3,212.1 1 0
github.com/raghavkgarg/mycase/pkg/marketdata/marketdata.go:213.2,213.24 1 0
github.com/raghavkgarg/mycase/pkg/marketdata/marketdata.go:214.3,215.1 1 0
github.com/raghavkgarg/mycase/pkg/marketdata/marketdata.go:216.2,216.27 1 0
github.com/raghavkgarg/mycase/pkg/marketdata/marketdata.go:217.3,218.1 1 0
github.com/raghavkgarg/mycase/pkg/marketdata/marketdata.go:231.2,232.1 1 0
github.com/raghavkgarg/mycase/pkg/marketdata/marketdata.go:237.2,238.1 1 0
github.com/raghavkgarg/mycase/pkg/marketdata/marketdata.go:243.2,244.1 1 1
github.com/raghavkgarg/mycase/pkg/marketdata/marketdata.go:249.2,250.1 1 0
github.com/raghavkgarg/mycase/pkg/marketdata/marketdata.go:255.2,256.1 1 1
github.com/raghavkgarg/mycase/pkg/marketdata/marketdata.go:260.2,261.1 1 0
github.com/raghavkgarg/mycase/pkg/marketdata/marketdata.go:267.2,268.1 1 1
github.com/raghavkgarg/mycase/pkg/marketdata/marketdata.go:272.2,273.1 1 0
github.com/raghavkgarg/mycase/pkg/marketdata/marketdata.go:277.2,278.1 1 0
github.com/raghavkgarg/mycase/pkg/marketdata/marketdata.go:282.2,282.11 1 1
github.com/raghavkgarg/mycase/pkg/marketdata/marketdata.go:284.3,284.32 1 1
github.com/raghavkgarg/mycase/pkg/marketdata/marketdata.go:286.3,286.32 1 1
github.com/raghavkgarg/mycase/pkg/marketdata/marketdata.go:288.3,288.32 1 1
github.com/raghavkgarg/mycase/pkg/marketdata/marketdata.go:290.3,290.32 1 1
github.com/raghavkgarg/mycase/pkg/marketfmt/marketfmt.go:39.2,39.51 1 1
github.com/raghavkgarg/mycase/pkg/marketfmt/marketfmt.go:40.3,41.1 1 1
github.com/raghavkgarg/mycase/pkg/marketfmt/marketfmt.go:42.2,42.14 1 1
github.com/raghavkgarg/mycase/pkg/marketfmt/marketfmt.go:47.2,47.13 1 1
github.com/raghavkgarg/mycase/pkg/marketfmt/marketfmt.go:48.3,49.1 1 1
github.com/raghavkgarg/mycase/pkg/marketfmt/marketfmt.go:50.2,50.14 1 1
github.com/raghavkgarg/mycase/pkg/marketfmt/marketfmt.go:60.2,60.31 1 1
github.com/raghavkgarg/mycase/pkg/marketfmt/marketfmt.go:61.3,62.1 1 1
github.com/raghavkgarg/mycase/pkg/marketfmt/marketfmt.go:63.2,63.53 1 1
github.com/raghavkgarg/mycase/pkg/marketfmt/marketfmt.go:71.2,71.31 1 1
github.com/raghavkgarg/mycase/pkg/marketfmt/marketfmt.go:72.3,73.1 1 0
github.com/raghavkgarg/mycase/pkg/marketfmt/marketfmt.go:74.2,74.41 1 1
github.com/raghavkgarg/mycase/pkg/marketfmt/marketfmt.go:82.2,85.9 4 1
github.com/raghavkgarg/mycase/pkg/marketfmt/marketfmt.go:86.3,87.1 1 1
github.com/raghavkgarg/mycase/pkg/marketfmt/marketfmt.go:88.2,88.22 1 1
github.com/raghavkgarg/mycase/pkg/marketfmt/marketfmt.go:96.2,99.13 4 1
github.com/raghavkgarg/mycase/pkg/marketfmt/marketfmt.go:100.3,101.10 2 1
github.com/raghavkgarg/mycase/pkg/marketfmt/marketfmt.go:103.4,103.29 1 1
github.com/raghavkgarg/mycase/pkg/marketfmt/marketfmt.go:105.4,105.28 1 1
github.com/raghavkgarg/mycase/pkg/marketfmt/marketfmt.go:107.4,107.28 1 1
github.com/raghavkgarg/mycase/pkg/marketfmt/marketfmt.go:109.4,109.28 1 1
github.com/raghavkgarg/mycase/pkg/marketfmt/marketfmt.go:112.3,112.10 1 1
github.com/raghavkgarg/mycase/pkg/marketfmt/marketfmt.go:114.4,114.30 1 1
github.com/raghavkgarg/mycase/pkg/marketfmt/marketfmt.go:116.4,116.29 1 1
github.com/raghavkgarg/mycase/pkg/marketfmt/marketfmt.go:120.2,120.16 1 1
github.com/raghavkgarg/mycase/pkg/marketfmt/marketfmt.go:123.3,124.1 1 1
github.com/raghavkgarg/mycase/pkg/marketfmt/marketfmt.go:125.2,125.51 1 1
github.com/raghavkgarg/mycase/pkg/marketfmt/marketfmt.go:131.2,132.1 4 1
github.com/raghavkgarg/mycase/pkg/marketfmt/marketfmt.go:133.2,135.48 4 1
github.com/raghavkgarg/mycase/pkg/marketfmt/marketfmt.go:136.3,138.1 2 1
github.com/raghavkgarg/mycase/pkg/marketfmt/marketfmt.go:140.2,141.27 2 1
github.com/raghavkgarg/mycase/pkg/marketfmt/marketfmt.go:146.2,147.12 2 1
github.com/raghavkgarg/mycase/pkg/marketfmt/marketfmt.go:148.3,149.1 1 1
github.com/raghavkgarg/mycase/pkg/marketfmt/marketfmt.go:150.2,151.1 3 1
github.com/raghavkgarg/mycase/pkg/marketfmt/marketfmt.go:152.2,153.15 3 1
github.com/raghavkgarg/mycase/pkg/marketfmt/marketfmt.go:154.3,155.1 1 1
github.com/raghavkgarg/mycase/pkg/marketfmt/marketfmt.go:156.2,157.31 2 1
github.com/raghavkgarg/mycase/pkg/marketfmt/marketfmt.go:158.3,160.1 2 1
github.com/raghavkgarg/mycase/pkg/marketfmt/marketfmt.go:161.2,161.19 1 1
github.com/raghavkgarg/mycase/pkg/rawcapture/rawcapture.go:100.2,103.1 3 1
github.com/raghavkgarg/mycase/pkg/rawcapture/rawcapture.go:106.2,109.1 3 1
github.com/raghavkgarg/mycase/pkg/rawcapture/rawcapture.go:125.2,125.24 1 1
github.com/raghavkgarg/mycase/pkg/rawcapture/rawcapture.go:126.3,127.1 1 1
github.com/raghavkgarg/mycase/pkg/rawcapture/rawcapture.go:128.2,128.16 1 1
github.com/raghavkgarg/mycase/pkg/rawcapture/rawcapture.go:134.2,134.23 1 1
github.com/raghavkgarg/mycase/pkg/rawcapture/rawcapture.go:134.25,134.71 1 1
github.com/raghavkgarg/mycase/pkg/rawcapture/rawcapture.go:135.2,135.22 1 1
github.com/raghavkgarg/mycase/pkg/rawcapture/rawcapture.go:139.2,139.47 1 1
github.com/raghavkgarg/mycase/pkg/rawcapture/rawcapture.go:141.3,141.14 1 1
github.com/raghavkgarg/mycase/pkg/rawcapture/rawcapture.go:143.3,143.15 1 1
github.com/raghavkgarg/mycase/pkg/rawcapture/rawcapture.go:150.2,150.47 1 1
github.com/raghavkgarg/mycase/pkg/rawcapture/rawcapture.go:152.3,152.14 1 1
github.com/raghavkgarg/mycase/pkg/rawcapture/rawcapture.go:154.3,154.15 1 1
github.com/raghavkgarg/mycase/pkg/rawcapture/rawcapture.go:174.2,174.31 1 1
github.com/raghavkgarg/mycase/pkg/rawcapture/rawcapture.go:175.3,176.1 1 1
github.com/raghavkgarg/mycase/pkg/rawcapture/rawcapture.go:177.2,178.14 2 1
github.com/raghavkgarg/mycase/pkg/rawcapture/rawcapture.go:181.3,182.1 1 1
github.com/raghavkgarg/mycase/pkg/rawcapture/rawcapture.go:184.2,186.16 3 1
github.com/raghavkgarg/mycase/pkg/rawcapture/rawcapture.go:190.3,191.1 1 0
github.com/raghavkgarg/mycase/pkg/rawcapture/rawcapture.go:193.2,194.1 2 1
github.com/raghavkgarg/mycase/pkg/rawcapture/rawcapture.go:195.2,195.44 2 1
github.com/raghavkgarg/mycase/pkg/rawcapture/rawcapture.go:207.2,207.22 1 1
github.com/raghavkgarg/mycase/pkg/rawcapture/rawcapture.go:208.3,209.1 1 1
github.com/raghavkgarg/mycase/pkg/rawcapture/rawcapture.go:210.2,211.14 2 1
github.com/raghavkgarg/mycase/pkg/rawcapture/rawcapture.go:212.3,213.1 1 1
github.com/raghavkgarg/mycase/pkg/rawcapture/rawcapture.go:214.2,214.41 1 1
github.com/raghavkgarg/mycase/pkg/rawstore/rawstore.go:65.2,65.16 1 1
github.com/raghavkgarg/mycase/pkg/rawstore/rawstore.go:66.3,67.1 1 1
github.com/raghavkgarg/mycase/pkg/rawstore/rawstore.go:68.2,68.69 1 1
github.com/raghavkgarg/mycase/pkg/rawstore/rawstore.go:73.2,74.1 1 0
github.com/raghavkgarg/mycase/pkg/rawstore/rawstore.go:90.2,91.24 2 1
github.com/raghavkgarg/mycase/pkg/rawstore/rawstore.go:92.3,93.1 1 1
github.com/raghavkgarg/mycase/pkg/rawstore/rawstore.go:94.2,94.40 1 1
github.com/raghavkgarg/mycase/pkg/rawstore/rawstore.go:95.3,96.1 1 1
github.com/raghavkgarg/mycase/pkg/rawstore/rawstore.go:97.2,97.29 1 1
github.com/raghavkgarg/mycase/pkg/rawstore/rawstore.go:98.3,99.1 1 1
github.com/raghavkgarg/mycase/pkg/rawstore/rawstore.go:101.2,102.23 2 1
github.com/raghavkgarg/mycase/pkg/rawstore/rawstore.go:103.3,104.1 1 1
github.com/raghavkgarg/mycase/pkg/rawstore/rawstore.go:105.2,105.39 1 1
github.com/raghavkgarg/mycase/pkg/rawstore/rawstore.go:106.3,107.1 1 1
github.com/raghavkgarg/mycase/pkg/rawstore/rawstore.go:108.2,108.28 1 1
github.com/raghavkgarg/mycase/pkg/rawstore/rawstore.go:109.3,110.1 1 1
github.com/raghavkgarg/mycase/pkg/rawstore/rawstore.go:112.2,115.1 1 1
github.com/raghavkgarg/mycase/pkg/rawstore/rawstore.go:121.2,122.13 2 1
github.com/raghavkgarg/mycase/pkg/rawstore/rawstore.go:123.3,124.1 1 1
github.com/raghavkgarg/mycase/pkg/rawstore/rawstore.go:125.2,126.25 2 1
github.com/raghavkgarg/mycase/pkg/rawstore/rawstore.go:127.3,128.1 1 0
github.com/raghavkgarg/mycase/pkg/rawstore/rawstore.go:129.2,129.16 1 1
github.com/raghavkgarg/mycase/pkg/rawstore/rawstore.go:135.2,135.14 1 1
github.com/raghavkgarg/mycase/pkg/rawstore/rawstore.go:136.3,137.1 1 1
github.com/raghavkgarg/mycase/pkg/rawstore/rawstore.go:138.2,138.16 1 1
github.com/raghavkgarg/mycase/pkg/rawstore/rawstore.go:150.2,150.14 1 1
github.com/raghavkgarg/mycase/pkg/rawstore/rawstore.go:151.3,152.1 1 1
github.com/raghavkgarg/mycase/pkg/rawstore/rawstore.go:153.2,153.53 1 1
github.com/raghavkgarg/mycase/pkg/rawstore/rawstore.go:154.3,155.1 1 0
github.com/raghavkgarg/mycase/pkg/rawstore/rawstore.go:156.2,157.81 2 1
github.com/raghavkgarg/mycase/pkg/rawstore/rawstore.go:158.3,159.1 1 0
github.com/raghavkgarg/mycase/pkg/rawstore/rawstore.go:160.2,166.3 1 1
github.com/raghavkgarg/mycase/pkg/rawstore/rawstore.go:172.2,172.14 1 1
github.com/raghavkgarg/mycase/pkg/rawstore/rawstore.go:173.3,174.1 1 1
github.com/raghavkgarg/mycase/pkg/rawstore/rawstore.go:175.2,176.9 2 1
github.com/raghavkgarg/mycase/pkg/rawstore/rawstore.go:177.3,178.1 1 1
github.com/raghavkgarg/mycase/pkg/rawstore/rawstore.go:179.2,180.16 2 1
github.com/raghavkgarg/mycase/pkg/rawstore/rawstore.go:181.3,182.1 1 0
github.com/raghavkgarg/mycase/pkg/rawstore/rawstore.go:183.2,183.50 1 1
github.com/raghavkgarg/mycase/pkg/rawstore/rawstore.go:215.38,215.79 1 1
github.com/raghavkgarg/mycase/pkg/rawstore/rawstore.go:227.2,228.14 2 1
github.com/raghavkgarg/mycase/pkg/rawstore/rawstore.go:229.3,230.1 1 1
github.com/raghavkgarg/mycase/pkg/rawstore/rawstore.go:232.2,233.16 2 1
github.com/raghavkgarg/mycase/pkg/rawstore/rawstore.go:235.3,235.25 1 1
github.com/raghavkgarg/mycase/pkg/rawstore/rawstore.go:236.4,237.1 1 1
github.com/raghavkgarg/mycase/pkg/rawstore/rawstore.go:238.3,238.18 1 0
github.com/raghavkgarg/mycase/pkg/rawstore/rawstore.go:241.2,245.1 3 1
github.com/raghavkgarg/mycase/pkg/rawstore/rawstore.go:246.2,247.28 3 1
github.com/raghavkgarg/mycase/pkg/rawstore/rawstore.go:248.3,248.16 1 1
github.com/raghavkgarg/mycase/pkg/rawstore/rawstore.go:249.4,249.12 1 0
github.com/raghavkgarg/mycase/pkg/rawstore/rawstore.go:251.3,252.1 2 1
github.com/raghavkgarg/mycase/pkg/rawstore/rawstore.go:253.3,253.67 2 1
github.com/raghavkgarg/mycase/pkg/rawstore/rawstore.go:254.4,254.12 1 1
github.com/raghavkgarg/mycase/pkg/rawstore/rawstore.go:256.3,257.17 2 1
github.com/raghavkgarg/mycase/pkg/rawstore/rawstore.go:258.4,258.12 1 0
github.com/raghavkgarg/mycase/pkg/rawstore/rawstore.go:260.3,260.87 1 1
github.com/raghavkgarg/mycase/pkg/rawstore/rawstore.go:265.2,265.40 1 1
github.com/raghavkgarg/mycase/pkg/rawstore/rawstore.go:265.42,265.92 1 1
github.com/raghavkgarg/mycase/pkg/rawstore/rawstore.go:267.2,267.29 1 1
github.com/raghavkgarg/mycase/pkg/rawstore/rawstore.go:268.3,268.68 1 1
github.com/raghavkgarg/mycase/pkg/rawstore/rawstore.go:269.4,270.1 1 0
github.com/raghavkgarg/mycase/pkg/rawstore/rawstore.go:271.3,272.70 2 1
github.com/raghavkgarg/mycase/pkg/rawstore/rawstore.go:276.2,278.20 3 1
github.com/raghavkgarg/mycase/pkg/rawstore/rawstore.go:279.3,280.27 2 1
github.com/raghavkgarg/mycase/pkg/rawstore/rawstore.go:281.4,281.32 1 1
github.com/raghavkgarg/mycase/pkg/rawstore/rawstore.go:282.5,284.13 3 1
github.com/raghavkgarg/mycase/pkg/rawstore/rawstore.go:286.4,287.19 2 1
github.com/raghavkgarg/mycase/pkg/rawstore/rawstore.go:290.3,290.27 1 1
github.com/raghavkgarg/mycase/pkg/rawstore/rawstore.go:291.4,293.1 2 1
github.com/raghavkgarg/mycase/pkg/rawstore/rawstore.go:297.2,297.22 1 1
github.com/raghavkgarg/mycase/pkg/rawstore/rawstore.go:298.3,299.45 2 1
github.com/raghavkgarg/mycase/pkg/rawstore/rawstore.go:300.4,304.1 4 1
github.com/raghavkgarg/mycase/pkg/rawstore/rawstore.go:305.3,305.18 1 1
github.com/raghavkgarg/mycase/pkg/rawstore/rawstore.go:308.2,310.1 3 1
github.com/raghavkgarg/mycase/pkg/rawstore/rawstore.go:311.2,311.23 3 1
github.com/raghavkgarg/mycase/pkg/rawstore/rawstore.go:312.3,319.1 1 1
github.com/raghavkgarg/mycase/pkg/rawstore/rawstore.go:320.2,320.17 1 1
github.com/raghavkgarg/mycase/pkg/rawstore/rawstore.go:347.2,347.39 1 1
github.com/raghavkgarg/mycase/pkg/rawstore/rawstore.go:348.3,349.1 1 1
github.com/raghavkgarg/mycase/pkg/rawstore/rawstore.go:350.2,353.20 4 1
github.com/raghavkgarg/mycase/pkg/rawstore/rawstore.go:355.3,355.64 1 1
github.com/raghavkgarg/mycase/pkg/rawstore/rawstore.go:357.3,357.44 1 1
github.com/raghavkgarg/mycase/pkg/rawstore/rawstore.go:359.3,359.24 1 1
github.com/raghavkgarg/mycase/pkg/rawstore/rawstore.go:361.2,363.16 3 1
github.com/raghavkgarg/mycase/pkg/rawstore/rawstore.go:364.3,365.1 1 1
github.com/raghavkgarg/mycase/pkg/rawstore/rawstore.go:366.2,368.16 3 1
github.com/raghavkgarg/mycase/pkg/rawstore/rawstore.go:380.2,383.1 1 1
github.com/raghavkgarg/mycase/pkg/rawstore/rawstore.go:388.2,388.18 1 1
github.com/raghavkgarg/mycase/pkg/rawstore/rawstore.go:389.3,390.1 1 1
github.com/raghavkgarg/mycase/pkg/rawstore/rawstore.go:391.2,391.72 1 1
github.com/raghavkgarg/mycase/pkg/rawstore/rawstore.go:401.2,401.14 1 1
github.com/raghavkgarg/mycase/pkg/rawstore/rawstore.go:402.3,403.1 1 1
github.com/raghavkgarg/mycase/pkg/rawstore/rawstore.go:404.2,405.16 2 1
github.com/raghavkgarg/mycase/pkg/rawstore/rawstore.go:406.3,406.25 1 1
github.com/raghavkgarg/mycase/pkg/rawstore/rawstore.go:407.4,408.1 1 1
github.com/raghavkgarg/mycase/pkg/rawstore/rawstore.go:409.3,409.18 1 0
github.com/raghavkgarg/mycase/pkg/rawstore/rawstore.go:411.2,412.32 2 1
github.com/raghavkgarg/mycase/pkg/rawstore/rawstore.go:413.3,413.17 1 1
github.com/raghavkgarg/mycase/pkg/rawstore/rawstore.go:414.4,414.12 1 0
github.com/raghavkgarg/mycase/pkg/rawstore/rawstore.go:416.3,417.10 2 1
github.com/raghavkgarg/mycase/pkg/rawstore/rawstore.go:418.4,418.12 1 1
github.com/raghavkgarg/mycase/pkg/rawstore/rawstore.go:420.3,420.25 1 1
github.com/raghavkgarg/mycase/pkg/rawstore/rawstore.go:421.4,421.12 1 1
github.com/raghavkgarg/mycase/pkg/rawstore/rawstore.go:423.3,423.41 1 1
github.com/raghavkgarg/mycase/pkg/rawstore/rawstore.go:424.4,425.1 1 1
github.com/raghavkgarg/mycase/pkg/rawstore/rawstore.go:426.3,426.23 1 1
github.com/raghavkgarg/mycase/pkg/rawstore/rawstore.go:428.2,428.38 1 1
github.com/raghavkgarg/mycase/pkg/rawstore/rawstore.go:429.3,429.38 1 1
github.com/raghavkgarg/mycase/pkg/rawstore/rawstore.go:430.4,431.1 1 1
github.com/raghavkgarg/mycase/pkg/rawstore/rawstore.go:432.3,432.35 1 0
github.com/raghavkgarg/mycase/pkg/rawstore/rawstore.go:434.2,434.17 1 1
github.com/raghavkgarg/mycase/pkg/rawstore/rawstore.go:444.2,444.14 1 1
github.com/raghavkgarg/mycase/pkg/rawstore/rawstore.go:445.3,446.1 1 1
github.com/raghavkgarg/mycase/pkg/rawstore/rawstore.go:447.2,448.33 2 1
github.com/raghavkgarg/mycase/pkg/rawstore/rawstore.go:449.3,450.1 1 1
github.com/raghavkgarg/mycase/pkg/rawstore/rawstore.go:451.2,451.17 1 1
github.com/raghavkgarg/mycase/pkg/rawstore/rawstore.go:452.3,453.1 1 1
github.com/raghavkgarg/mycase/pkg/rawstore/rawstore.go:455.2,455.24 1 1
github.com/raghavkgarg/mycase/pkg/rawstore/rawstore.go:456.3,456.36 1 1
github.com/raghavkgarg/mycase/pkg/rawstore/rawstore.go:457.4,458.1 1 1
github.com/raghavkgarg/mycase/pkg/rawstore/rawstore.go:461.2,461.24 1 1
github.com/raghavkgarg/mycase/pkg/rawstore/rawstore.go:462.3,462.34 1 1
github.com/raghavkgarg/mycase/pkg/rawstore/rawstore.go:463.4,464.1 1 1
github.com/raghavkgarg/mycase/pkg/rawstore/rawstore.go:466.2,466.18 1 1
github.com/raghavkgarg/mycase/pkg/rawstore/rawstore.go:471.2,471.14 1 1
github.com/raghavkgarg/mycase/pkg/rawstore/rawstore.go:472.3,473.1 1 1
github.com/raghavkgarg/mycase/pkg/rawstore/rawstore.go:474.2,474.17 1 1
github.com/raghavkgarg/mycase/pkg/rawstore/rawstore.go:482.2,483.16 2 1
github.com/raghavkgarg/mycase/pkg/rawstore/rawstore.go:484.3,485.1 1 0
github.com/raghavkgarg/mycase/pkg/rawstore/rawstore.go:486.2,488.34 3 1
github.com/raghavkgarg/mycase/pkg/rawstore/rawstore.go:489.3,490.1 1 1
github.com/raghavkgarg/mycase/pkg/rawstore/rawstore.go:491.2,492.28 2 1
github.com/raghavkgarg/mycase/pkg/rawstore/rawstore.go:493.3,493.16 1 1
github.com/raghavkgarg/mycase/pkg/rawstore/rawstore.go:494.4,494.12 1 0
github.com/raghavkgarg/mycase/pkg/rawstore/rawstore.go:496.3,497.70 2 1
github.com/raghavkgarg/mycase/pkg/rawstore/rawstore.go:498.4,498.12 1 1
github.com/raghavkgarg/mycase/pkg/rawstore/rawstore.go:503.3,503.34 1 1
github.com/raghavkgarg/mycase/pkg/rawstore/rawstore.go:504.4,504.12 1 1
github.com/raghavkgarg/mycase/pkg/rawstore/rawstore.go:506.3,506.17 1 1
github.com/raghavkgarg/mycase/pkg/rawstore/rawstore.go:507.4,508.1 1 1
github.com/raghavkgarg/mycase/pkg/rawstore/rawstore.go:510.2,510.29 1 1
github.com/raghavkgarg/mycase/pkg/rawstore/rawstore.go:517.2,520.15 4 1
github.com/raghavkgarg/mycase/pkg/rawstore/rawstore.go:521.3,522.1 1 1
github.com/raghavkgarg/mycase/pkg/rawstore/rawstore.go:523.2,523.44 1 1
github.com/raghavkgarg/mycase/pkg/rawstore/rawstore.go:529.2,530.1 1 1
github.com/raghavkgarg/mycase/pkg/rawstore/rawstore.go:537.2,541.15 5 1
github.com/raghavkgarg/mycase/pkg/rawstore/rawstore.go:542.3,543.1 1 1
github.com/raghavkgarg/mycase/pkg/rawstore/rawstore.go:544.2,544.59 1 1
github.com/raghavkgarg/mycase/pkg/rawstore/rawstore.go:550.2,551.13 2 1
github.com/raghavkgarg/mycase/pkg/rawstore/rawstore.go:552.3,553.1 1 1
github.com/raghavkgarg/mycase/pkg/rawstore/rawstore.go:554.2,555.22 2 1
github.com/raghavkgarg/mycase/pkg/rawstore/rawstore.go:556.3,556.10 1 1
github.com/raghavkgarg/mycase/pkg/rawstore/rawstore.go:558.4,558.18 1 1
github.com/raghavkgarg/mycase/pkg/rawstore/rawstore.go:560.4,560.20 1 1
github.com/raghavkgarg/mycase/pkg/rawstore/rawstore.go:563.2,564.15 2 1
github.com/raghavkgarg/mycase/pkg/rawstore/rawstore.go:565.3,566.1 1 0
github.com/raghavkgarg/mycase/pkg/rawstore/rawstore.go:567.2,567.12 1 1
github.com/raghavkgarg/mycase/pkg/rawstore/rawstore.go:573.2,573.37 1 1
github.com/raghavkgarg/mycase/pkg/rawstore/rawstore.go:574.3,575.1 1 1
github.com/raghavkgarg/mycase/pkg/rawstore/rawstore.go:576.2,577.27 2 1
github.com/raghavkgarg/mycase/pkg/rawstore/rawstore.go:578.3,579.1 1 1
github.com/raghavkgarg/mycase/pkg/rawstore/rawstore.go:580.2,580.10 1 1
github.com/raghavkgarg/mycase/pkg/render/color.go:17.2,18.1 2 1
github.com/raghavkgarg/mycase/pkg/render/color.go:19.2,20.1 2 1
github.com/raghavkgarg/mycase/pkg/render/color.go:24.2,26.1 2 1
github.com/raghavkgarg/mycase/pkg/render/color.go:29.2,29.24 1 1
github.com/raghavkgarg/mycase/pkg/render/color.go:30.3,32.1 2 1
github.com/raghavkgarg/mycase/pkg/render/color.go:35.2,35.43 1 0
github.com/raghavkgarg/mycase/pkg/render/color.go:36.3,38.1 2 0
github.com/raghavkgarg/mycase/pkg/render/color.go:41.2,41.58 1 0
github.com/raghavkgarg/mycase/pkg/render/color.go:42.3,44.1 2 0
github.com/raghavkgarg/mycase/pkg/render/color.go:47.2,48.34 2 0
github.com/raghavkgarg/mycase/pkg/render/color.go:49.3,51.1 2 0
github.com/raghavkgarg/mycase/pkg/render/color.go:54.2,55.16 2 0
github.com/raghavkgarg/mycase/pkg/render/color.go:56.3,58.1 2 0
github.com/raghavkgarg/mycase/pkg/render/color.go:59.2,59.55 1 0
github.com/raghavkgarg/mycase/pkg/render/color.go:64.2,64.13 1 1
github.com/raghavkgarg/mycase/pkg/render/color.go:65.3,66.1 1 1
github.com/raghavkgarg/mycase/pkg/render/color.go:67.2,67.12 1 1
github.com/raghavkgarg/mycase/pkg/render/color.go:72.2,75.1 3 1
github.com/raghavkgarg/mycase/pkg/render/format.go:11.2,11.12 1 1
github.com/raghavkgarg/mycase/pkg/render/format.go:12.3,13.1 1 1
github.com/raghavkgarg/mycase/pkg/render/format.go:14.2,14.33 1 1
github.com/raghavkgarg/mycase/pkg/render/format.go:22.2,24.1 8 1
github.com/raghavkgarg/mycase/pkg/render/format.go:26.2,27.1 8 1
github.com/raghavkgarg/mycase/pkg/render/format.go:29.2,32.1 8 1
github.com/raghavkgarg/mycase/pkg/render/format.go:34.2,35.1 8 1
github.com/raghavkgarg/mycase/pkg/render/format.go:36.2,36.14 8 1
github.com/raghavkgarg/mycase/pkg/render/format.go:37.3,38.1 1 1
github.com/raghavkgarg/mycase/pkg/render/format.go:39.2,39.38 1 1
github.com/raghavkgarg/mycase/pkg/render/format.go:46.2,46.9 1 1
github.com/raghavkgarg/mycase/pkg/render/format.go:48.3,48.32 1 1
github.com/raghavkgarg/mycase/pkg/render/format.go:50.3,50.42 1 1
github.com/raghavkgarg/mycase/pkg/render/format.go:52.3,52.26 1 1
github.com/raghavkgarg/mycase/pkg/render/format.go:60.2,60.9 1 1
github.com/raghavkgarg/mycase/pkg/render/format.go:62.3,62.35 1 1
github.com/raghavkgarg/mycase/pkg/render/format.go:64.3,64.45 1 1
github.com/raghavkgarg/mycase/pkg/render/format.go:66.3,66.17 1 1
github.com/raghavkgarg/mycase/pkg/render/format.go:73.2,74.12 2 1
github.com/raghavkgarg/mycase/pkg/render/format.go:75.3,76.1 1 1
github.com/raghavkgarg/mycase/pkg/render/format.go:79.2,81.1 4 1
github.com/raghavkgarg/mycase/pkg/render/format.go:82.2,83.15 4 1
github.com/raghavkgarg/mycase/pkg/render/format.go:84.3,85.1 1 1
github.com/raghavkgarg/mycase/pkg/render/format.go:86.2,87.31 2 1
github.com/raghavkgarg/mycase/pkg/render/format.go:88.3,90.1 2 1
github.com/raghavkgarg/mycase/pkg/render/format.go:91.2,91.20 1 1
github.com/raghavkgarg/mycase/pkg/render/render.go:86.2,87.1 1 1
github.com/raghavkgarg/mycase/pkg/render/table.go:17.45,17.57 1 1
github.com/raghavkgarg/mycase/pkg/render/table.go:20.2,21.1 1 1
github.com/raghavkgarg/mycase/pkg/render/table.go:24.2,25.1 1 1
github.com/raghavkgarg/mycase/pkg/render/table.go:28.2,29.1 1 1
github.com/raghavkgarg/mycase/pkg/render/table.go:32.2,33.1 1 1
github.com/raghavkgarg/mycase/pkg/render/table.go:45.2,46.1 1 1
github.com/raghavkgarg/mycase/pkg/render/table.go:51.2,52.1 1 1
github.com/raghavkgarg/mycase/pkg/render/table.go:56.2,57.1 1 1
github.com/raghavkgarg/mycase/pkg/render/table.go:61.2,62.1 1 1
github.com/raghavkgarg/mycase/pkg/render/table.go:66.2,67.1 1 1
github.com/raghavkgarg/mycase/pkg/render/table.go:75.2,77.1 4 1
github.com/raghavkgarg/mycase/pkg/render/table.go:78.2,79.26 4 1
github.com/raghavkgarg/mycase/pkg/render/table.go:80.3,81.1 1 0
github.com/raghavkgarg/mycase/pkg/render/table.go:82.2,87.22 6 1
github.com/raghavkgarg/mycase/pkg/render/table.go:91.2,91.21 1 1
github.com/raghavkgarg/mycase/pkg/render/table.go:92.3,93.1 1 1
github.com/raghavkgarg/mycase/pkg/render/table.go:94.2,95.26 2 1
github.com/raghavkgarg/mycase/pkg/render/table.go:96.3,96.28 1 1
github.com/raghavkgarg/mycase/pkg/render/table.go:97.4,98.1 1 1
github.com/raghavkgarg/mycase/pkg/render/table.go:100.2,100.26 1 1
github.com/raghavkgarg/mycase/pkg/render/table.go:101.3,103.1 2 1
github.com/raghavkgarg/mycase/pkg/render/table.go:109.2,109.51 1 1
github.com/raghavkgarg/mycase/pkg/render/table.go:110.3,111.1 1 1
github.com/raghavkgarg/mycase/pkg/render/table.go:113.2,113.15 1 1
github.com/raghavkgarg/mycase/pkg/render/table.go:114.3,114.31 1 1
github.com/raghavkgarg/mycase/pkg/render/table.go:115.4,116.1 1 0
github.com/raghavkgarg/mycase/pkg/render/table.go:119.2,119.31 1 1
github.com/raghavkgarg/mycase/pkg/render/table.go:120.3,122.1 2 1
github.com/raghavkgarg/mycase/pkg/render/table.go:123.2,123.26 1 1
github.com/raghavkgarg/mycase/pkg/render/table.go:128.2,130.1 3 1
github.com/raghavkgarg/mycase/pkg/render/table.go:131.2,131.27 3 1
github.com/raghavkgarg/mycase/pkg/render/table.go:132.3,134.34 3 1
github.com/raghavkgarg/mycase/pkg/render/table.go:135.4,136.1 1 1
github.com/raghavkgarg/mycase/pkg/render/table.go:137.3,137.45 1 1
github.com/raghavkgarg/mycase/pkg/render/table.go:140.2,140.32 1 1
github.com/raghavkgarg/mycase/pkg/render/table.go:141.3,142.1 1 1
github.com/raghavkgarg/mycase/pkg/render/table.go:144.2,144.26 1 1
github.com/raghavkgarg/mycase/pkg/render/table.go:145.3,146.23 2 1
github.com/raghavkgarg/mycase/pkg/render/table.go:147.4,148.1 1 1
github.com/raghavkgarg/mycase/pkg/render/table.go:149.3,150.69 2 1
github.com/raghavkgarg/mycase/pkg/render/table.go:153.2,153.12 1 1
github.com/raghavkgarg/mycase/pkg/render/table.go:159.2,160.18 2 1
github.com/raghavkgarg/mycase/pkg/render/table.go:161.3,161.33 1 0
github.com/raghavkgarg/mycase/pkg/render/table.go:162.4,163.1 1 0
github.com/raghavkgarg/mycase/pkg/render/table.go:167.2,168.35 2 1
github.com/raghavkgarg/mycase/pkg/render/table.go:169.3,169.50 1 1
github.com/raghavkgarg/mycase/pkg/render/table.go:170.4,170.50 1 1
github.com/raghavkgarg/mycase/pkg/render/table.go:171.5,172.1 1 1
github.com/raghavkgarg/mycase/pkg/render/table.go:175.2,176.32 2 1
github.com/raghavkgarg/mycase/pkg/render/table.go:177.3,178.1 1 1
github.com/raghavkgarg/mycase/pkg/render/table.go:179.2,180.1 2 1
github.com/raghavkgarg/mycase/pkg/render/table.go:181.2,181.38 2 1
github.com/raghavkgarg/mycase/pkg/render/table.go:182.3,184.32 3 1
github.com/raghavkgarg/mycase/pkg/render/table.go:185.4,186.1 1 1
github.com/raghavkgarg/mycase/pkg/render/table.go:187.3,187.36 1 1
github.com/raghavkgarg/mycase/pkg/render/table.go:190.2,190.24 1 1
github.com/raghavkgarg/mycase/pkg/render/table.go:191.3,192.29 2 1
github.com/raghavkgarg/mycase/pkg/render/table.go:193.4,194.1 1 1
github.com/raghavkgarg/mycase/pkg/render/table.go:196.3,197.36 2 1
github.com/raghavkgarg/mycase/pkg/render/table.go:200.2,200.27 1 1
github.com/raghavkgarg/mycase/pkg/render/table.go:201.3,203.1 2 1
github.com/raghavkgarg/mycase/pkg/render/table.go:204.2,204.32 1 1
github.com/raghavkgarg/mycase/pkg/render/table.go:205.3,206.1 1 1
github.com/raghavkgarg/mycase/pkg/render/table.go:207.2,207.26 1 1
github.com/raghavkgarg/mycase/pkg/render/table.go:208.3,210.1 2 1
github.com/raghavkgarg/mycase/pkg/render/table.go:214.2,214.20 1 1
github.com/raghavkgarg/mycase/pkg/render/table.go:215.3,216.1 1 1
github.com/raghavkgarg/mycase/pkg/render/table.go:217.2,217.18 1 0
github.com/raghavkgarg/mycase/pkg/render/table.go:222.2,223.14 2 1
github.com/raghavkgarg/mycase/pkg/render/table.go:224.3,225.1 1 1
github.com/raghavkgarg/mycase/pkg/render/table.go:226.2,226.21 1 1
github.com/raghavkgarg/mycase/pkg/render/table.go:227.3,228.1 1 1
github.com/raghavkgarg/mycase/pkg/render/table.go:229.2,229.37 1 1
github.com/raghavkgarg/mycase/pkg/render/table.go:234.2,235.1 1 1
github.com/raghavkgarg/mycase/pkg/render/table.go:239.2,239.29 1 1
github.com/raghavkgarg/mycase/pkg/render/table.go:240.3,241.1 1 1
github.com/raghavkgarg/mycase/pkg/render/table.go:242.2,244.15 3 1
github.com/raghavkgarg/mycase/pkg/render/table.go:249.2,249.22 1 0
github.com/raghavkgarg/mycase/pkg/render/table.go:250.3,251.1 1 0
github.com/raghavkgarg/mycase/pkg/render/table.go:252.2,252.27 1 0
github.com/raghavkgarg/mycase/pkg/render/table.go:253.3,254.1 1 0
github.com/raghavkgarg/mycase/pkg/scheduler/dispatch.go:28.2,42.16 3 0
github.com/raghavkgarg/mycase/pkg/scheduler/dispatch.go:43.3,45.29 3 0
github.com/raghavkgarg/mycase/pkg/scheduler/dispatch.go:46.4,47.1 1 0
github.com/raghavkgarg/mycase/pkg/scheduler/dispatch.go:48.3,49.34 2 0
github.com/raghavkgarg/mycase/pkg/scheduler/dispatch.go:50.4,51.1 1 0
github.com/raghavkgarg/mycase/pkg/scheduler/dispatch.go:53.2,53.16 1 0
github.com/raghavkgarg/mycase/pkg/scheduler/dispatch.go:59.2,61.16 3 0
github.com/raghavkgarg/mycase/pkg/scheduler/dispatch.go:62.3,64.1 2 0
github.com/raghavkgarg/mycase/pkg/scheduler/dispatch.go:65.2,65.16 1 0
github.com/raghavkgarg/mycase/pkg/scheduler/dispatch.go:75.2,81.16 3 0
github.com/raghavkgarg/mycase/pkg/scheduler/dispatch.go:82.3,83.1 1 0
github.com/raghavkgarg/mycase/pkg/scheduler/dispatch.go:84.2,84.39 1 0
github.com/raghavkgarg/mycase/pkg/scheduler/dispatch.go:85.3,89.36 4 0
github.com/raghavkgarg/mycase/pkg/scheduler/dispatch.go:90.4,91.1 1 0
github.com/raghavkgarg/mycase/pkg/scheduler/dispatch.go:93.2,93.16 1 0
github.com/raghavkgarg/mycase/pkg/scheduler/dispatch.go:94.3,95.1 1 0
github.com/raghavkgarg/mycase/pkg/scheduler/dispatch.go:96.2,98.1 2 0
github.com/raghavkgarg/mycase/pkg/scheduler/dispatch.go:99.2,99.37 2 0
github.com/raghavkgarg/mycase/pkg/scheduler/dispatch.go:104.3,107.1 2 0
github.com/raghavkgarg/mycase/pkg/scheduler/dispatch.go:108.3,110.1 1 0
github.com/raghavkgarg/mycase/pkg/scheduler/dispatch.go:111.2,111.16 1 0
github.com/raghavkgarg/mycase/pkg/scheduler/dispatch.go:119.2,119.67 1 1
github.com/raghavkgarg/mycase/pkg/scheduler/dispatch.go:120.3,121.1 1 0
github.com/raghavkgarg/mycase/pkg/scheduler/dispatch.go:122.2,123.16 2 1
github.com/raghavkgarg/mycase/pkg/scheduler/dispatch.go:124.3,125.1 1 0
github.com/raghavkgarg/mycase/pkg/scheduler/dispatch.go:126.2,126.57 1 1
github.com/raghavkgarg/mycase/pkg/scheduler/lock.go:26.2,27.1 1 0
github.com/raghavkgarg/mycase/pkg/scheduler/lock.go:32.26,32.64 1 1
github.com/raghavkgarg/mycase/pkg/scheduler/lock.go:38.2,40.9 3 1
github.com/raghavkgarg/mycase/pkg/scheduler/lock.go:41.3,42.1 1 1
github.com/raghavkgarg/mycase/pkg/scheduler/lock.go:43.2,43.22 1 1
github.com/raghavkgarg/mycase/pkg/scheduler/lock.go:44.3,45.1 1 1
github.com/raghavkgarg/mycase/pkg/scheduler/lock.go:46.2,46.22 1 1
github.com/raghavkgarg/mycase/pkg/scheduler/lock.go:57.2,58.60 2 1
github.com/raghavkgarg/mycase/pkg/scheduler/lock.go:59.3,60.1 1 0
github.com/raghavkgarg/mycase/pkg/scheduler/lock.go:62.2,62.44 1 1
github.com/raghavkgarg/mycase/pkg/scheduler/lock.go:63.3,64.1 1 1
github.com/raghavkgarg/mycase/pkg/scheduler/lock.go:64.9,64.41 1 1
github.com/raghavkgarg/mycase/pkg/scheduler/lock.go:65.3,66.1 1 0
github.com/raghavkgarg/mycase/pkg/scheduler/lock.go:69.2,69.78 1 1
github.com/raghavkgarg/mycase/pkg/scheduler/lock.go:70.3,71.1 1 1
github.com/raghavkgarg/mycase/pkg/scheduler/lock.go:73.2,73.72 1 1
github.com/raghavkgarg/mycase/pkg/scheduler/lock.go:74.3,75.1 1 0
github.com/raghavkgarg/mycase/pkg/scheduler/lock.go:76.2,76.25 1 1
github.com/raghavkgarg/mycase/pkg/scheduler/lock.go:82.2,83.16 2 1
github.com/raghavkgarg/mycase/pkg/scheduler/lock.go:84.3,85.1 1 1
github.com/raghavkgarg/mycase/pkg/scheduler/lock.go:86.2,87.63 2 1
github.com/raghavkgarg/mycase/pkg/scheduler/lock.go:88.3,89.1 1 0
github.com/raghavkgarg/mycase/pkg/scheduler/lock.go:90.2,90.31 1 1
github.com/raghavkgarg/mycase/pkg/scheduler/lock.go:96.2,96.14 1 1
github.com/raghavkgarg/mycase/pkg/scheduler/lock.go:97.3,98.1 1 0
github.com/raghavkgarg/mycase/pkg/scheduler/lock.go:99.2,99.23 1 1
github.com/raghavkgarg/mycase/pkg/scheduler/lock.go:105.2,106.16 2 1
github.com/raghavkgarg/mycase/pkg/scheduler/lock.go:107.3,108.1 1 1
github.com/raghavkgarg/mycase/pkg/scheduler/lock.go:109.2,110.26 2 1
github.com/raghavkgarg/mycase/pkg/scheduler/lock.go:111.3,112.1 1 1
github.com/raghavkgarg/mycase/pkg/scheduler/lock.go:113.2,113.16 1 1
github.com/raghavkgarg/mycase/pkg/scheduler/lock.go:120.2,121.16 2 1
github.com/raghavkgarg/mycase/pkg/scheduler/lock.go:122.3,123.1 1 0
github.com/raghavkgarg/mycase/pkg/scheduler/lock.go:124.2,125.16 2 1
github.com/raghavkgarg/mycase/pkg/scheduler/lock.go:126.3,127.1 1 0
github.com/raghavkgarg/mycase/pkg/scheduler/lock.go:128.2,128.38 1 1
github.com/raghavkgarg/mycase/pkg/scheduler/plan.go:27.2,35.1 4 1
github.com/raghavkgarg/mycase/pkg/scheduler/plan.go:38.2,38.63 4 1
github.com/raghavkgarg/mycase/pkg/scheduler/plan.go:39.3,40.1 1 1
github.com/raghavkgarg/mycase/pkg/scheduler/plan.go:42.2,42.21 1 1
github.com/raghavkgarg/mycase/pkg/scheduler/plan.go:43.3,45.1 2 1
github.com/raghavkgarg/mycase/pkg/scheduler/plan.go:46.3,46.25 2 1
github.com/raghavkgarg/mycase/pkg/scheduler/plan.go:47.4,48.1 1 1
github.com/raghavkgarg/mycase/pkg/scheduler/plan.go:49.3,49.11 1 1
github.com/raghavkgarg/mycase/pkg/scheduler/plan.go:52.2,53.1 2 1
github.com/raghavkgarg/mycase/pkg/scheduler/plan.go:55.2,55.9 2 1
github.com/raghavkgarg/mycase/pkg/scheduler/plan.go:57.3,57.69 1 0
github.com/raghavkgarg/mycase/pkg/scheduler/plan.go:59.3,59.41 1 1
github.com/raghavkgarg/mycase/pkg/scheduler/plan.go:61.3,61.50 1 0
github.com/raghavkgarg/mycase/pkg/scheduler/plan.go:65.2,65.9 1 1
github.com/raghavkgarg/mycase/pkg/scheduler/plan.go:67.3,67.52 1 0
github.com/raghavkgarg/mycase/pkg/scheduler/plan.go:69.3,69.71 1 0
github.com/raghavkgarg/mycase/pkg/scheduler/plan.go:71.3,71.43 1 1
github.com/raghavkgarg/mycase/pkg/scheduler/plan.go:75.2,75.9 1 1
github.com/raghavkgarg/mycase/pkg/scheduler/plan.go:77.3,77.56 1 1
github.com/raghavkgarg/mycase/pkg/scheduler/plan.go:79.3,79.47 1 0
github.com/raghavkgarg/mycase/pkg/scheduler/plan.go:81.3,81.77 1 0
github.com/raghavkgarg/mycase/pkg/scheduler/plan.go:84.2,84.10 1 1
github.com/raghavkgarg/mycase/pkg/scheduler/plan.go:89.2,91.13 3 1
github.com/raghavkgarg/mycase/pkg/scheduler/plan.go:92.3,93.1 1 0
github.com/raghavkgarg/mycase/pkg/scheduler/plan.go:94.2,98.26 5 1
github.com/raghavkgarg/mycase/pkg/scheduler/plan.go:99.3,100.1 1 1
github.com/raghavkgarg/mycase/pkg/scheduler/plan.go:101.3,102.1 1 0
github.com/raghavkgarg/mycase/pkg/scheduler/plan.go:103.2,103.26 1 1
github.com/raghavkgarg/mycase/pkg/scheduler/plan.go:104.3,105.1 1 0
github.com/raghavkgarg/mycase/pkg/scheduler/plan.go:106.3,107.32 2 1
github.com/raghavkgarg/mycase/pkg/scheduler/plan.go:108.4,109.1 1 1
github.com/raghavkgarg/mycase/pkg/scheduler/plan.go:111.2,111.24 1 1
github.com/raghavkgarg/mycase/pkg/scheduler/plan.go:112.3,113.31 2 1
github.com/raghavkgarg/mycase/pkg/scheduler/plan.go:114.4,115.1 1 1
github.com/raghavkgarg/mycase/pkg/scheduler/plan.go:117.2,117.19 1 1
github.com/raghavkgarg/mycase/pkg/scheduler/plan.go:126.2,129.16 4 1
github.com/raghavkgarg/mycase/pkg/scheduler/plan.go:132.3,133.1 1 1
github.com/raghavkgarg/mycase/pkg/scheduler/plan.go:134.2,134.24 1 1
github.com/raghavkgarg/mycase/pkg/scheduler/plan.go:135.3,136.1 1 1
github.com/raghavkgarg/mycase/pkg/scheduler/plan.go:137.2,138.16 2 1
github.com/raghavkgarg/mycase/pkg/scheduler/plan.go:139.3,140.1 1 0
github.com/raghavkgarg/mycase/pkg/scheduler/plan.go:141.2,142.77 2 1
github.com/raghavkgarg/mycase/pkg/scheduler/plan.go:143.3,143.26 1 1
github.com/raghavkgarg/mycase/pkg/scheduler/plan.go:144.4,145.1 1 1
github.com/raghavkgarg/mycase/pkg/scheduler/plan.go:147.2,147.14 1 1
github.com/raghavkgarg/mycase/pkg/scheduler/plan.go:151.2,151.20 1 1
github.com/raghavkgarg/mycase/pkg/scheduler/plan.go:152.3,153.1 1 0
github.com/raghavkgarg/mycase/pkg/scheduler/plan.go:154.2,154.16 1 1
github.com/raghavkgarg/mycase/pkg/scheduler/report.go:36.2,37.1 1 1
github.com/raghavkgarg/mycase/pkg/scheduler/report.go:41.2,42.1 1 1
github.com/raghavkgarg/mycase/pkg/scheduler/report.go:75.2,76.1 1 1
github.com/raghavkgarg/mycase/pkg/scheduler/report.go:80.2,80.14 1 1
github.com/raghavkgarg/mycase/pkg/scheduler/report.go:81.3,82.1 1 1
github.com/raghavkgarg/mycase/pkg/scheduler/report.go:83.2,83.91 1 1
github.com/raghavkgarg/mycase/pkg/scheduler/report.go:89.2,89.14 1 1
github.com/raghavkgarg/mycase/pkg/scheduler/report.go:90.3,91.1 1 0
github.com/raghavkgarg/mycase/pkg/scheduler/report.go:92.2,92.63 1 1
github.com/raghavkgarg/mycase/pkg/scheduler/report.go:97.2,97.18 1 1
github.com/raghavkgarg/mycase/pkg/scheduler/report.go:98.3,99.1 1 1
github.com/raghavkgarg/mycase/pkg/scheduler/report.go:100.2,100.48 1 0
github.com/raghavkgarg/mycase/pkg/scheduler/report.go:105.2,105.29 1 1
github.com/raghavkgarg/mycase/pkg/scheduler/report.go:106.3,106.19 1 1
github.com/raghavkgarg/mycase/pkg/scheduler/report.go:107.4,108.1 1 1
github.com/raghavkgarg/mycase/pkg/scheduler/report.go:110.2,110.13 1 1
github.com/raghavkgarg/mycase/pkg/scheduler/report.go:115.2,115.29 1 1
github.com/raghavkgarg/mycase/pkg/scheduler/report.go:116.3,116.19 1 1
github.com/raghavkgarg/mycase/pkg/scheduler/report.go:117.4,118.1 1 1
github.com/raghavkgarg/mycase/pkg/scheduler/report.go:120.2,120.16 1 0
github.com/raghavkgarg/mycase/pkg/scheduler/report.go:135.2,137.1 3 1
github.com/raghavkgarg/mycase/pkg/scheduler/report.go:140.2,140.31 3 1
github.com/raghavkgarg/mycase/pkg/scheduler/report.go:141.3,142.1 1 1
github.com/raghavkgarg/mycase/pkg/scheduler/report.go:144.2,144.24 1 1
github.com/raghavkgarg/mycase/pkg/scheduler/report.go:145.3,148.1 3 1
github.com/raghavkgarg/mycase/pkg/scheduler/report.go:150.2,150.29 1 1
github.com/raghavkgarg/mycase/pkg/scheduler/report.go:151.3,153.19 3 1
github.com/raghavkgarg/mycase/pkg/scheduler/report.go:154.4,154.20 1 1
github.com/raghavkgarg/mycase/pkg/scheduler/report.go:155.5,156.1 1 1
github.com/raghavkgarg/mycase/pkg/scheduler/report.go:157.5,158.1 1 0
github.com/raghavkgarg/mycase/pkg/scheduler/report.go:160.3,161.39 2 1
github.com/raghavkgarg/mycase/pkg/scheduler/report.go:162.4,163.1 1 1
github.com/raghavkgarg/mycase/pkg/scheduler/report.go:164.3,164.19 1 1
github.com/raghavkgarg/mycase/pkg/scheduler/report.go:165.4,166.1 1 1
github.com/raghavkgarg/mycase/pkg/scheduler/report.go:169.2,170.12 2 1
github.com/raghavkgarg/mycase/pkg/scheduler/report.go:171.3,172.1 1 1
github.com/raghavkgarg/mycase/pkg/scheduler/report.go:173.3,175.1 2 1
github.com/raghavkgarg/mycase/pkg/scheduler/report.go:176.2,176.19 1 1
github.com/raghavkgarg/mycase/pkg/scheduler/report.go:184.2,184.14 1 1
github.com/raghavkgarg/mycase/pkg/scheduler/report.go:185.3,186.1 1 1
github.com/raghavkgarg/mycase/pkg/scheduler/report.go:187.2,188.63 2 1
github.com/raghavkgarg/mycase/pkg/scheduler/report.go:189.3,190.1 1 0
github.com/raghavkgarg/mycase/pkg/scheduler/report.go:191.2,192.16 2 1
github.com/raghavkgarg/mycase/pkg/scheduler/report.go:193.3,194.1 1 0
github.com/raghavkgarg/mycase/pkg/scheduler/report.go:195.2,196.53 2 1
github.com/raghavkgarg/mycase/pkg/scheduler/report.go:197.3,198.1 1 0
github.com/raghavkgarg/mycase/pkg/scheduler/report.go:199.2,199.12 1 1
github.com/raghavkgarg/mycase/pkg/scheduler/report.go:206.2,206.21 1 1
github.com/raghavkgarg/mycase/pkg/scheduler/report.go:208.3,209.1 1 1
github.com/raghavkgarg/mycase/pkg/scheduler/report.go:210.2,210.38 1 1
github.com/raghavkgarg/mycase/pkg/scheduler/scheduler.go:123.2,123.27 1 1
github.com/raghavkgarg/mycase/pkg/scheduler/scheduler.go:124.3,125.1 1 1
github.com/raghavkgarg/mycase/pkg/scheduler/scheduler.go:126.2,126.54 1 0
github.com/raghavkgarg/mycase/pkg/scheduler/scheduler.go:134.2,134.22 1 1
github.com/raghavkgarg/mycase/pkg/scheduler/scheduler.go:135.3,136.1 1 1
github.com/raghavkgarg/mycase/pkg/scheduler/scheduler.go:137.2,137.49 1 0
github.com/raghavkgarg/mycase/pkg/scheduler/scheduler.go:143.2,143.30 1 1
github.com/raghavkgarg/mycase/pkg/scheduler/scheduler.go:144.3,145.1 1 0
github.com/raghavkgarg/mycase/pkg/scheduler/scheduler.go:146.2,146.28 1 1
github.com/raghavkgarg/mycase/pkg/scheduler/scheduler.go:170.2,171.1 1 0
github.com/raghavkgarg/mycase/pkg/scheduler/scheduler.go:175.2,177.1 2 0
github.com/raghavkgarg/mycase/pkg/scheduler/scheduler.go:183.2,187.1 6 0
github.com/raghavkgarg/mycase/pkg/scheduler/scheduler.go:188.2,192.1 6 0
github.com/raghavkgarg/mycase/pkg/scheduler/scheduler.go:193.2,193.6 6 0
github.com/raghavkgarg/mycase/pkg/scheduler/scheduler.go:194.3,197.1 3 0
github.com/raghavkgarg/mycase/pkg/scheduler/scheduler.go:198.3,198.10 3 0
github.com/raghavkgarg/mycase/pkg/scheduler/scheduler.go:200.4,201.14 2 0
github.com/raghavkgarg/mycase/pkg/scheduler/scheduler.go:202.39,202.39 0 0
github.com/raghavkgarg/mycase/pkg/scheduler/scheduler.go:205.3,209.26 5 0
github.com/raghavkgarg/mycase/pkg/scheduler/scheduler.go:230.2,231.16 2 1
github.com/raghavkgarg/mycase/pkg/scheduler/scheduler.go:232.3,232.55 1 0
github.com/raghavkgarg/mycase/pkg/scheduler/scheduler.go:233.4,234.1 1 0
github.com/raghavkgarg/mycase/pkg/scheduler/scheduler.go:235.3,235.13 1 0
github.com/raghavkgarg/mycase/pkg/scheduler/scheduler.go:237.2,238.1 12 1
github.com/raghavkgarg/mycase/pkg/scheduler/scheduler.go:244.2,246.1 12 1
github.com/raghavkgarg/mycase/pkg/scheduler/scheduler.go:247.2,250.1 12 1
github.com/raghavkgarg/mycase/pkg/scheduler/scheduler.go:251.2,257.1 12 1
github.com/raghavkgarg/mycase/pkg/scheduler/scheduler.go:258.2,259.12 12 1
github.com/raghavkgarg/mycase/pkg/scheduler/scheduler.go:269.2,269.35 1 1
github.com/raghavkgarg/mycase/pkg/scheduler/scheduler.go:270.3,271.1 1 0
github.com/raghavkgarg/mycase/pkg/scheduler/scheduler.go:272.2,275.116 2 1
github.com/raghavkgarg/mycase/pkg/scheduler/scheduler.go:284.2,284.63 1 1
github.com/raghavkgarg/mycase/pkg/scheduler/scheduler.go:285.3,286.1 1 1
github.com/raghavkgarg/mycase/pkg/scheduler/scheduler.go:287.2,287.36 1 1
github.com/raghavkgarg/mycase/pkg/scheduler/scheduler.go:288.3,290.1 2 0
github.com/raghavkgarg/mycase/pkg/scheduler/scheduler.go:291.2,291.104 1 1
github.com/raghavkgarg/mycase/pkg/scheduler/scheduler.go:297.2,299.16 3 1
github.com/raghavkgarg/mycase/pkg/scheduler/scheduler.go:300.3,301.1 1 0
github.com/raghavkgarg/mycase/pkg/scheduler/scheduler.go:302.2,305.27 3 1
github.com/raghavkgarg/mycase/pkg/scheduler/scheduler.go:306.3,307.1 1 1
github.com/raghavkgarg/mycase/pkg/scheduler/scheduler.go:309.2,309.32 1 1
github.com/raghavkgarg/mycase/pkg/scheduler/scheduler.go:310.3,311.1 1 1
github.com/raghavkgarg/mycase/pkg/scheduler/scheduler.go:312.2,312.15 1 1
github.com/raghavkgarg/mycase/pkg/scheduler/scheduler.go:319.2,319.36 1 1
github.com/raghavkgarg/mycase/pkg/scheduler/scheduler.go:320.3,323.1 2 1
github.com/raghavkgarg/mycase/pkg/scheduler/scheduler.go:324.2,326.1 4 1
github.com/raghavkgarg/mycase/pkg/scheduler/scheduler.go:327.2,328.1 4 1
github.com/raghavkgarg/mycase/pkg/scheduler/scheduler.go:333.2,333.77 4 1
github.com/raghavkgarg/mycase/pkg/scheduler/scheduler.go:334.3,335.1 1 1
github.com/raghavkgarg/mycase/pkg/scheduler/scheduler.go:338.2,338.63 1 1
github.com/raghavkgarg/mycase/pkg/scheduler/scheduler.go:339.3,340.1 1 1
github.com/raghavkgarg/mycase/pkg/scheduler/scheduler.go:342.2,342.18 1 1
github.com/raghavkgarg/mycase/pkg/scheduler/scheduler.go:343.3,344.1 1 1
github.com/raghavkgarg/mycase/pkg/scheduler/scheduler.go:354.2,359.16 6 1
github.com/raghavkgarg/mycase/pkg/scheduler/scheduler.go:360.3,366.1 5 1
github.com/raghavkgarg/mycase/pkg/scheduler/scheduler.go:367.2,370.122 4 1
github.com/raghavkgarg/mycase/pkg/scheduler/scheduler.go:380.2,380.31 1 1
github.com/raghavkgarg/mycase/pkg/scheduler/scheduler.go:381.3,382.1 1 0
github.com/raghavkgarg/mycase/pkg/scheduler/scheduler.go:383.2,384.53 2 1
github.com/raghavkgarg/mycase/pkg/scheduler/scheduler.go:385.3,386.1 1 1
github.com/raghavkgarg/mycase/pkg/scheduler/scheduler.go:388.2,390.1 4 1
github.com/raghavkgarg/mycase/pkg/scheduler/scheduler.go:391.2,392.24 4 1
github.com/raghavkgarg/mycase/pkg/scheduler/scheduler.go:393.3,396.1 3 1
github.com/raghavkgarg/mycase/pkg/scheduler/scheduler.go:397.3,399.1 3 1
github.com/raghavkgarg/mycase/pkg/scheduler/scheduler.go:400.2,400.29 1 0
github.com/raghavkgarg/mycase/pkg/scheduler/scheduler.go:401.3,401.37 1 0
github.com/raghavkgarg/mycase/pkg/scheduler/scheduler.go:402.4,403.1 1 0
github.com/raghavkgarg/mycase/pkg/scheduler/scheduler.go:405.2,407.24 2 0
github.com/raghavkgarg/mycase/pkg/scheduler/scheduler.go:413.2,413.15 1 1
github.com/raghavkgarg/mycase/pkg/scheduler/scheduler.go:414.3,419.1 1 1
github.com/raghavkgarg/mycase/pkg/scheduler/scheduler.go:420.2,424.9 1 1
github.com/raghavkgarg/mycase/pkg/scheduler/scheduler.go:430.2,430.22 1 1
github.com/raghavkgarg/mycase/pkg/scheduler/scheduler.go:431.3,432.1 1 0
github.com/raghavkgarg/mycase/pkg/scheduler/scheduler.go:433.2,435.48 3 1
github.com/raghavkgarg/mycase/pkg/scheduler/scheduler.go:436.3,437.1 1 1
github.com/raghavkgarg/mycase/pkg/scheduler/scheduler.go:438.2,438.73 1 1
github.com/raghavkgarg/mycase/pkg/scheduler/scheduler.go:440.3,441.1 1 0
github.com/raghavkgarg/mycase/pkg/scheduler/scheduler.go:442.2,444.66 2 1
github.com/raghavkgarg/mycase/pkg/scheduler/scheduler.go:450.2,451.46 2 1
github.com/raghavkgarg/mycase/pkg/scheduler/scheduler.go:452.3,453.1 1 1
github.com/raghavkgarg/mycase/pkg/scheduler/scheduler.go:454.2,454.66 1 1
github.com/raghavkgarg/mycase/pkg/scheduler/state.go:34.2,34.22 1 1
github.com/raghavkgarg/mycase/pkg/scheduler/state.go:35.3,36.1 1 0
github.com/raghavkgarg/mycase/pkg/scheduler/state.go:37.2,37.29 1 1
github.com/raghavkgarg/mycase/pkg/scheduler/state.go:41.2,41.22 1 1
github.com/raghavkgarg/mycase/pkg/scheduler/state.go:42.3,43.1 1 0
github.com/raghavkgarg/mycase/pkg/scheduler/state.go:44.2,44.28 1 1
github.com/raghavkgarg/mycase/pkg/scheduler/state.go:49.2,51.1 2 1
github.com/raghavkgarg/mycase/pkg/scheduler/state.go:56.2,56.23 1 1
github.com/raghavkgarg/mycase/pkg/scheduler/state.go:57.3,58.1 1 0
github.com/raghavkgarg/mycase/pkg/scheduler/state.go:59.2,60.30 2 1
github.com/raghavkgarg/mycase/pkg/scheduler/state.go:65.2,65.23 1 1
github.com/raghavkgarg/mycase/pkg/scheduler/state.go:66.3,67.1 1 0
github.com/raghavkgarg/mycase/pkg/scheduler/state.go:68.2,68.30 1 1
github.com/raghavkgarg/mycase/pkg/scheduler/state.go:73.2,74.1 1 1
github.com/raghavkgarg/mycase/pkg/scheduler/state.go:78.2,78.22 1 1
github.com/raghavkgarg/mycase/pkg/scheduler/state.go:79.3,80.1 1 0
github.com/raghavkgarg/mycase/pkg/scheduler/state.go:81.2,81.29 1 1
github.com/raghavkgarg/mycase/pkg/scheduler/state.go:85.2,86.1 1 1
github.com/raghavkgarg/mycase/pkg/scheduler/state.go:91.2,93.16 3 0
github.com/raghavkgarg/mycase/pkg/scheduler/state.go:94.3,95.1 1 0
github.com/raghavkgarg/mycase/pkg/scheduler/state.go:96.2,96.49 1 0
github.com/raghavkgarg/mycase/pkg/scheduler/state.go:97.3,98.1 1 0
github.com/raghavkgarg/mycase/pkg/scheduler/state.go:99.2,99.22 1 0
github.com/raghavkgarg/mycase/pkg/scheduler/state.go:100.3,101.1 1 0
github.com/raghavkgarg/mycase/pkg/scheduler/state.go:102.2,102.23 1 0
github.com/raghavkgarg/mycase/pkg/scheduler/state.go:103.3,104.1 1 0
github.com/raghavkgarg/mycase/pkg/scheduler/state.go:105.2,105.22 1 0
github.com/raghavkgarg/mycase/pkg/scheduler/state.go:106.3,107.1 1 0
github.com/raghavkgarg/mycase/pkg/scheduler/state.go:108.2,108.15 1 0
github.com/raghavkgarg/mycase/pkg/scheduler/state.go:113.2,117.1 1 1
github.com/raghavkgarg/mycase/pkg/scheduler/state.go:122.2,125.16 4 1
github.com/raghavkgarg/mycase/pkg/scheduler/state.go:126.3,127.1 1 0
github.com/raghavkgarg/mycase/pkg/scheduler/state.go:128.2,128.37 1 1
github.com/raghavkgarg/mycase/pkg/monitoring/mock.go:50.2,52.1 7 0
github.com/raghavkgarg/mycase/pkg/monitoring/mock.go:53.2,57.1 7 0
github.com/raghavkgarg/mycase/pkg/monitoring/mock.go:58.2,58.60 7 0
github.com/raghavkgarg/mycase/pkg/monitoring/mock.go:59.3,60.1 1 0
github.com/raghavkgarg/mycase/pkg/monitoring/mock.go:62.2,62.25 1 0
github.com/raghavkgarg/mycase/pkg/monitoring/mock.go:63.3,64.1 1 0
github.com/raghavkgarg/mycase/pkg/monitoring/mock.go:66.2,66.28 1 0
github.com/raghavkgarg/mycase/pkg/monitoring/mock.go:67.3,69.56 3 0
github.com/raghavkgarg/mycase/pkg/monitoring/mock.go:70.4,70.29 1 0
github.com/raghavkgarg/mycase/pkg/monitoring/mock.go:71.5,76.1 9 0
github.com/raghavkgarg/mycase/pkg/monitoring/mock.go:77.5,80.1 9 0
github.com/raghavkgarg/mycase/pkg/monitoring/mock.go:81.5,81.27 9 0
github.com/raghavkgarg/mycase/pkg/monitoring/mock.go:82.6,85.42 4 0
github.com/raghavkgarg/mycase/pkg/monitoring/mock.go:86.7,87.1 1 0
github.com/raghavkgarg/mycase/pkg/monitoring/mock.go:89.5,93.1 5 0
github.com/raghavkgarg/mycase/pkg/monitoring/mock.go:94.5,99.1 5 0
github.com/raghavkgarg/mycase/pkg/monitoring/mock.go:101.4,103.12 3 0
github.com/raghavkgarg/mycase/pkg/monitoring/mock.go:105.3,107.1 4 0
github.com/raghavkgarg/mycase/pkg/monitoring/mock.go:108.3,109.14 4 0
github.com/raghavkgarg/mycase/pkg/monitoring/mock.go:110.4,118.1 1 0
github.com/raghavkgarg/mycase/pkg/monitoring/mock.go:120.3,134.1 7 0
github.com/raghavkgarg/mycase/pkg/monitoring/mock.go:136.3,141.24 7 0
github.com/raghavkgarg/mycase/pkg/monitoring/mock.go:142.4,147.1 5 0
github.com/raghavkgarg/mycase/pkg/monitoring/mock.go:148.3,150.1 1 0
github.com/raghavkgarg/mycase/pkg/monitoring/mock.go:152.2,152.8 1 0
github.com/raghavkgarg/mycase/pkg/monitoring/mock.go:156.2,161.23 6 0
github.com/raghavkgarg/mycase/pkg/monitoring/mock.go:162.3,167.1 5 0
github.com/raghavkgarg/mycase/pkg/monitoring/mock.go:168.2,170.1 1 0
github.com/raghavkgarg/mycase/pkg/monitoring/presets.go:15.2,17.1 3 0
github.com/raghavkgarg/mycase/pkg/monitoring/presets.go:18.2,18.32 3 0
github.com/raghavkgarg/mycase/pkg/monitoring/presets.go:20.3,25.12 6 0
github.com/raghavkgarg/mycase/pkg/monitoring/presets.go:26.4,27.1 1 0
github.com/raghavkgarg/mycase/pkg/monitoring/presets.go:29.3,34.12 6 0
github.com/raghavkgarg/mycase/pkg/monitoring/presets.go:35.4,36.1 1 0
github.com/raghavkgarg/mycase/pkg/monitoring/presets.go:38.3,43.12 6 0
github.com/raghavkgarg/mycase/pkg/monitoring/presets.go:44.4,45.1 1 0
github.com/raghavkgarg/mycase/pkg/monitoring/presets.go:47.2,47.10 1 0
github.com/raghavkgarg/mycase/pkg/monitoring/simulator.go:14.2,14.15 1 0
github.com/raghavkgarg/mycase/pkg/monitoring/simulator.go:15.3,16.1 1 0
github.com/raghavkgarg/mycase/pkg/monitoring/simulator.go:17.2,17.70 1 0
github.com/raghavkgarg/mycase/pkg/monitoring/simulator.go:18.3,21.42 4 0
github.com/raghavkgarg/mycase/pkg/monitoring/simulator.go:22.4,23.1 1 0
github.com/raghavkgarg/mycase/pkg/monitoring/simulator.go:24.3,25.13 2 0
github.com/raghavkgarg/mycase/pkg/monitoring/simulator.go:26.4,27.1 1 0
github.com/raghavkgarg/mycase/pkg/monitoring/simulator.go:29.2,29.12 1 0
github.com/raghavkgarg/mycase/pkg/monitoring/simulator.go:34.2,35.1 2 1
github.com/raghavkgarg/mycase/pkg/monitoring/simulator.go:36.2,36.47 2 1
github.com/raghavkgarg/mycase/pkg/monitoring/simulator.go:37.3,38.1 1 1
github.com/raghavkgarg/mycase/pkg/monitoring/simulator.go:40.2,40.25 1 1
github.com/raghavkgarg/mycase/pkg/monitoring/simulator.go:41.3,42.1 1 1
github.com/raghavkgarg/mycase/pkg/monitoring/simulator.go:44.2,44.25 1 1
github.com/raghavkgarg/mycase/pkg/monitoring/simulator.go:45.3,46.1 1 1
github.com/raghavkgarg/mycase/pkg/monitoring/simulator.go:47.2,47.17 1 1
github.com/raghavkgarg/mycase/pkg/monitoring/simulator.go:59.2,62.1 2 1
github.com/raghavkgarg/mycase/pkg/monitoring/simulator.go:64.2,64.25 2 1
github.com/raghavkgarg/mycase/pkg/monitoring/simulator.go:65.3,66.1 1 1
github.com/raghavkgarg/mycase/pkg/monitoring/simulator.go:70.2,71.30 2 1
github.com/raghavkgarg/mycase/pkg/monitoring/simulator.go:72.3,73.39 2 1
github.com/raghavkgarg/mycase/pkg/monitoring/simulator.go:74.4,75.1 1 0
github.com/raghavkgarg/mycase/pkg/monitoring/simulator.go:80.2,80.23 1 1
github.com/raghavkgarg/mycase/pkg/monitoring/simulator.go:81.3,82.1 1 1
github.com/raghavkgarg/mycase/pkg/monitoring/simulator.go:85.2,87.1 3 1
github.com/raghavkgarg/mycase/pkg/monitoring/simulator.go:88.2,88.28 3 1
github.com/raghavkgarg/mycase/pkg/monitoring/simulator.go:89.3,89.77 1 0
github.com/raghavkgarg/mycase/pkg/monitoring/simulator.go:90.4,91.21 2 0
github.com/raghavkgarg/mycase/pkg/monitoring/simulator.go:92.5,93.1 1 0
github.com/raghavkgarg/mycase/pkg/monitoring/simulator.go:94.4,96.44 3 0
github.com/raghavkgarg/mycase/pkg/monitoring/simulator.go:97.5,99.17 3 0
github.com/raghavkgarg/mycase/pkg/monitoring/simulator.go:100.6,101.1 1 0
github.com/raghavkgarg/mycase/pkg/monitoring/simulator.go:102.5,102.23 1 0
github.com/raghavkgarg/mycase/pkg/monitoring/simulator.go:103.6,105.1 2 0
github.com/raghavkgarg/mycase/pkg/monitoring/simulator.go:107.4,107.57 1 0
github.com/raghavkgarg/mycase/pkg/monitoring/simulator.go:108.5,110.1 2 0
github.com/raghavkgarg/mycase/pkg/monitoring/simulator.go:116.2,124.1 9 1
github.com/raghavkgarg/mycase/pkg/monitoring/simulator.go:125.2,125.30 9 1
github.com/raghavkgarg/mycase/pkg/monitoring/simulator.go:126.3,127.40 2 1
github.com/raghavkgarg/mycase/pkg/monitoring/simulator.go:128.4,128.12 1 0
github.com/raghavkgarg/mycase/pkg/monitoring/simulator.go:130.3,136.37 7 1
github.com/raghavkgarg/mycase/pkg/monitoring/simulator.go:139.2,140.1 2 1
github.com/raghavkgarg/mycase/pkg/monitoring/simulator.go:142.2,142.81 2 1
github.com/raghavkgarg/mycase/pkg/monitoring/simulator.go:144.3,145.31 2 1
github.com/raghavkgarg/mycase/pkg/monitoring/simulator.go:146.4,147.1 1 1
github.com/raghavkgarg/mycase/pkg/monitoring/simulator.go:148.3,148.27 1 1
github.com/raghavkgarg/mycase/pkg/monitoring/simulator.go:149.4,150.1 1 1
github.com/raghavkgarg/mycase/pkg/monitoring/simulator.go:153.3,155.1 3 1
github.com/raghavkgarg/mycase/pkg/monitoring/simulator.go:157.3,157.31 3 1
github.com/raghavkgarg/mycase/pkg/monitoring/simulator.go:158.4,161.1 6 1
github.com/raghavkgarg/mycase/pkg/monitoring/simulator.go:162.4,164.1 6 1
github.com/raghavkgarg/mycase/pkg/monitoring/simulator.go:165.4,165.37 6 1
github.com/raghavkgarg/mycase/pkg/monitoring/simulator.go:166.5,170.1 4 1
github.com/raghavkgarg/mycase/pkg/monitoring/simulator.go:172.5,173.1 1 1
github.com/raghavkgarg/mycase/pkg/monitoring/simulator.go:174.4,174.28 1 1
github.com/raghavkgarg/mycase/pkg/monitoring/simulator.go:178.3,178.31 1 1
github.com/raghavkgarg/mycase/pkg/monitoring/simulator.go:179.4,182.1 6 1
github.com/raghavkgarg/mycase/pkg/monitoring/simulator.go:183.4,185.1 6 1
github.com/raghavkgarg/mycase/pkg/monitoring/simulator.go:186.4,186.38 6 1
github.com/raghavkgarg/mycase/pkg/monitoring/simulator.go:187.5,190.1 3 1
github.com/raghavkgarg/mycase/pkg/monitoring/simulator.go:192.3,192.17 1 1
github.com/raghavkgarg/mycase/pkg/monitoring/simulator.go:196.2,196.31 1 1
github.com/raghavkgarg/mycase/pkg/monitoring/simulator.go:198.3,200.31 3 1
github.com/raghavkgarg/mycase/pkg/monitoring/simulator.go:201.4,205.1 4 1
github.com/raghavkgarg/mycase/pkg/monitoring/simulator.go:208.3,209.31 2 1
github.com/raghavkgarg/mycase/pkg/monitoring/simulator.go:210.4,211.1 1 1
github.com/raghavkgarg/mycase/pkg/monitoring/simulator.go:212.3,213.1 2 1
github.com/raghavkgarg/mycase/pkg/monitoring/simulator.go:215.3,215.31 2 1
github.com/raghavkgarg/mycase/pkg/monitoring/simulator.go:216.4,218.1 6 1
github.com/raghavkgarg/mycase/pkg/monitoring/simulator.go:219.4,222.38 6 1
github.com/raghavkgarg/mycase/pkg/monitoring/simulator.go:223.5,224.1 1 1
github.com/raghavkgarg/mycase/pkg/monitoring/simulator.go:225.4,226.1 5 1
github.com/raghavkgarg/mycase/pkg/monitoring/simulator.go:228.4,231.38 5 1
github.com/raghavkgarg/mycase/pkg/monitoring/simulator.go:232.5,233.1 1 1
github.com/raghavkgarg/mycase/pkg/monitoring/simulator.go:234.4,235.1 4 1
github.com/raghavkgarg/mycase/pkg/monitoring/simulator.go:236.4,238.51 4 1
github.com/raghavkgarg/mycase/pkg/monitoring/simulator.go:240.5,241.1 1 0
github.com/raghavkgarg/mycase/pkg/monitoring/simulator.go:242.4,242.33 1 1
github.com/raghavkgarg/mycase/pkg/monitoring/simulator.go:243.5,244.1 2 1
github.com/raghavkgarg/mycase/pkg/monitoring/simulator.go:245.5,245.82 2 1
github.com/raghavkgarg/mycase/pkg/monitoring/simulator.go:246.6,247.1 1 0
github.com/raghavkgarg/mycase/pkg/monitoring/simulator.go:249.5,251.1 2 1
github.com/raghavkgarg/mycase/pkg/monitoring/simulator.go:255.3,256.31 2 1
github.com/raghavkgarg/mycase/pkg/monitoring/simulator.go:257.4,259.38 3 1
github.com/raghavkgarg/mycase/pkg/monitoring/simulator.go:260.5,261.10 2 1
github.com/raghavkgarg/mycase/pkg/monitoring/simulator.go:265.3,265.21 1 1
github.com/raghavkgarg/mycase/pkg/monitoring/simulator.go:266.4,267.1 1 1
github.com/raghavkgarg/mycase/pkg/monitoring/simulator.go:270.3,270.26 1 1
github.com/raghavkgarg/mycase/pkg/monitoring/simulator.go:271.4,272.1 1 0
github.com/raghavkgarg/mycase/pkg/monitoring/simulator.go:275.3,275.25 1 1
github.com/raghavkgarg/mycase/pkg/monitoring/simulator.go:276.4,278.32 3 1
github.com/raghavkgarg/mycase/pkg/monitoring/simulator.go:279.5,280.16 2 1
github.com/raghavkgarg/mycase/pkg/monitoring/simulator.go:281.6,281.14 1 0
github.com/raghavkgarg/mycase/pkg/monitoring/simulator.go:284.5,284.19 1 1
github.com/raghavkgarg/mycase/pkg/monitoring/simulator.go:287.6,288.1 6 0
github.com/raghavkgarg/mycase/pkg/monitoring/simulator.go:290.6,293.1 6 0
github.com/raghavkgarg/mycase/pkg/monitoring/simulator.go:294.6,295.52 6 0
github.com/raghavkgarg/mycase/pkg/monitoring/simulator.go:296.7,297.1 1 0
github.com/raghavkgarg/mycase/pkg/monitoring/simulator.go:298.6,300.1 5 0
github.com/raghavkgarg/mycase/pkg/monitoring/simulator.go:302.6,304.21 5 0
github.com/raghavkgarg/mycase/pkg/monitoring/simulator.go:305.7,306.1 1 0
github.com/raghavkgarg/mycase/pkg/monitoring/simulator.go:307.6,311.1 7 0
github.com/raghavkgarg/mycase/pkg/monitoring/simulator.go:313.6,314.1 7 0
github.com/raghavkgarg/mycase/pkg/monitoring/simulator.go:315.6,316.23 7 0
github.com/raghavkgarg/mycase/pkg/monitoring/simulator.go:317.7,318.1 1 0
github.com/raghavkgarg/mycase/pkg/monitoring/simulator.go:319.6,319.27 1 0
github.com/raghavkgarg/mycase/pkg/monitoring/simulator.go:320.7,321.1 1 0
github.com/raghavkgarg/mycase/pkg/monitoring/simulator.go:322.6,322.22 1 0
github.com/raghavkgarg/mycase/pkg/monitoring/simulator.go:323.7,324.1 1 0
github.com/raghavkgarg/mycase/pkg/monitoring/simulator.go:327.6,327.44 1 0
github.com/raghavkgarg/mycase/pkg/monitoring/simulator.go:328.7,329.1 1 0
github.com/raghavkgarg/mycase/pkg/monitoring/simulator.go:329.13,329.30 1 0
github.com/raghavkgarg/mycase/pkg/monitoring/simulator.go:330.7,331.73 2 0
github.com/raghavkgarg/mycase/pkg/monitoring/simulator.go:332.8,333.1 1 0
github.com/raghavkgarg/mycase/pkg/monitoring/simulator.go:335.7,336.1 1 0
github.com/raghavkgarg/mycase/pkg/monitoring/simulator.go:339.6,340.1 4 1
github.com/raghavkgarg/mycase/pkg/monitoring/simulator.go:341.6,343.21 4 1
github.com/raghavkgarg/mycase/pkg/monitoring/simulator.go:344.7,345.1 1 0
github.com/raghavkgarg/mycase/pkg/monitoring/simulator.go:346.6,347.1 7 1
github.com/raghavkgarg/mycase/pkg/monitoring/simulator.go:348.6,350.1 7 1
github.com/raghavkgarg/mycase/pkg/monitoring/simulator.go:351.6,353.1 7 1
github.com/raghavkgarg/mycase/pkg/monitoring/simulator.go:354.6,355.21 7 1
github.com/raghavkgarg/mycase/pkg/monitoring/simulator.go:356.7,357.1 1 1
github.com/raghavkgarg/mycase/pkg/monitoring/simulator.go:358.6,358.18 1 1
github.com/raghavkgarg/mycase/pkg/monitoring/simulator.go:359.7,360.1 1 1
github.com/raghavkgarg/mycase/pkg/monitoring/simulator.go:361.6,361.18 1 1
github.com/raghavkgarg/mycase/pkg/monitoring/simulator.go:362.7,363.1 1 0
github.com/raghavkgarg/mycase/pkg/monitoring/simulator.go:365.6,365.22 1 1
github.com/raghavkgarg/mycase/pkg/monitoring/simulator.go:366.7,367.1 1 1
github.com/raghavkgarg/mycase/pkg/monitoring/simulator.go:367.13,367.30 1 0
github.com/raghavkgarg/mycase/pkg/monitoring/simulator.go:368.7,369.73 2 0
github.com/raghavkgarg/mycase/pkg/monitoring/simulator.go:370.8,371.1 1 0
github.com/raghavkgarg/mycase/pkg/monitoring/simulator.go:373.7,374.1 1 0
github.com/raghavkgarg/mycase/pkg/monitoring/simulator.go:379.4,379.23 1 1
github.com/raghavkgarg/mycase/pkg/monitoring/simulator.go:380.5,380.30 1 1
github.com/raghavkgarg/mycase/pkg/monitoring/simulator.go:382.6,388.1 6 1
github.com/raghavkgarg/mycase/pkg/monitoring/simulator.go:390.5,391.33 2 1
github.com/raghavkgarg/mycase/pkg/monitoring/simulator.go:392.6,393.1 1 0
github.com/raghavkgarg/mycase/pkg/monitoring/simulator.go:394.5,395.53 2 1
github.com/raghavkgarg/mycase/pkg/monitoring/simulator.go:401.2,402.30 2 1
github.com/raghavkgarg/mycase/pkg/monitoring/simulator.go:403.3,405.1 2 1
github.com/raghavkgarg/mycase/pkg/monitoring/simulator.go:407.2,408.30 2 1
github.com/raghavkgarg/mycase/pkg/monitoring/simulator.go:409.3,410.1 1 1
github.com/raghavkgarg/mycase/pkg/monitoring/simulator.go:411.2,412.1 11 1
github.com/raghavkgarg/mycase/pkg/monitoring/simulator.go:413.2,415.1 11 1
github.com/raghavkgarg/mycase/pkg/monitoring/simulator.go:417.2,423.1 11 1
github.com/raghavkgarg/mycase/pkg/monitoring/simulator.go:425.2,426.26 11 1
github.com/raghavkgarg/mycase/pkg/monitoring/simulator.go:427.3,428.1 1 1
github.com/raghavkgarg/mycase/pkg/monitoring/simulator.go:429.3,430.1 1 0
github.com/raghavkgarg/mycase/pkg/monitoring/simulator.go:433.2,433.30 1 1
github.com/raghavkgarg/mycase/pkg/monitoring/simulator.go:434.3,438.18 5 1
github.com/raghavkgarg/mycase/pkg/monitoring/simulator.go:439.4,440.1 1 0
github.com/raghavkgarg/mycase/pkg/monitoring/simulator.go:442.3,443.1 3 1
github.com/raghavkgarg/mycase/pkg/monitoring/simulator.go:444.3,445.25 3 1
github.com/raghavkgarg/mycase/pkg/monitoring/simulator.go:446.4,447.1 1 1
github.com/raghavkgarg/mycase/pkg/monitoring/simulator.go:447.10,447.35 1 1
github.com/raghavkgarg/mycase/pkg/monitoring/simulator.go:448.4,449.1 1 0
github.com/raghavkgarg/mycase/pkg/monitoring/simulator.go:451.3,452.15 2 1
github.com/raghavkgarg/mycase/pkg/monitoring/simulator.go:453.4,454.1 1 0
github.com/raghavkgarg/mycase/pkg/monitoring/simulator.go:456.3,465.5 1 1
github.com/raghavkgarg/mycase/pkg/monitoring/simulator.go:469.2,469.50 1 1
github.com/raghavkgarg/mycase/pkg/monitoring/simulator.go:470.3,471.1 1 1
github.com/raghavkgarg/mycase/pkg/monitoring/simulator.go:473.2,473.20 1 1
github.com/raghavkgarg/mycase/pkg/pithistory/analytics.go:49.2,53.15 5 1
github.com/raghavkgarg/mycase/pkg/pithistory/analytics.go:55.3,55.23 1 0
github.com/raghavkgarg/mycase/pkg/pithistory/analytics.go:57.3,57.23 1 0
github.com/raghavkgarg/mycase/pkg/pithistory/analytics.go:59.3,59.19 1 0
github.com/raghavkgarg/mycase/pkg/pithistory/analytics.go:61.3,61.28 1 0
github.com/raghavkgarg/mycase/pkg/pithistory/analytics.go:63.3,63.35 1 1
github.com/raghavkgarg/mycase/pkg/pithistory/analytics.go:65.3,65.14 1 1
github.com/raghavkgarg/mycase/pkg/pithistory/analytics.go:71.2,73.14 3 1
github.com/raghavkgarg/mycase/pkg/pithistory/analytics.go:74.3,75.1 1 0
github.com/raghavkgarg/mycase/pkg/pithistory/analytics.go:77.2,92.1 5 1
github.com/raghavkgarg/mycase/pkg/pithistory/analytics.go:93.2,95.1 5 1
github.com/raghavkgarg/mycase/pkg/pithistory/analytics.go:96.2,97.71 5 1
github.com/raghavkgarg/mycase/pkg/pithistory/analytics.go:98.3,99.1 1 0
github.com/raghavkgarg/mycase/pkg/pithistory/analytics.go:101.2,108.8 1 1
github.com/raghavkgarg/mycase/pkg/pithistory/analytics.go:113.2,114.16 2 1
github.com/raghavkgarg/mycase/pkg/pithistory/analytics.go:115.3,116.1 1 0
github.com/raghavkgarg/mycase/pkg/pithistory/analytics.go:117.2,134.16 3 1
github.com/raghavkgarg/mycase/pkg/pithistory/analytics.go:135.3,136.1 1 0
github.com/raghavkgarg/mycase/pkg/pithistory/analytics.go:137.2,138.1 3 1
github.com/raghavkgarg/mycase/pkg/pithistory/analytics.go:139.2,140.18 3 1
github.com/raghavkgarg/mycase/pkg/pithistory/analytics.go:141.3,152.17 2 1
github.com/raghavkgarg/mycase/pkg/pithistory/analytics.go:153.4,154.1 1 0
github.com/raghavkgarg/mycase/pkg/pithistory/analytics.go:155.3,155.31 1 1
github.com/raghavkgarg/mycase/pkg/pithistory/analytics.go:157.2,157.21 1 1
github.com/raghavkgarg/mycase/pkg/pithistory/analytics.go:162.2,163.1 1 1
github.com/raghavkgarg/mycase/pkg/pithistory/analytics.go:169.2,169.16 1 1
github.com/raghavkgarg/mycase/pkg/pithistory/analytics.go:170.3,171.1 1 0
github.com/raghavkgarg/mycase/pkg/pithistory/analytics.go:173.2,175.1 3 1
github.com/raghavkgarg/mycase/pkg/pithistory/analytics.go:176.2,176.21 3 1
github.com/raghavkgarg/mycase/pkg/pithistory/analytics.go:177.3,197.19 4 0
github.com/raghavkgarg/mycase/pkg/pithistory/analytics.go:198.4,200.1 2 0
github.com/raghavkgarg/mycase/pkg/pithistory/analytics.go:201.3,202.29 2 0
github.com/raghavkgarg/mycase/pkg/pithistory/analytics.go:207.3,235.19 3 1
github.com/raghavkgarg/mycase/pkg/pithistory/analytics.go:236.4,238.1 2 0
github.com/raghavkgarg/mycase/pkg/pithistory/analytics.go:239.3,244.29 2 1
github.com/raghavkgarg/mycase/pkg/pithistory/analytics.go:247.2,248.16 2 1
github.com/raghavkgarg/mycase/pkg/pithistory/analytics.go:249.3,250.1 1 0
github.com/raghavkgarg/mycase/pkg/pithistory/analytics.go:251.2,252.1 3 1
github.com/raghavkgarg/mycase/pkg/pithistory/analytics.go:253.2,254.18 3 1
github.com/raghavkgarg/mycase/pkg/pithistory/analytics.go:255.3,270.17 2 1
github.com/raghavkgarg/mycase/pkg/pithistory/analytics.go:271.4,272.1 1 0
github.com/raghavkgarg/mycase/pkg/pithistory/analytics.go:273.3,273.31 1 1
github.com/raghavkgarg/mycase/pkg/pithistory/analytics.go:275.2,275.21 1 1
github.com/raghavkgarg/mycase/pkg/pithistory/analytics.go:280.2,289.16 3 0
github.com/raghavkgarg/mycase/pkg/pithistory/analytics.go:290.3,291.1 1 0
github.com/raghavkgarg/mycase/pkg/pithistory/analytics.go:292.2,293.1 3 0
github.com/raghavkgarg/mycase/pkg/pithistory/analytics.go:294.2,295.18 3 0
github.com/raghavkgarg/mycase/pkg/pithistory/analytics.go:296.3,297.39 2 0
github.com/raghavkgarg/mycase/pkg/pithistory/analytics.go:298.4,299.1 1 0
github.com/raghavkgarg/mycase/pkg/pithistory/analytics.go:301.2,301.19 1 0
github.com/raghavkgarg/mycase/pkg/pithistory/analytics.go:306.2,308.16 3 0
github.com/raghavkgarg/mycase/pkg/pithistory/analytics.go:309.3,310.1 1 0
github.com/raghavkgarg/mycase/pkg/pithistory/analytics.go:311.2,312.16 2 0
github.com/raghavkgarg/mycase/pkg/pithistory/analytics.go:313.3,314.1 1 0
github.com/raghavkgarg/mycase/pkg/pithistory/analytics.go:315.2,315.20 1 0
github.com/raghavkgarg/mycase/pkg/pithistory/analytics.go:316.3,318.1 2 0
github.com/raghavkgarg/mycase/pkg/pithistory/analytics.go:320.2,321.56 2 0
github.com/raghavkgarg/mycase/pkg/pithistory/analytics.go:322.3,323.1 1 0
github.com/raghavkgarg/mycase/pkg/pithistory/analytics.go:324.2,326.74 3 0
github.com/raghavkgarg/mycase/pkg/pithistory/analytics.go:327.3,329.1 2 0
github.com/raghavkgarg/mycase/pkg/pithistory/analytics.go:331.2,333.19 3 0
github.com/raghavkgarg/mycase/pkg/pithistory/analytics.go:334.3,335.1 1 0
github.com/raghavkgarg/mycase/pkg/pithistory/analytics.go:337.2,346.1 15 0
github.com/raghavkgarg/mycase/pkg/pithistory/analytics.go:350.2,355.25 15 0
github.com/raghavkgarg/mycase/pkg/pithistory/analytics.go:356.3,357.1 1 0
github.com/raghavkgarg/mycase/pkg/pithistory/analytics.go:358.2,362.1 7 0
github.com/raghavkgarg/mycase/pkg/pithistory/analytics.go:363.2,391.16 7 0
github.com/raghavkgarg/mycase/pkg/pithistory/analytics.go:392.3,395.28 4 0
github.com/raghavkgarg/mycase/pkg/pithistory/analytics.go:396.4,398.57 3 0
github.com/raghavkgarg/mycase/pkg/pithistory/analytics.go:399.5,400.28 2 0
github.com/raghavkgarg/mycase/pkg/pithistory/analytics.go:401.6,402.1 1 0
github.com/raghavkgarg/mycase/pkg/pithistory/analytics.go:403.5,404.28 2 0
github.com/raghavkgarg/mycase/pkg/pithistory/analytics.go:405.6,406.1 1 0
github.com/raghavkgarg/mycase/pkg/pithistory/analytics.go:407.5,407.51 1 0
github.com/raghavkgarg/mycase/pkg/pithistory/analytics.go:408.6,409.1 1 0
github.com/raghavkgarg/mycase/pkg/pithistory/analytics.go:410.5,410.85 1 0
github.com/raghavkgarg/mycase/pkg/pithistory/analytics.go:413.3,414.1 2 0
github.com/raghavkgarg/mycase/pkg/pithistory/analytics.go:415.3,415.27 2 0
github.com/raghavkgarg/mycase/pkg/pithistory/analytics.go:416.4,417.1 1 0
github.com/raghavkgarg/mycase/pkg/pithistory/analytics.go:423.2,427.1 4 0
github.com/raghavkgarg/mycase/pkg/pithistory/analytics.go:428.2,428.42 4 0
github.com/raghavkgarg/mycase/pkg/pithistory/analytics.go:430.3,431.1 7 0
github.com/raghavkgarg/mycase/pkg/pithistory/analytics.go:432.3,443.22 7 0
github.com/raghavkgarg/mycase/pkg/pithistory/analytics.go:444.4,445.1 1 0
github.com/raghavkgarg/mycase/pkg/pithistory/analytics.go:447.3,448.131 1 0
github.com/raghavkgarg/mycase/pkg/pithistory/analytics.go:454.2,458.1 4 0
github.com/raghavkgarg/mycase/pkg/pithistory/analytics.go:459.2,459.42 4 0
github.com/raghavkgarg/mycase/pkg/pithistory/analytics.go:461.3,478.17 3 0
github.com/raghavkgarg/mycase/pkg/pithistory/analytics.go:479.4,481.1 1 0
github.com/raghavkgarg/mycase/pkg/pithistory/analytics.go:487.2,488.34 2 0
github.com/raghavkgarg/mycase/pkg/pithistory/analytics.go:489.3,492.1 2 0
github.com/raghavkgarg/mycase/pkg/pithistory/analytics.go:493.3,494.1 1 0
github.com/raghavkgarg/mycase/pkg/pithistory/analytics.go:496.2,508.16 3 0
github.com/raghavkgarg/mycase/pkg/pithistory/analytics.go:509.3,511.25 3 0
github.com/raghavkgarg/mycase/pkg/pithistory/analytics.go:512.4,515.79 4 0
github.com/raghavkgarg/mycase/pkg/pithistory/analytics.go:516.5,517.26 2 0
github.com/raghavkgarg/mycase/pkg/pithistory/analytics.go:518.6,519.1 1 0
github.com/raghavkgarg/mycase/pkg/pithistory/analytics.go:520.5,520.104 1 0
github.com/raghavkgarg/mycase/pkg/pithistory/analytics.go:523.3,523.21 1 0
github.com/raghavkgarg/mycase/pkg/pithistory/analytics.go:529.2,530.20 2 0
github.com/raghavkgarg/mycase/pkg/pithistory/analytics.go:531.3,532.68 2 0
github.com/raghavkgarg/mycase/pkg/pithistory/analytics.go:533.4,536.1 3 0
github.com/raghavkgarg/mycase/pkg/pithistory/analytics.go:538.3,570.17 3 0
github.com/raghavkgarg/mycase/pkg/pithistory/analytics.go:571.4,574.1 4 0
github.com/raghavkgarg/mycase/pkg/pithistory/analytics.go:575.4,577.1 4 0
github.com/raghavkgarg/mycase/pkg/pithistory/analytics.go:578.4,578.25 4 0
github.com/raghavkgarg/mycase/pkg/pithistory/analytics.go:579.5,580.136 2 0
github.com/raghavkgarg/mycase/pkg/pithistory/analytics.go:581.6,581.20 1 0
github.com/raghavkgarg/mycase/pkg/pithistory/analytics.go:582.7,583.1 1 0
github.com/raghavkgarg/mycase/pkg/pithistory/analytics.go:584.7,586.1 2 0
github.com/raghavkgarg/mycase/pkg/pithistory/analytics.go:589.4,590.1 2 0
github.com/raghavkgarg/mycase/pkg/pithistory/analytics.go:591.4,591.46 2 0
github.com/raghavkgarg/mycase/pkg/pithistory/analytics.go:592.5,593.1 1 0
github.com/raghavkgarg/mycase/pkg/pithistory/analytics.go:595.4,597.1 3 0
github.com/raghavkgarg/mycase/pkg/pithistory/analytics.go:598.4,598.24 3 0
github.com/raghavkgarg/mycase/pkg/pithistory/analytics.go:599.5,600.1 1 0
github.com/raghavkgarg/mycase/pkg/pithistory/analytics.go:601.5,601.77 1 0
github.com/raghavkgarg/mycase/pkg/pithistory/analytics.go:602.6,602.24 1 0
github.com/raghavkgarg/mycase/pkg/pithistory/analytics.go:603.7,604.1 1 0
github.com/raghavkgarg/mycase/pkg/pithistory/analytics.go:605.6,610.32 5 0
github.com/raghavkgarg/mycase/pkg/pithistory/analytics.go:611.7,612.1 1 0
github.com/raghavkgarg/mycase/pkg/pithistory/analytics.go:613.6,613.29 1 0
github.com/raghavkgarg/mycase/pkg/pithistory/analytics.go:614.7,617.1 2 0
github.com/raghavkgarg/mycase/pkg/pithistory/analytics.go:618.6,618.19 1 0
github.com/raghavkgarg/mycase/pkg/pithistory/analytics.go:621.5,622.67 2 0
github.com/raghavkgarg/mycase/pkg/pithistory/analytics.go:629.3,631.38 3 0
github.com/raghavkgarg/mycase/pkg/pithistory/analytics.go:632.4,632.61 1 0
github.com/raghavkgarg/mycase/pkg/pithistory/analytics.go:633.5,634.1 1 0
github.com/raghavkgarg/mycase/pkg/pithistory/analytics.go:637.4,637.48 1 0
github.com/raghavkgarg/mycase/pkg/pithistory/analytics.go:638.5,638.60 1 0
github.com/raghavkgarg/mycase/pkg/pithistory/analytics.go:639.6,641.1 2 0
github.com/raghavkgarg/mycase/pkg/pithistory/analytics.go:643.5,644.1 1 0
github.com/raghavkgarg/mycase/pkg/pithistory/analytics.go:647.4,648.38 2 0
github.com/raghavkgarg/mycase/pkg/pithistory/analytics.go:649.5,650.1 1 0
github.com/raghavkgarg/mycase/pkg/pithistory/analytics.go:651.4,652.40 2 0
github.com/raghavkgarg/mycase/pkg/pithistory/analytics.go:653.5,654.1 1 0
github.com/raghavkgarg/mycase/pkg/pithistory/analytics.go:655.4,660.1 4 0
github.com/raghavkgarg/mycase/pkg/pithistory/analytics.go:662.4,662.43 4 0
github.com/raghavkgarg/mycase/pkg/pithistory/analytics.go:663.5,664.96 2 0
github.com/raghavkgarg/mycase/pkg/pithistory/analytics.go:665.6,666.21 2 0
github.com/raghavkgarg/mycase/pkg/pithistory/analytics.go:667.7,668.1 1 0
github.com/raghavkgarg/mycase/pkg/pithistory/analytics.go:669.6,669.42 1 0
github.com/raghavkgarg/mycase/pkg/pithistory/analytics.go:670.7,671.1 1 0
github.com/raghavkgarg/mycase/pkg/pithistory/analytics.go:672.6,672.113 1 0
github.com/raghavkgarg/mycase/pkg/pithistory/analytics.go:674.5,677.118 4 0
github.com/raghavkgarg/mycase/pkg/pithistory/analytics.go:681.4,684.37 4 0
github.com/raghavkgarg/mycase/pkg/pithistory/analytics.go:685.5,688.1 3 0
github.com/raghavkgarg/mycase/pkg/pithistory/analytics.go:689.4,690.1 2 0
github.com/raghavkgarg/mycase/pkg/pithistory/analytics.go:692.4,692.34 2 0
github.com/raghavkgarg/mycase/pkg/pithistory/analytics.go:694.5,694.99 1 0
github.com/raghavkgarg/mycase/pkg/pithistory/analytics.go:696.5,696.99 1 0
github.com/raghavkgarg/mycase/pkg/pithistory/analytics.go:698.5,698.103 1 0
github.com/raghavkgarg/mycase/pkg/pithistory/analytics.go:701.4,702.1 1 0
github.com/raghavkgarg/mycase/pkg/pithistory/analytics.go:708.2,712.1 8 0
github.com/raghavkgarg/mycase/pkg/pithistory/analytics.go:714.2,737.123 8 0
github.com/raghavkgarg/mycase/pkg/pithistory/analytics.go:738.3,739.29 2 0
github.com/raghavkgarg/mycase/pkg/pithistory/analytics.go:740.4,741.1 1 0
github.com/raghavkgarg/mycase/pkg/pithistory/analytics.go:742.3,743.57 1 0
github.com/raghavkgarg/mycase/pkg/pithistory/analytics.go:745.3,746.1 1 0
github.com/raghavkgarg/mycase/pkg/pithistory/analytics.go:748.2,892.16 3 0
github.com/raghavkgarg/mycase/pkg/pithistory/analytics.go:893.3,898.20 4 0
github.com/raghavkgarg/mycase/pkg/pithistory/analytics.go:899.4,904.220 6 0
github.com/raghavkgarg/mycase/pkg/pithistory/analytics.go:905.5,906.26 2 0
github.com/raghavkgarg/mycase/pkg/pithistory/analytics.go:907.6,908.1 1 0
github.com/raghavkgarg/mycase/pkg/pithistory/analytics.go:909.5,910.26 2 0
github.com/raghavkgarg/mycase/pkg/pithistory/analytics.go:911.6,912.1 1 0
github.com/raghavkgarg/mycase/pkg/pithistory/analytics.go:914.5,915.23 2 0
github.com/raghavkgarg/mycase/pkg/pithistory/analytics.go:916.6,917.1 1 0
github.com/raghavkgarg/mycase/pkg/pithistory/analytics.go:919.5,920.45 2 0
github.com/raghavkgarg/mycase/pkg/pithistory/analytics.go:921.6,922.1 1 0
github.com/raghavkgarg/mycase/pkg/pithistory/analytics.go:923.5,924.68 2 0
github.com/raghavkgarg/mycase/pkg/pithistory/analytics.go:925.6,926.1 1 0
github.com/raghavkgarg/mycase/pkg/pithistory/analytics.go:928.5,931.1 5 0
github.com/raghavkgarg/mycase/pkg/pithistory/analytics.go:932.5,933.23 5 0
github.com/raghavkgarg/mycase/pkg/pithistory/analytics.go:934.6,935.1 1 0
github.com/raghavkgarg/mycase/pkg/pithistory/analytics.go:937.5,939.1 3 0
github.com/raghavkgarg/mycase/pkg/pithistory/analytics.go:940.5,942.71 3 0
github.com/raghavkgarg/mycase/pkg/pithistory/analytics.go:945.3,945.16 1 0
github.com/raghavkgarg/mycase/pkg/pithistory/analytics.go:951.2,953.1 4 0
github.com/raghavkgarg/mycase/pkg/pithistory/analytics.go:954.2,955.20 4 0
github.com/raghavkgarg/mycase/pkg/pithistory/analytics.go:956.3,957.1 1 0
github.com/raghavkgarg/mycase/pkg/pithistory/analytics.go:959.2,961.1 5 0
github.com/raghavkgarg/mycase/pkg/pithistory/analytics.go:962.2,1008.16 5 0
github.com/raghavkgarg/mycase/pkg/pithistory/analytics.go:1009.3,1013.24 4 0
github.com/raghavkgarg/mycase/pkg/pithistory/analytics.go:1014.4,1017.153 4 0
github.com/raghavkgarg/mycase/pkg/pithistory/analytics.go:1018.5,1024.1 5 0
github.com/raghavkgarg/mycase/pkg/pithistory/analytics.go:1026.3,1027.18 2 0
github.com/raghavkgarg/mycase/pkg/pithistory/analytics.go:1028.4,1029.1 1 0
github.com/raghavkgarg/mycase/pkg/pithistory/analytics.go:1033.3,1108.18 3 0
github.com/raghavkgarg/mycase/pkg/pithistory/analytics.go:1109.4,1113.1 3 0
github.com/raghavkgarg/mycase/pkg/pithistory/analytics.go:1114.4,1115.24 3 0
github.com/raghavkgarg/mycase/pkg/pithistory/analytics.go:1116.5,1117.183 2 0
github.com/raghavkgarg/mycase/pkg/pithistory/analytics.go:1118.6,1120.1 2 0
github.com/raghavkgarg/mycase/pkg/pithistory/analytics.go:1122.4,1123.1 2 0
github.com/raghavkgarg/mycase/pkg/pithistory/analytics.go:1124.4,1124.29 2 0
github.com/raghavkgarg/mycase/pkg/pithistory/analytics.go:1125.5,1127.1 4 0
github.com/raghavkgarg/mycase/pkg/pithistory/analytics.go:1129.5,1130.37 4 0
github.com/raghavkgarg/mycase/pkg/pithistory/analytics.go:1131.6,1132.23 2 0
github.com/raghavkgarg/mycase/pkg/pithistory/analytics.go:1133.7,1134.1 1 0
github.com/raghavkgarg/mycase/pkg/pithistory/analytics.go:1135.6,1135.34 1 0
github.com/raghavkgarg/mycase/pkg/pithistory/analytics.go:1136.7,1137.1 1 0
github.com/raghavkgarg/mycase/pkg/pithistory/analytics.go:1141.5,1143.23 3 0
github.com/raghavkgarg/mycase/pkg/pithistory/analytics.go:1144.6,1144.38 1 0
github.com/raghavkgarg/mycase/pkg/pithistory/analytics.go:1145.7,1146.24 2 0
github.com/raghavkgarg/mycase/pkg/pithistory/analytics.go:1147.8,1148.1 1 0
github.com/raghavkgarg/mycase/pkg/pithistory/analytics.go:1149.7,1149.35 1 0
github.com/raghavkgarg/mycase/pkg/pithistory/analytics.go:1150.8,1151.1 1 0
github.com/raghavkgarg/mycase/pkg/pithistory/analytics.go:1153.6,1153.138 1 0
github.com/raghavkgarg/mycase/pkg/pithistory/analytics.go:1155.6,1155.31 1 0
github.com/raghavkgarg/mycase/pkg/pithistory/analytics.go:1156.7,1157.34 2 0
github.com/raghavkgarg/mycase/pkg/pithistory/analytics.go:1158.8,1159.1 1 0
github.com/raghavkgarg/mycase/pkg/pithistory/analytics.go:1161.6,1161.38 1 0
github.com/raghavkgarg/mycase/pkg/pithistory/analytics.go:1162.7,1163.24 2 0
github.com/raghavkgarg/mycase/pkg/pithistory/analytics.go:1164.8,1165.1 1 0
github.com/raghavkgarg/mycase/pkg/pithistory/analytics.go:1166.7,1166.29 1 0
github.com/raghavkgarg/mycase/pkg/pithistory/analytics.go:1167.8,1168.1 1 0
github.com/raghavkgarg/mycase/pkg/pithistory/analytics.go:1172.5,1177.1 6 0
github.com/raghavkgarg/mycase/pkg/pithistory/analytics.go:1178.5,1178.38 6 0
github.com/raghavkgarg/mycase/pkg/pithistory/analytics.go:1179.6,1182.23 4 0
github.com/raghavkgarg/mycase/pkg/pithistory/analytics.go:1183.7,1185.1 2 0
github.com/raghavkgarg/mycase/pkg/pithistory/analytics.go:1187.5,1188.1 2 0
github.com/raghavkgarg/mycase/pkg/pithistory/analytics.go:1189.5,1189.24 2 0
github.com/raghavkgarg/mycase/pkg/pithistory/analytics.go:1190.6,1192.1 1 0
github.com/raghavkgarg/mycase/pkg/pithistory/analytics.go:1194.5,1199.1 5 0
github.com/raghavkgarg/mycase/pkg/pithistory/analytics.go:1200.5,1200.38 5 0
github.com/raghavkgarg/mycase/pkg/pithistory/analytics.go:1201.6,1202.23 2 0
github.com/raghavkgarg/mycase/pkg/pithistory/analytics.go:1203.7,1204.1 1 0
github.com/raghavkgarg/mycase/pkg/pithistory/analytics.go:1205.6,1206.23 2 0
github.com/raghavkgarg/mycase/pkg/pithistory/analytics.go:1207.7,1208.1 1 0
github.com/raghavkgarg/mycase/pkg/pithistory/analytics.go:1209.6,1211.169 2 0
github.com/raghavkgarg/mycase/pkg/pithistory/analytics.go:1213.5,1216.1 5 0
github.com/raghavkgarg/mycase/pkg/pithistory/analytics.go:1217.5,1219.40 5 0
github.com/raghavkgarg/mycase/pkg/pithistory/analytics.go:1220.6,1223.1 3 0
github.com/raghavkgarg/mycase/pkg/pithistory/analytics.go:1224.5,1224.45 1 0
github.com/raghavkgarg/mycase/pkg/pithistory/analytics.go:1232.2,1232.20 1 0
github.com/raghavkgarg/mycase/pkg/pithistory/analytics.go:1233.3,1235.1 5 0
github.com/raghavkgarg/mycase/pkg/pithistory/analytics.go:1236.3,1287.17 5 0
github.com/raghavkgarg/mycase/pkg/pithistory/analytics.go:1288.4,1291.40 4 0
github.com/raghavkgarg/mycase/pkg/pithistory/analytics.go:1292.5,1293.38 2 0
github.com/raghavkgarg/mycase/pkg/pithistory/analytics.go:1294.6,1295.1 1 0
github.com/raghavkgarg/mycase/pkg/pithistory/analytics.go:1298.4,1304.21 6 0
github.com/raghavkgarg/mycase/pkg/pithistory/analytics.go:1305.5,1308.182 4 0
github.com/raghavkgarg/mycase/pkg/pithistory/analytics.go:1309.6,1313.18 5 0
github.com/raghavkgarg/mycase/pkg/pithistory/analytics.go:1314.7,1315.24 2 0
github.com/raghavkgarg/mycase/pkg/pithistory/analytics.go:1316.8,1317.1 1 0
github.com/raghavkgarg/mycase/pkg/pithistory/analytics.go:1318.7,1318.48 1 0
github.com/raghavkgarg/mycase/pkg/pithistory/analytics.go:1320.6,1321.22 2 0
github.com/raghavkgarg/mycase/pkg/pithistory/analytics.go:1322.7,1324.1 2 0
github.com/raghavkgarg/mycase/pkg/pithistory/analytics.go:1325.7,1328.1 3 0
github.com/raghavkgarg/mycase/pkg/pithistory/analytics.go:1329.6,1330.36 2 0
github.com/raghavkgarg/mycase/pkg/pithistory/analytics.go:1331.7,1332.1 1 0
github.com/raghavkgarg/mycase/pkg/pithistory/analytics.go:1334.6,1335.34 2 0
github.com/raghavkgarg/mycase/pkg/pithistory/analytics.go:1336.7,1337.1 1 0
github.com/raghavkgarg/mycase/pkg/pithistory/analytics.go:1337.13,1337.33 1 0
github.com/raghavkgarg/mycase/pkg/pithistory/analytics.go:1338.7,1338.24 1 0
github.com/raghavkgarg/mycase/pkg/pithistory/analytics.go:1339.8,1340.1 1 0
github.com/raghavkgarg/mycase/pkg/pithistory/analytics.go:1341.8,1342.1 1 0
github.com/raghavkgarg/mycase/pkg/pithistory/analytics.go:1343.13,1343.86 1 0
github.com/raghavkgarg/mycase/pkg/pithistory/analytics.go:1344.7,1345.1 1 0
github.com/raghavkgarg/mycase/pkg/pithistory/analytics.go:1345.13,1345.88 1 0
github.com/raghavkgarg/mycase/pkg/pithistory/analytics.go:1346.7,1347.1 1 0
github.com/raghavkgarg/mycase/pkg/pithistory/analytics.go:1349.6,1350.171 1 0
github.com/raghavkgarg/mycase/pkg/pithistory/analytics.go:1353.4,1354.20 2 0
github.com/raghavkgarg/mycase/pkg/pithistory/analytics.go:1355.5,1356.1 1 0
github.com/raghavkgarg/mycase/pkg/pithistory/analytics.go:1363.2,1364.1 6 0
github.com/raghavkgarg/mycase/pkg/pithistory/analytics.go:1368.2,1369.1 6 0
github.com/raghavkgarg/mycase/pkg/pithistory/analytics.go:1373.2,1374.1 6 0
github.com/raghavkgarg/mycase/pkg/pithistory/analytics.go:1375.2,1377.12 6 0
github.com/raghavkgarg/mycase/pkg/pithistory/analytics.go:1382.2,1383.1 6 0
github.com/raghavkgarg/mycase/pkg/pithistory/analytics.go:1384.2,1386.1 6 0
github.com/raghavkgarg/mycase/pkg/pithistory/analytics.go:1387.2,1407.16 6 0
github.com/raghavkgarg/mycase/pkg/pithistory/analytics.go:1408.3,1412.19 4 0
github.com/raghavkgarg/mycase/pkg/pithistory/analytics.go:1413.4,1415.106 3 0
github.com/raghavkgarg/mycase/pkg/pithistory/analytics.go:1416.5,1420.1 3 0
github.com/raghavkgarg/mycase/pkg/pithistory/analytics.go:1422.3,1423.13 2 0
github.com/raghavkgarg/mycase/pkg/pithistory/analytics.go:1424.4,1425.1 1 0
github.com/raghavkgarg/mycase/pkg/pithistory/analytics.go:1428.3,1441.179 3 0
github.com/raghavkgarg/mycase/pkg/pithistory/analytics.go:1442.4,1449.1 9 0
github.com/raghavkgarg/mycase/pkg/pithistory/analytics.go:1451.4,1459.19 9 0
github.com/raghavkgarg/mycase/pkg/pithistory/analytics.go:1460.5,1461.24 2 0
github.com/raghavkgarg/mycase/pkg/pithistory/analytics.go:1462.6,1464.53 3 0
github.com/raghavkgarg/mycase/pkg/pithistory/analytics.go:1465.7,1467.1 2 0
github.com/raghavkgarg/mycase/pkg/pithistory/analytics.go:1469.5,1470.25 2 0
github.com/raghavkgarg/mycase/pkg/pithistory/analytics.go:1471.6,1472.1 1 0
github.com/raghavkgarg/mycase/pkg/pithistory/analytics.go:1476.4,1488.19 3 0
github.com/raghavkgarg/mycase/pkg/pithistory/analytics.go:1489.5,1493.24 4 0
github.com/raghavkgarg/mycase/pkg/pithistory/analytics.go:1494.6,1496.77 3 0
github.com/raghavkgarg/mycase/pkg/pithistory/analytics.go:1497.7,1501.1 3 0
github.com/raghavkgarg/mycase/pkg/pithistory/analytics.go:1503.5,1504.124 2 0
github.com/raghavkgarg/mycase/pkg/pithistory/analytics.go:1507.4,1507.131 1 0
github.com/raghavkgarg/mycase/pkg/pithistory/analytics.go:1510.2,1510.12 1 0
github.com/raghavkgarg/mycase/pkg/pithistory/analytics.go:1515.2,1516.16 2 0
github.com/raghavkgarg/mycase/pkg/pithistory/analytics.go:1517.3,1518.1 1 0
github.com/raghavkgarg/mycase/pkg/pithistory/analytics.go:1520.2,1523.1 6 0
github.com/raghavkgarg/mycase/pkg/pithistory/analytics.go:1525.2,1532.16 6 0
github.com/raghavkgarg/mycase/pkg/pithistory/analytics.go:1533.3,1534.1 1 0
github.com/raghavkgarg/mycase/pkg/pithistory/analytics.go:1535.2,1536.1 4 0
github.com/raghavkgarg/mycase/pkg/pithistory/analytics.go:1537.2,1539.18 4 0
github.com/raghavkgarg/mycase/pkg/pithistory/analytics.go:1540.3,1541.49 2 0
github.com/raghavkgarg/mycase/pkg/pithistory/analytics.go:1542.4,1542.12 1 0
github.com/raghavkgarg/mycase/pkg/pithistory/analytics.go:1544.3,1544.40 1 0
github.com/raghavkgarg/mycase/pkg/pithistory/analytics.go:1545.4,1547.1 2 0
github.com/raghavkgarg/mycase/pkg/pithistory/analytics.go:1548.3,1548.29 1 0
github.com/raghavkgarg/mycase/pkg/pithistory/analytics.go:1551.2,1551.27 1 0
github.com/raghavkgarg/mycase/pkg/pithistory/analytics.go:1552.3,1554.1 2 0
github.com/raghavkgarg/mycase/pkg/pithistory/analytics.go:1556.2,1559.1 5 0
github.com/raghavkgarg/mycase/pkg/pithistory/analytics.go:1560.2,1567.1 5 0
github.com/raghavkgarg/mycase/pkg/pithistory/analytics.go:1568.2,1569.1 5 0
github.com/raghavkgarg/mycase/pkg/pithistory/analytics.go:1570.2,1570.46 5 0
github.com/raghavkgarg/mycase/pkg/pithistory/analytics.go:1571.3,1575.1 6 0
github.com/raghavkgarg/mycase/pkg/pithistory/analytics.go:1576.3,1577.26 6 0
github.com/raghavkgarg/mycase/pkg/pithistory/analytics.go:1578.4,1578.19 1 0
github.com/raghavkgarg/mycase/pkg/pithistory/analytics.go:1579.5,1580.1 1 0
github.com/raghavkgarg/mycase/pkg/pithistory/analytics.go:1582.3,1583.26 2 0
github.com/raghavkgarg/mycase/pkg/pithistory/analytics.go:1584.4,1584.19 1 0
github.com/raghavkgarg/mycase/pkg/pithistory/analytics.go:1585.5,1586.1 1 0
github.com/raghavkgarg/mycase/pkg/pithistory/analytics.go:1589.3,1590.23 2 0
github.com/raghavkgarg/mycase/pkg/pithistory/analytics.go:1591.4,1592.1 1 0
github.com/raghavkgarg/mycase/pkg/pithistory/analytics.go:1594.3,1595.22 2 0
github.com/raghavkgarg/mycase/pkg/pithistory/analytics.go:1596.4,1597.1 1 0
github.com/raghavkgarg/mycase/pkg/pithistory/analytics.go:1597.10,1597.30 1 0
github.com/raghavkgarg/mycase/pkg/pithistory/analytics.go:1598.4,1599.1 1 0
github.com/raghavkgarg/mycase/pkg/pithistory/analytics.go:1601.3,1609.1 2 0
github.com/raghavkgarg/mycase/pkg/pithistory/analytics.go:1610.3,1610.41 2 0
github.com/raghavkgarg/mycase/pkg/pithistory/analytics.go:1611.4,1611.9 1 0
github.com/raghavkgarg/mycase/pkg/pithistory/analytics.go:1615.2,1615.28 1 0
github.com/raghavkgarg/mycase/pkg/pithistory/analytics.go:1616.3,1618.1 1 0
github.com/raghavkgarg/mycase/pkg/pithistory/analytics.go:1620.2,1620.12 1 0
github.com/raghavkgarg/mycase/pkg/pithistory/analytics.go:1625.2,1629.1 8 0
github.com/raghavkgarg/mycase/pkg/pithistory/analytics.go:1631.2,1632.1 8 0
github.com/raghavkgarg/mycase/pkg/pithistory/analytics.go:1633.2,1651.16 8 0
github.com/raghavkgarg/mycase/pkg/pithistory/analytics.go:1652.3,1653.1 1 0
github.com/raghavkgarg/mycase/pkg/pithistory/analytics.go:1654.2,1655.1 5 0
github.com/raghavkgarg/mycase/pkg/pithistory/analytics.go:1656.2,1659.1 5 0
github.com/raghavkgarg/mycase/pkg/pithistory/analytics.go:1660.2,1661.18 5 0
github.com/raghavkgarg/mycase/pkg/pithistory/analytics.go:1662.3,1666.85 5 0
github.com/raghavkgarg/mycase/pkg/pithistory/analytics.go:1667.4,1667.12 1 0
github.com/raghavkgarg/mycase/pkg/pithistory/analytics.go:1669.3,1670.48 1 0
github.com/raghavkgarg/mycase/pkg/pithistory/analytics.go:1673.2,1673.16 1 0
github.com/raghavkgarg/mycase/pkg/pithistory/analytics.go:1674.3,1684.1 6 0
github.com/raghavkgarg/mycase/pkg/pithistory/analytics.go:1685.3,1686.25 6 0
github.com/raghavkgarg/mycase/pkg/pithistory/analytics.go:1687.4,1689.21 3 0
github.com/raghavkgarg/mycase/pkg/pithistory/analytics.go:1690.5,1691.1 1 0
github.com/raghavkgarg/mycase/pkg/pithistory/analytics.go:1694.2,1694.12 1 0
github.com/raghavkgarg/mycase/pkg/pithistory/analytics.go:1699.2,1699.13 1 1
github.com/raghavkgarg/mycase/pkg/pithistory/analytics.go:1701.3,1701.26 1 1
github.com/raghavkgarg/mycase/pkg/pithistory/analytics.go:1703.3,1703.25 1 1
github.com/raghavkgarg/mycase/pkg/pithistory/analytics.go:1705.3,1705.26 1 1
github.com/raghavkgarg/mycase/pkg/pithistory/analytics.go:1707.3,1707.25 1 1
github.com/raghavkgarg/mycase/pkg/pithistory/analytics.go:1709.3,1709.20 1 1
github.com/raghavkgarg/mycase/pkg/pithistory/analytics.go:1710.4,1711.1 1 0
github.com/raghavkgarg/mycase/pkg/pithistory/analytics.go:1712.3,1712.13 1 1
github.com/raghavkgarg/mycase/pkg/pithistory/analytics.go:1718.2,1719.94 2 1
github.com/raghavkgarg/mycase/pkg/pithistory/analytics.go:1720.3,1721.1 1 1
github.com/raghavkgarg/mycase/pkg/pithistory/analytics.go:1724.2,1724.52 1 1
github.com/raghavkgarg/mycase/pkg/pithistory/analytics.go:1725.3,1725.50 1 1
github.com/raghavkgarg/mycase/pkg/pithistory/analytics.go:1726.4,1726.62 1 1
github.com/raghavkgarg/mycase/pkg/pithistory/analytics.go:1727.5,1734.1 7 1
github.com/raghavkgarg/mycase/pkg/pithistory/analytics.go:1736.3,1736.22 1 0
github.com/raghavkgarg/mycase/pkg/pithistory/analytics.go:1740.2,1740.78 1 1
github.com/raghavkgarg/mycase/pkg/pithistory/analytics.go:1741.3,1742.1 1 1
github.com/raghavkgarg/mycase/pkg/pithistory/analytics.go:1745.2,1745.46 1 1
github.com/raghavkgarg/mycase/pkg/pithistory/analytics.go:1746.3,1746.51 1 1
github.com/raghavkgarg/mycase/pkg/pithistory/analytics.go:1747.4,1747.62 1 1
github.com/raghavkgarg/mycase/pkg/pithistory/analytics.go:1748.5,1750.1 2 1
github.com/raghavkgarg/mycase/pkg/pithistory/analytics.go:1752.3,1752.37 1 0
github.com/raghavkgarg/mycase/pkg/pithistory/analytics.go:1756.2,1756.47 1 1
github.com/raghavkgarg/mycase/pkg/pithistory/analytics.go:1757.3,1757.50 1 1
github.com/raghavkgarg/mycase/pkg/pithistory/analytics.go:1758.4,1758.62 1 1
github.com/raghavkgarg/mycase/pkg/pithistory/analytics.go:1759.5,1761.1 2 1
github.com/raghavkgarg/mycase/pkg/pithistory/analytics.go:1763.3,1763.38 1 0
github.com/raghavkgarg/mycase/pkg/pithistory/analytics.go:1767.2,1767.76 1 1
github.com/raghavkgarg/mycase/pkg/pithistory/analytics.go:1768.3,1768.50 1 1
github.com/raghavkgarg/mycase/pkg/pithistory/analytics.go:1769.4,1769.62 1 1
github.com/raghavkgarg/mycase/pkg/pithistory/analytics.go:1770.5,1772.1 2 1
github.com/raghavkgarg/mycase/pkg/pithistory/analytics.go:1774.3,1774.37 1 0
github.com/raghavkgarg/mycase/pkg/pithistory/analytics.go:1778.2,1778.86 1 1
github.com/raghavkgarg/mycase/pkg/pithistory/analytics.go:1779.3,1779.50 1 1
github.com/raghavkgarg/mycase/pkg/pithistory/analytics.go:1780.4,1780.62 1 1
github.com/raghavkgarg/mycase/pkg/pithistory/analytics.go:1781.5,1783.1 2 1
github.com/raghavkgarg/mycase/pkg/pithistory/analytics.go:1785.3,1785.34 1 0
github.com/raghavkgarg/mycase/pkg/pithistory/analytics.go:1789.2,1789.39 1 1
github.com/raghavkgarg/mycase/pkg/pithistory/analytics.go:1790.3,1791.1 1 1
github.com/raghavkgarg/mycase/pkg/pithistory/analytics.go:1794.2,1794.76 1 0
github.com/raghavkgarg/mycase/pkg/pithistory/analytics.go:1795.3,1796.1 1 0
github.com/raghavkgarg/mycase/pkg/pithistory/analytics.go:1799.2,1799.45 1 0
github.com/raghavkgarg/mycase/pkg/pithistory/analytics.go:1800.3,1800.50 1 0
github.com/raghavkgarg/mycase/pkg/pithistory/analytics.go:1801.4,1801.63 1 0
github.com/raghavkgarg/mycase/pkg/pithistory/analytics.go:1802.5,1804.1 2 0
github.com/raghavkgarg/mycase/pkg/pithistory/analytics.go:1806.3,1806.33 1 0
github.com/raghavkgarg/mycase/pkg/pithistory/analytics.go:1810.2,1810.97 1 0
github.com/raghavkgarg/mycase/pkg/pithistory/analytics.go:1811.3,1812.1 1 0
github.com/raghavkgarg/mycase/pkg/pithistory/analytics.go:1815.2,1815.17 1 0
github.com/raghavkgarg/mycase/pkg/pithistory/analytics.go:1816.3,1817.1 1 0
github.com/raghavkgarg/mycase/pkg/pithistory/analytics.go:1818.2,1818.10 1 0
github.com/raghavkgarg/mycase/pkg/pithistory/analytics.go:1823.2,1823.125 1 1
github.com/raghavkgarg/mycase/pkg/pithistory/analytics.go:1824.3,1825.1 1 1
github.com/raghavkgarg/mycase/pkg/pithistory/analytics.go:1826.2,1827.118 2 1
github.com/raghavkgarg/mycase/pkg/pithistory/analytics.go:1828.3,1829.1 1 1
github.com/raghavkgarg/mycase/pkg/pithistory/analytics.go:1830.2,1830.31 1 1
github.com/raghavkgarg/mycase/pkg/pithistory/analytics.go:1843.2,1857.16 3 0
github.com/raghavkgarg/mycase/pkg/pithistory/analytics.go:1858.3,1859.1 1 0
github.com/raghavkgarg/mycase/pkg/pithistory/analytics.go:1860.2,1861.1 3 0
github.com/raghavkgarg/mycase/pkg/pithistory/analytics.go:1862.2,1863.18 3 0
github.com/raghavkgarg/mycase/pkg/pithistory/analytics.go:1864.3,1866.67 3 0
github.com/raghavkgarg/mycase/pkg/pithistory/analytics.go:1867.4,1867.12 1 0
github.com/raghavkgarg/mycase/pkg/pithistory/analytics.go:1869.3,1870.207 2 0
github.com/raghavkgarg/mycase/pkg/pithistory/analytics.go:1871.4,1872.36 2 0
github.com/raghavkgarg/mycase/pkg/pithistory/analytics.go:1873.5,1874.1 1 0
github.com/raghavkgarg/mycase/pkg/pithistory/analytics.go:1877.2,1877.29 1 0
github.com/raghavkgarg/mycase/pkg/pithistory/analytics.go:1878.3,1879.1 1 0
github.com/raghavkgarg/mycase/pkg/pithistory/analytics.go:1880.2,1880.17 1 0
github.com/raghavkgarg/mycase/pkg/pithistory/analytics.go:1885.2,1885.20 1 0
github.com/raghavkgarg/mycase/pkg/pithistory/analytics.go:1886.3,1887.35 2 0
github.com/raghavkgarg/mycase/pkg/pithistory/analytics.go:1888.4,1889.1 1 0
github.com/raghavkgarg/mycase/pkg/pithistory/analytics.go:1892.2,1892.15 1 0
github.com/raghavkgarg/mycase/pkg/pithistory/analytics.go:1893.3,1894.1 1 0
github.com/raghavkgarg/mycase/pkg/pithistory/analytics.go:1897.2,1898.93 2 0
github.com/raghavkgarg/mycase/pkg/pithistory/analytics.go:1899.3,1899.29 1 0
github.com/raghavkgarg/mycase/pkg/pithistory/analytics.go:1900.4,1900.13 1 0
github.com/raghavkgarg/mycase/pkg/pithistory/analytics.go:1901.5,1902.115 2 0
github.com/raghavkgarg/mycase/pkg/pithistory/analytics.go:1903.6,1904.1 1 0
github.com/raghavkgarg/mycase/pkg/pithistory/analytics.go:1905.5,1905.27 1 0
github.com/raghavkgarg/mycase/pkg/pithistory/analytics.go:1911.2,1912.98 2 0
github.com/raghavkgarg/mycase/pkg/pithistory/analytics.go:1913.3,1913.30 1 0
github.com/raghavkgarg/mycase/pkg/pithistory/analytics.go:1914.4,1914.13 1 0
github.com/raghavkgarg/mycase/pkg/pithistory/analytics.go:1915.5,1916.115 2 0
github.com/raghavkgarg/mycase/pkg/pithistory/analytics.go:1917.6,1918.1 1 0
github.com/raghavkgarg/mycase/pkg/pithistory/analytics.go:1919.5,1919.25 1 0
github.com/raghavkgarg/mycase/pkg/pithistory/analytics.go:1924.2,1941.16 3 0
github.com/raghavkgarg/mycase/pkg/pithistory/analytics.go:1942.3,1943.1 1 0
github.com/raghavkgarg/mycase/pkg/pithistory/analytics.go:1944.2,1945.1 12 0
github.com/raghavkgarg/mycase/pkg/pithistory/analytics.go:1946.2,1957.1 12 0
github.com/raghavkgarg/mycase/pkg/pithistory/analytics.go:1958.2,1959.18 12 0
github.com/raghavkgarg/mycase/pkg/pithistory/analytics.go:1960.3,1963.1 4 0
github.com/raghavkgarg/mycase/pkg/pithistory/analytics.go:1964.3,1964.134 4 0
github.com/raghavkgarg/mycase/pkg/pithistory/analytics.go:1965.4,1965.12 1 0
github.com/raghavkgarg/mycase/pkg/pithistory/analytics.go:1968.3,1969.24 2 0
github.com/raghavkgarg/mycase/pkg/pithistory/analytics.go:1970.4,1971.1 1 0
github.com/raghavkgarg/mycase/pkg/pithistory/analytics.go:1971.10,1971.20 1 0
github.com/raghavkgarg/mycase/pkg/pithistory/analytics.go:1972.4,1973.1 1 0
github.com/raghavkgarg/mycase/pkg/pithistory/analytics.go:1973.10,1973.21 1 0
github.com/raghavkgarg/mycase/pkg/pithistory/analytics.go:1974.4,1975.1 1 0
github.com/raghavkgarg/mycase/pkg/pithistory/analytics.go:1977.3,1978.131 2 0
github.com/raghavkgarg/mycase/pkg/pithistory/analytics.go:1979.4,1980.1 1 0
github.com/raghavkgarg/mycase/pkg/pithistory/analytics.go:1981.3,1983.1 4 0
github.com/raghavkgarg/mycase/pkg/pithistory/analytics.go:1984.3,1985.27 4 0
github.com/raghavkgarg/mycase/pkg/pithistory/analytics.go:1986.4,1987.1 1 0
github.com/raghavkgarg/mycase/pkg/pithistory/analytics.go:1987.10,1987.22 1 0
github.com/raghavkgarg/mycase/pkg/pithistory/analytics.go:1988.4,1989.1 1 0
github.com/raghavkgarg/mycase/pkg/pithistory/analytics.go:1989.10,1989.22 1 0
github.com/raghavkgarg/mycase/pkg/pithistory/analytics.go:1990.4,1991.1 1 0
github.com/raghavkgarg/mycase/pkg/pithistory/analytics.go:1993.3,1994.30 2 0
github.com/raghavkgarg/mycase/pkg/pithistory/analytics.go:1995.4,1996.1 1 0
github.com/raghavkgarg/mycase/pkg/pithistory/analytics.go:1998.3,1999.1 3 0
github.com/raghavkgarg/mycase/pkg/pithistory/analytics.go:2000.3,2002.9 3 0
github.com/raghavkgarg/mycase/pkg/pithistory/analytics.go:2004.2,2005.12 2 0
github.com/raghavkgarg/mycase/pkg/pithistory/bottleneck.go:53.2,54.9 2 1
github.com/raghavkgarg/mycase/pkg/pithistory/bottleneck.go:56.3,59.1 1 1
github.com/raghavkgarg/mycase/pkg/pithistory/bottleneck.go:61.3,64.1 1 1
github.com/raghavkgarg/mycase/pkg/pithistory/bottleneck.go:66.3,69.1 1 1
github.com/raghavkgarg/mycase/pkg/pithistory/bottleneck.go:71.3,74.1 1 1
github.com/raghavkgarg/mycase/pkg/pithistory/bottleneck.go:79.2,80.9 2 1
github.com/raghavkgarg/mycase/pkg/pithistory/bottleneck.go:82.3,82.14 1 1
github.com/raghavkgarg/mycase/pkg/pithistory/bottleneck.go:84.3,84.14 1 0
github.com/raghavkgarg/mycase/pkg/pithistory/bottleneck.go:86.3,86.15 1 1
github.com/raghavkgarg/mycase/pkg/pithistory/bottleneck.go:94.2,94.9 1 1
github.com/raghavkgarg/mycase/pkg/pithistory/bottleneck.go:96.3,99.1 1 1
github.com/raghavkgarg/mycase/pkg/pithistory/bottleneck.go:101.3,104.1 1 1
github.com/raghavkgarg/mycase/pkg/pithistory/bottleneck.go:106.3,109.1 1 1
github.com/raghavkgarg/mycase/pkg/pithistory/bottleneck.go:117.2,118.9 2 1
github.com/raghavkgarg/mycase/pkg/pithistory/bottleneck.go:120.3,123.1 1 1
github.com/raghavkgarg/mycase/pkg/pithistory/bottleneck.go:125.3,128.1 1 1
github.com/raghavkgarg/mycase/pkg/pithistory/bottleneck.go:130.3,133.1 1 1
github.com/raghavkgarg/mycase/pkg/pithistory/bottleneck.go:141.2,142.9 2 1
github.com/raghavkgarg/mycase/pkg/pithistory/bottleneck.go:144.3,147.1 1 1
github.com/raghavkgarg/mycase/pkg/pithistory/bottleneck.go:149.3,152.1 1 1
github.com/raghavkgarg/mycase/pkg/pithistory/bottleneck.go:154.3,157.1 1 1
github.com/raghavkgarg/mycase/pkg/pithistory/bottleneck.go:159.3,162.1 1 1
github.com/raghavkgarg/mycase/pkg/pithistory/bottleneck.go:170.2,171.9 2 1
github.com/raghavkgarg/mycase/pkg/pithistory/bottleneck.go:173.3,174.1 2 1
github.com/raghavkgarg/mycase/pkg/pithistory/bottleneck.go:176.3,176.42 2 1
github.com/raghavkgarg/mycase/pkg/pithistory/bottleneck.go:177.4,180.1 1 0
github.com/raghavkgarg/mycase/pkg/pithistory/bottleneck.go:182.3,182.33 1 1
github.com/raghavkgarg/mycase/pkg/pithistory/bottleneck.go:183.4,186.1 1 1
github.com/raghavkgarg/mycase/pkg/pithistory/bottleneck.go:188.3,191.1 1 0
github.com/raghavkgarg/mycase/pkg/pithistory/bottleneck.go:193.3,193.21 1 1
github.com/raghavkgarg/mycase/pkg/pithistory/bottleneck.go:194.4,197.1 1 1
github.com/raghavkgarg/mycase/pkg/pithistory/bottleneck.go:199.3,202.1 1 0
github.com/raghavkgarg/mycase/pkg/pithistory/bottleneck.go:204.3,207.1 1 1
github.com/raghavkgarg/mycase/pkg/pithistory/bottleneck.go:215.2,215.9 1 1
github.com/raghavkgarg/mycase/pkg/pithistory/bottleneck.go:217.3,220.1 1 1
github.com/raghavkgarg/mycase/pkg/pithistory/bottleneck.go:222.3,225.1 1 0
github.com/raghavkgarg/mycase/pkg/pithistory/bottleneck.go:233.2,234.9 2 0
github.com/raghavkgarg/mycase/pkg/pithistory/bottleneck.go:236.3,239.1 1 0
github.com/raghavkgarg/mycase/pkg/pithistory/bottleneck.go:241.3,244.1 1 0
github.com/raghavkgarg/mycase/pkg/pithistory/bottleneck.go:246.3,249.1 1 0
github.com/raghavkgarg/mycase/pkg/pithistory/bottleneck.go:257.2,257.9 1 0
github.com/raghavkgarg/mycase/pkg/pithistory/bottleneck.go:259.3,262.1 1 0
github.com/raghavkgarg/mycase/pkg/pithistory/bottleneck.go:264.3,267.1 1 0
github.com/raghavkgarg/mycase/pkg/pithistory/bottleneck.go:275.2,275.9 1 0
github.com/raghavkgarg/mycase/pkg/pithistory/bottleneck.go:277.3,280.1 1 0
github.com/raghavkgarg/mycase/pkg/pithistory/bottleneck.go:282.3,285.1 1 0
github.com/raghavkgarg/mycase/pkg/pithistory/bottleneck.go:287.3,290.1 1 0
github.com/raghavkgarg/mycase/pkg/pithistory/bottleneck.go:298.2,299.94 2 1
github.com/raghavkgarg/mycase/pkg/pithistory/bottleneck.go:300.3,301.1 1 1
github.com/raghavkgarg/mycase/pkg/pithistory/bottleneck.go:304.2,304.97 1 1
github.com/raghavkgarg/mycase/pkg/pithistory/bottleneck.go:305.3,306.1 1 0
github.com/raghavkgarg/mycase/pkg/pithistory/bottleneck.go:309.2,309.46 1 1
github.com/raghavkgarg/mycase/pkg/pithistory/bottleneck.go:310.3,311.63 2 1
github.com/raghavkgarg/mycase/pkg/pithistory/bottleneck.go:312.4,312.64 1 1
github.com/raghavkgarg/mycase/pkg/pithistory/bottleneck.go:313.5,314.1 1 1
github.com/raghavkgarg/mycase/pkg/pithistory/bottleneck.go:316.3,316.26 1 1
github.com/raghavkgarg/mycase/pkg/pithistory/bottleneck.go:320.2,320.76 1 1
github.com/raghavkgarg/mycase/pkg/pithistory/bottleneck.go:321.3,322.63 2 1
github.com/raghavkgarg/mycase/pkg/pithistory/bottleneck.go:323.4,323.64 1 1
github.com/raghavkgarg/mycase/pkg/pithistory/bottleneck.go:324.5,325.1 1 1
github.com/raghavkgarg/mycase/pkg/pithistory/bottleneck.go:327.3,327.30 1 1
github.com/raghavkgarg/mycase/pkg/pithistory/bottleneck.go:331.2,331.78 1 1
github.com/raghavkgarg/mycase/pkg/pithistory/bottleneck.go:332.3,333.10 2 0
github.com/raghavkgarg/mycase/pkg/pithistory/bottleneck.go:334.4,335.1 1 0
github.com/raghavkgarg/mycase/pkg/pithistory/bottleneck.go:336.3,336.28 1 0
github.com/raghavkgarg/mycase/pkg/pithistory/bottleneck.go:340.2,340.86 1 1
github.com/raghavkgarg/mycase/pkg/pithistory/bottleneck.go:341.3,343.63 3 0
github.com/raghavkgarg/mycase/pkg/pithistory/bottleneck.go:344.4,344.64 1 0
github.com/raghavkgarg/mycase/pkg/pithistory/bottleneck.go:345.5,346.1 1 0
github.com/raghavkgarg/mycase/pkg/pithistory/bottleneck.go:348.3,348.49 1 0
github.com/raghavkgarg/mycase/pkg/pithistory/bottleneck.go:352.2,352.74 1 1
github.com/raghavkgarg/mycase/pkg/pithistory/bottleneck.go:353.3,354.64 2 1
github.com/raghavkgarg/mycase/pkg/pithistory/bottleneck.go:355.4,355.64 1 1
github.com/raghavkgarg/mycase/pkg/pithistory/bottleneck.go:356.5,357.1 1 1
github.com/raghavkgarg/mycase/pkg/pithistory/bottleneck.go:359.3,359.26 1 1
github.com/raghavkgarg/mycase/pkg/pithistory/bottleneck.go:363.2,363.76 1 0
github.com/raghavkgarg/mycase/pkg/pithistory/bottleneck.go:364.3,365.63 2 0
github.com/raghavkgarg/mycase/pkg/pithistory/bottleneck.go:366.4,366.64 1 0
github.com/raghavkgarg/mycase/pkg/pithistory/bottleneck.go:367.5,368.1 1 0
github.com/raghavkgarg/mycase/pkg/pithistory/bottleneck.go:370.3,370.26 1 0
github.com/raghavkgarg/mycase/pkg/pithistory/bottleneck.go:374.2,374.39 1 0
github.com/raghavkgarg/mycase/pkg/pithistory/bottleneck.go:375.3,378.1 1 0
github.com/raghavkgarg/mycase/pkg/pithistory/bottleneck.go:382.2,382.46 1 0
github.com/raghavkgarg/mycase/pkg/pithistory/bottleneck.go:383.3,384.66 2 0
github.com/raghavkgarg/mycase/pkg/pithistory/bottleneck.go:385.4,385.64 1 0
github.com/raghavkgarg/mycase/pkg/pithistory/bottleneck.go:386.5,387.1 1 0
github.com/raghavkgarg/mycase/pkg/pithistory/bottleneck.go:389.3,389.39 1 0
github.com/raghavkgarg/mycase/pkg/pithistory/bottleneck.go:393.2,393.74 1 0
github.com/raghavkgarg/mycase/pkg/pithistory/bottleneck.go:394.3,395.69 2 0
github.com/raghavkgarg/mycase/pkg/pithistory/bottleneck.go:396.4,396.54 1 0
github.com/raghavkgarg/mycase/pkg/pithistory/bottleneck.go:397.5,398.1 1 0
github.com/raghavkgarg/mycase/pkg/pithistory/bottleneck.go:400.3,400.33 1 0
github.com/raghavkgarg/mycase/pkg/pithistory/bottleneck.go:404.2,404.17 1 0
github.com/raghavkgarg/mycase/pkg/pithistory/bottleneck.go:405.3,406.1 1 0
github.com/raghavkgarg/mycase/pkg/pithistory/bottleneck.go:407.2,407.51 1 0
github.com/raghavkgarg/mycase/pkg/pithistory/bottleneck.go:412.2,412.19 1 0
github.com/raghavkgarg/mycase/pkg/pithistory/bottleneck.go:413.3,414.1 1 0
github.com/raghavkgarg/mycase/pkg/pithistory/bottleneck.go:415.2,416.60 2 0
github.com/raghavkgarg/mycase/pkg/pithistory/bottleneck.go:417.3,418.1 1 0
github.com/raghavkgarg/mycase/pkg/pithistory/bottleneck.go:419.2,422.39 4 0
github.com/raghavkgarg/mycase/pkg/pithistory/bottleneck.go:423.3,427.13 5 0
github.com/raghavkgarg/mycase/pkg/pithistory/bottleneck.go:428.4,429.1 1 0
github.com/raghavkgarg/mycase/pkg/pithistory/bottleneck.go:431.2,431.17 1 0
github.com/raghavkgarg/mycase/pkg/pithistory/bottleneck.go:436.2,438.9 3 1
github.com/raghavkgarg/mycase/pkg/pithistory/bottleneck.go:440.3,440.23 1 1
github.com/raghavkgarg/mycase/pkg/pithistory/bottleneck.go:445.3,445.23 1 1
github.com/raghavkgarg/mycase/pkg/pithistory/bottleneck.go:448.3,448.23 1 1
github.com/raghavkgarg/mycase/pkg/pithistory/bottleneck.go:451.3,451.23 1 0
github.com/raghavkgarg/mycase/pkg/pithistory/bottleneck.go:453.3,453.23 1 0
github.com/raghavkgarg/mycase/pkg/pithistory/bottleneck.go:455.3,455.20 1 0
github.com/raghavkgarg/mycase/pkg/pithistory/bottleneck.go:457.2,457.24 1 1
github.com/raghavkgarg/mycase/pkg/pithistory/bottleneck.go:458.3,459.1 1 0
github.com/raghavkgarg/mycase/pkg/pithistory/bottleneck.go:460.2,460.35 1 1
github.com/raghavkgarg/mycase/pkg/pithistory/bottleneck.go:477.2,477.21 1 1
github.com/raghavkgarg/mycase/pkg/pithistory/bottleneck.go:479.3,479.35 1 1
github.com/raghavkgarg/mycase/pkg/pithistory/bottleneck.go:480.4,483.1 1 1
github.com/raghavkgarg/mycase/pkg/pithistory/bottleneck.go:485.3,488.1 1 1
github.com/raghavkgarg/mycase/pkg/pithistory/bottleneck.go:490.3,490.37 1 1
github.com/raghavkgarg/mycase/pkg/pithistory/bottleneck.go:491.4,494.1 1 1
github.com/raghavkgarg/mycase/pkg/pithistory/bottleneck.go:496.3,499.1 1 1
github.com/raghavkgarg/mycase/pkg/pithistory/bottleneck.go:501.3,501.102 1 1
github.com/raghavkgarg/mycase/pkg/pithistory/bottleneck.go:503.3,503.94 1 1
github.com/raghavkgarg/mycase/pkg/pithistory/bottleneck.go:505.3,505.100 1 0
github.com/raghavkgarg/mycase/pkg/pithistory/bottleneck.go:507.3,507.90 1 0
github.com/raghavkgarg/mycase/pkg/pithistory/bottleneck.go:509.3,509.66 1 0
github.com/raghavkgarg/mycase/pkg/pithistory/bottleneck.go:515.2,517.14 3 0
github.com/raghavkgarg/mycase/pkg/pithistory/bottleneck.go:519.3,519.23 1 0
github.com/raghavkgarg/mycase/pkg/pithistory/bottleneck.go:521.3,521.23 1 0
github.com/raghavkgarg/mycase/pkg/pithistory/bottleneck.go:523.3,523.20 1 0
github.com/raghavkgarg/mycase/pkg/pithistory/bottleneck.go:525.2,525.24 1 0
github.com/raghavkgarg/mycase/pkg/pithistory/bottleneck.go:526.3,527.1 1 0
github.com/raghavkgarg/mycase/pkg/pithistory/bottleneck.go:528.2,528.35 1 0
github.com/raghavkgarg/mycase/pkg/pithistory/bottleneck.go:540.2,542.1 3 1
github.com/raghavkgarg/mycase/pkg/pithistory/bottleneck.go:543.2,543.9 3 1
github.com/raghavkgarg/mycase/pkg/pithistory/bottleneck.go:545.3,548.1 1 1
github.com/raghavkgarg/mycase/pkg/pithistory/bottleneck.go:550.3,553.1 1 1
github.com/raghavkgarg/mycase/pkg/pithistory/bottleneck.go:555.3,558.1 1 1
github.com/raghavkgarg/mycase/pkg/pithistory/bottleneck.go:560.3,563.1 1 1
github.com/raghavkgarg/mycase/pkg/pithistory/bottleneck.go:565.3,568.1 1 1
github.com/raghavkgarg/mycase/pkg/pithistory/bottleneck.go:573.2,574.18 2 0
github.com/raghavkgarg/mycase/pkg/pithistory/bottleneck.go:575.3,578.1 1 0
github.com/raghavkgarg/mycase/pkg/pithistory/bottleneck.go:580.2,583.1 1 0
github.com/raghavkgarg/mycase/pkg/pithistory/bottleneck.go:587.2,588.1 1 0
github.com/raghavkgarg/mycase/pkg/pithistory/bottleneck.go:592.2,594.17 3 0
github.com/raghavkgarg/mycase/pkg/pithistory/bottleneck.go:596.3,596.23 1 0
github.com/raghavkgarg/mycase/pkg/pithistory/bottleneck.go:598.3,598.23 1 0
github.com/raghavkgarg/mycase/pkg/pithistory/bottleneck.go:600.3,600.23 1 0
github.com/raghavkgarg/mycase/pkg/pithistory/bottleneck.go:602.3,602.23 1 0
github.com/raghavkgarg/mycase/pkg/pithistory/bottleneck.go:604.3,604.23 1 0
github.com/raghavkgarg/mycase/pkg/pithistory/bottleneck.go:606.3,606.20 1 0
github.com/raghavkgarg/mycase/pkg/pithistory/bottleneck.go:608.2,608.24 1 0
github.com/raghavkgarg/mycase/pkg/pithistory/bottleneck.go:609.3,610.1 1 0
github.com/raghavkgarg/mycase/pkg/pithistory/bottleneck.go:611.2,611.35 1 0
github.com/raghavkgarg/mycase/pkg/pithistory/bottleneck.go:620.2,620.9 1 0
github.com/raghavkgarg/mycase/pkg/pithistory/bottleneck.go:622.3,622.23 1 0
github.com/raghavkgarg/mycase/pkg/pithistory/bottleneck.go:624.3,624.21 1 0
github.com/raghavkgarg/mycase/pkg/pithistory/bottleneck.go:626.3,626.21 1 0
github.com/raghavkgarg/mycase/pkg/pithistory/bottleneck.go:628.3,628.21 1 0
github.com/raghavkgarg/mycase/pkg/pithistory/bottleneck.go:630.3,630.22 1 0
github.com/raghavkgarg/mycase/pkg/pithistory/bottleneck.go:632.3,632.16 1 0
github.com/raghavkgarg/mycase/pkg/pithistory/bottleneck.go:634.3,634.11 1 0
github.com/raghavkgarg/mycase/pkg/pithistory/bottleneck.go:640.2,641.28 2 1
github.com/raghavkgarg/mycase/pkg/pithistory/bottleneck.go:642.3,643.1 1 1
github.com/raghavkgarg/mycase/pkg/pithistory/bottleneck.go:644.2,644.53 1 1
github.com/raghavkgarg/mycase/pkg/pithistory/bottleneck.go:650.2,652.20 3 1
github.com/raghavkgarg/mycase/pkg/pithistory/bottleneck.go:653.3,655.1 2 1
github.com/raghavkgarg/mycase/pkg/pithistory/bottleneck.go:658.2,658.85 1 1
github.com/raghavkgarg/mycase/pkg/pithistory/bottleneck.go:659.3,660.1 1 1
github.com/raghavkgarg/mycase/pkg/pithistory/bottleneck.go:663.2,663.20 1 1
github.com/raghavkgarg/mycase/pkg/pithistory/bottleneck.go:664.3,665.1 1 0
github.com/raghavkgarg/mycase/pkg/pithistory/bottleneck.go:667.2,668.1 2 1
github.com/raghavkgarg/mycase/pkg/pithistory/bottleneck.go:670.2,670.15 2 1
github.com/raghavkgarg/mycase/pkg/pithistory/bottleneck.go:671.3,672.1 1 0
github.com/raghavkgarg/mycase/pkg/pithistory/bottleneck.go:673.2,673.36 1 1
github.com/raghavkgarg/mycase/pkg/pithistory/bottleneck.go:674.3,675.1 1 1
github.com/raghavkgarg/mycase/pkg/pithistory/bottleneck.go:676.2,676.28 1 1
github.com/raghavkgarg/mycase/pkg/pithistory/bottleneck.go:677.3,678.1 1 0
github.com/raghavkgarg/mycase/pkg/pithistory/bottleneck.go:679.2,679.15 1 1
github.com/raghavkgarg/mycase/pkg/pithistory/bottleneck.go:680.3,681.1 1 0
github.com/raghavkgarg/mycase/pkg/pithistory/bottleneck.go:685.2,685.71 1 1
github.com/raghavkgarg/mycase/pkg/pithistory/bottleneck.go:686.3,687.1 1 1
github.com/raghavkgarg/mycase/pkg/pithistory/bottleneck.go:690.2,690.39 1 1
github.com/raghavkgarg/mycase/pkg/pithistory/bottleneck.go:691.3,692.1 1 1
github.com/raghavkgarg/mycase/pkg/pithistory/bottleneck.go:695.2,695.18 1 0
github.com/raghavkgarg/mycase/pkg/pithistory/bottleneck.go:700.2,702.15 3 1
github.com/raghavkgarg/mycase/pkg/pithistory/bottleneck.go:704.3,704.23 1 1
github.com/raghavkgarg/mycase/pkg/pithistory/bottleneck.go:706.3,706.23 1 1
github.com/raghavkgarg/mycase/pkg/pithistory/bottleneck.go:708.3,708.23 1 1
github.com/raghavkgarg/mycase/pkg/pithistory/bottleneck.go:710.3,710.23 1 0
github.com/raghavkgarg/mycase/pkg/pithistory/bottleneck.go:712.3,712.23 1 0
github.com/raghavkgarg/mycase/pkg/pithistory/bottleneck.go:714.3,714.23 1 1
github.com/raghavkgarg/mycase/pkg/pithistory/bottleneck.go:716.3,716.23 1 0
github.com/raghavkgarg/mycase/pkg/pithistory/bottleneck.go:718.3,718.20 1 0
github.com/raghavkgarg/mycase/pkg/pithistory/bottleneck.go:720.2,720.24 1 1
github.com/raghavkgarg/mycase/pkg/pithistory/bottleneck.go:721.3,722.1 1 0
github.com/raghavkgarg/mycase/pkg/pithistory/bottleneck.go:723.2,723.35 1 1
github.com/raghavkgarg/mycase/pkg/pithistory/bottleneck.go:728.2,728.22 1 0
github.com/raghavkgarg/mycase/pkg/pithistory/bottleneck.go:729.3,730.17 2 0
github.com/raghavkgarg/mycase/pkg/pithistory/bottleneck.go:731.4,732.1 1 0
github.com/raghavkgarg/mycase/pkg/pithistory/bottleneck.go:733.3,733.43 1 0
github.com/raghavkgarg/mycase/pkg/pithistory/bottleneck.go:735.2,738.16 4 0
github.com/raghavkgarg/mycase/pkg/pithistory/bottleneck.go:739.3,740.1 1 0
github.com/raghavkgarg/mycase/pkg/pithistory/bottleneck.go:741.2,742.1 2 0
github.com/raghavkgarg/mycase/pkg/pithistory/bottleneck.go:743.2,743.13 2 0
github.com/raghavkgarg/mycase/pkg/pithistory/bottleneck.go:744.3,745.1 1 0
github.com/raghavkgarg/mycase/pkg/pithistory/bottleneck.go:745.9,745.20 1 0
github.com/raghavkgarg/mycase/pkg/pithistory/bottleneck.go:746.3,747.1 1 0
github.com/raghavkgarg/mycase/pkg/pithistory/bottleneck.go:748.2,748.15 1 0
github.com/raghavkgarg/mycase/pkg/pithistory/bottleneck.go:754.2,754.43 1 1
github.com/raghavkgarg/mycase/pkg/pithistory/bottleneck.go:755.3,755.41 1 1
github.com/raghavkgarg/mycase/pkg/pithistory/bottleneck.go:756.4,757.1 1 1
github.com/raghavkgarg/mycase/pkg/pithistory/bottleneck.go:757.10,757.48 1 1
github.com/raghavkgarg/mycase/pkg/pithistory/bottleneck.go:758.4,759.1 1 1
github.com/raghavkgarg/mycase/pkg/pithistory/bottleneck.go:760.3,760.36 1 0
github.com/raghavkgarg/mycase/pkg/pithistory/bottleneck.go:764.2,764.28 1 1
github.com/raghavkgarg/mycase/pkg/pithistory/bottleneck.go:765.3,765.29 1 0
github.com/raghavkgarg/mycase/pkg/pithistory/bottleneck.go:766.4,767.1 1 0
github.com/raghavkgarg/mycase/pkg/pithistory/bottleneck.go:768.3,768.33 1 0
github.com/raghavkgarg/mycase/pkg/pithistory/bottleneck.go:772.2,772.32 1 1
github.com/raghavkgarg/mycase/pkg/pithistory/bottleneck.go:773.3,773.20 1 1
github.com/raghavkgarg/mycase/pkg/pithistory/bottleneck.go:774.4,775.1 1 1
github.com/raghavkgarg/mycase/pkg/pithistory/bottleneck.go:776.3,776.38 1 0
github.com/raghavkgarg/mycase/pkg/pithistory/bottleneck.go:780.2,780.30 1 1
github.com/raghavkgarg/mycase/pkg/pithistory/bottleneck.go:781.3,781.16 1 1
github.com/raghavkgarg/mycase/pkg/pithistory/bottleneck.go:782.4,783.1 1 1
github.com/raghavkgarg/mycase/pkg/pithistory/bottleneck.go:784.3,784.39 1 1
github.com/raghavkgarg/mycase/pkg/pithistory/bottleneck.go:788.2,788.83 1 1
github.com/raghavkgarg/mycase/pkg/pithistory/bottleneck.go:789.3,789.18 1 1
github.com/raghavkgarg/mycase/pkg/pithistory/bottleneck.go:790.4,790.23 1 1
github.com/raghavkgarg/mycase/pkg/pithistory/bottleneck.go:791.5,792.1 1 1
github.com/raghavkgarg/mycase/pkg/pithistory/bottleneck.go:792.11,792.30 1 0
github.com/raghavkgarg/mycase/pkg/pithistory/bottleneck.go:793.5,794.1 1 0
github.com/raghavkgarg/mycase/pkg/pithistory/bottleneck.go:795.4,795.58 1 0
github.com/raghavkgarg/mycase/pkg/pithistory/bottleneck.go:797.3,797.21 1 0
github.com/raghavkgarg/mycase/pkg/pithistory/bottleneck.go:798.4,799.1 1 0
github.com/raghavkgarg/mycase/pkg/pithistory/bottleneck.go:800.3,800.38 1 0
github.com/raghavkgarg/mycase/pkg/pithistory/bottleneck.go:804.2,804.28 1 0
github.com/raghavkgarg/mycase/pkg/pithistory/bottleneck.go:805.3,805.20 1 0
github.com/raghavkgarg/mycase/pkg/pithistory/bottleneck.go:806.4,807.1 1 0
github.com/raghavkgarg/mycase/pkg/pithistory/bottleneck.go:807.10,807.70 1 0
github.com/raghavkgarg/mycase/pkg/pithistory/bottleneck.go:808.4,809.1 1 0
github.com/raghavkgarg/mycase/pkg/pithistory/bottleneck.go:810.3,810.38 1 0
github.com/raghavkgarg/mycase/pkg/pithistory/bottleneck.go:814.2,814.29 1 0
github.com/raghavkgarg/mycase/pkg/pithistory/bottleneck.go:815.3,815.19 1 0
github.com/raghavkgarg/mycase/pkg/pithistory/bottleneck.go:816.4,817.1 1 0
github.com/raghavkgarg/mycase/pkg/pithistory/bottleneck.go:818.3,818.38 1 0
github.com/raghavkgarg/mycase/pkg/pithistory/bottleneck.go:821.2,821.36 1 0
github.com/raghavkgarg/mycase/pkg/pithistory/db.go:29.2,29.67 1 1
github.com/raghavkgarg/mycase/pkg/pithistory/db.go:30.3,31.60 2 0
github.com/raghavkgarg/mycase/pkg/pithistory/db.go:32.4,33.1 1 0
github.com/raghavkgarg/mycase/pkg/pithistory/db.go:34.3,34.16 1 0
github.com/raghavkgarg/mycase/pkg/pithistory/db.go:37.2,37.16 1 1
github.com/raghavkgarg/mycase/pkg/pithistory/db.go:38.3,39.1 1 0
github.com/raghavkgarg/mycase/pkg/pithistory/db.go:40.2,40.62 1 1
github.com/raghavkgarg/mycase/pkg/pithistory/db.go:41.3,42.1 1 0
github.com/raghavkgarg/mycase/pkg/pithistory/db.go:44.2,45.16 2 1
github.com/raghavkgarg/mycase/pkg/pithistory/db.go:46.3,47.1 1 0
github.com/raghavkgarg/mycase/pkg/pithistory/db.go:48.2,50.1 3 1
github.com/raghavkgarg/mycase/pkg/pithistory/db.go:51.2,51.34 3 1
github.com/raghavkgarg/mycase/pkg/pithistory/db.go:52.3,54.1 2 0
github.com/raghavkgarg/mycase/pkg/pithistory/db.go:56.2,57.59 2 1
github.com/raghavkgarg/mycase/pkg/pithistory/db.go:58.3,60.1 2 0
github.com/raghavkgarg/mycase/pkg/pithistory/db.go:61.2,61.15 1 1
github.com/raghavkgarg/mycase/pkg/pithistory/db.go:66.2,66.29 1 1
github.com/raghavkgarg/mycase/pkg/pithistory/db.go:67.3,68.1 1 1
github.com/raghavkgarg/mycase/pkg/pithistory/db.go:69.2,69.12 1 0
github.com/raghavkgarg/mycase/pkg/pithistory/db.go:74.2,75.1 1 0
github.com/raghavkgarg/mycase/pkg/pithistory/db.go:186.2,186.60 1 1
github.com/raghavkgarg/mycase/pkg/pithistory/db.go:187.3,188.1 1 0
github.com/raghavkgarg/mycase/pkg/pithistory/db.go:190.2,197.1 13 1
github.com/raghavkgarg/mycase/pkg/pithistory/db.go:198.2,199.1 13 1
github.com/raghavkgarg/mycase/pkg/pithistory/db.go:200.2,204.12 13 1
github.com/raghavkgarg/mycase/pkg/pithistory/db.go:209.2,209.17 1 1
github.com/raghavkgarg/mycase/pkg/pithistory/db.go:210.3,211.1 1 0
github.com/raghavkgarg/mycase/pkg/pithistory/db.go:213.2,214.1 3 1
github.com/raghavkgarg/mycase/pkg/pithistory/db.go:215.2,216.16 3 1
github.com/raghavkgarg/mycase/pkg/pithistory/db.go:217.3,218.1 1 0
github.com/raghavkgarg/mycase/pkg/pithistory/db.go:219.2,220.1 4 1
github.com/raghavkgarg/mycase/pkg/pithistory/db.go:222.2,238.16 4 1
github.com/raghavkgarg/mycase/pkg/pithistory/db.go:239.3,240.1 1 0
github.com/raghavkgarg/mycase/pkg/pithistory/db.go:243.2,253.16 3 1
github.com/raghavkgarg/mycase/pkg/pithistory/db.go:254.3,255.1 1 0
github.com/raghavkgarg/mycase/pkg/pithistory/db.go:256.2,257.1 3 1
github.com/raghavkgarg/mycase/pkg/pithistory/db.go:258.2,259.1 3 1
github.com/raghavkgarg/mycase/pkg/pithistory/db.go:260.2,260.36 3 1
github.com/raghavkgarg/mycase/pkg/pithistory/db.go:261.3,286.17 2 1
github.com/raghavkgarg/mycase/pkg/pithistory/db.go:287.4,288.1 1 0
github.com/raghavkgarg/mycase/pkg/pithistory/db.go:290.3,290.22 1 1
github.com/raghavkgarg/mycase/pkg/pithistory/db.go:291.4,312.1 1 0
github.com/raghavkgarg/mycase/pkg/pithistory/db.go:315.2,315.36 1 1
github.com/raghavkgarg/mycase/pkg/pithistory/db.go:316.3,317.1 1 0
github.com/raghavkgarg/mycase/pkg/pithistory/db.go:320.2,321.12 2 1
github.com/raghavkgarg/mycase/pkg/pithistory/db.go:326.2,378.1 4 1
github.com/raghavkgarg/mycase/pkg/pithistory/db.go:383.2,403.16 3 0
github.com/raghavkgarg/mycase/pkg/pithistory/db.go:404.3,405.1 1 0
github.com/raghavkgarg/mycase/pkg/pithistory/db.go:406.2,407.26 2 0
github.com/raghavkgarg/mycase/pkg/pithistory/db.go:412.2,419.1 3 1
github.com/raghavkgarg/mycase/pkg/pithistory/db.go:423.2,427.16 5 0
github.com/raghavkgarg/mycase/pkg/pithistory/db.go:429.3,431.17 3 0
github.com/raghavkgarg/mycase/pkg/pithistory/db.go:432.4,433.1 1 0
github.com/raghavkgarg/mycase/pkg/pithistory/db.go:435.2,435.23 1 0
github.com/raghavkgarg/mycase/pkg/pithistory/db.go:440.2,444.16 5 0
github.com/raghavkgarg/mycase/pkg/pithistory/db.go:445.3,446.1 1 0
github.com/raghavkgarg/mycase/pkg/pithistory/db.go:447.2,447.16 1 0
github.com/raghavkgarg/mycase/pkg/pithistory/db.go:452.2,456.16 5 0
github.com/raghavkgarg/mycase/pkg/pithistory/db.go:458.3,460.17 3 0
github.com/raghavkgarg/mycase/pkg/pithistory/db.go:461.4,462.1 1 0
github.com/raghavkgarg/mycase/pkg/pithistory/db.go:464.2,465.23 2 0
github.com/raghavkgarg/mycase/pkg/pithistory/db.go:474.2,474.23 1 1
github.com/raghavkgarg/mycase/pkg/pithistory/db.go:475.3,476.1 1 0
github.com/raghavkgarg/mycase/pkg/pithistory/db.go:479.2,487.16 3 1
github.com/raghavkgarg/mycase/pkg/pithistory/db.go:488.3,489.1 1 0
github.com/raghavkgarg/mycase/pkg/pithistory/db.go:490.2,491.1 3 1
github.com/raghavkgarg/mycase/pkg/pithistory/db.go:492.2,493.18 3 1
github.com/raghavkgarg/mycase/pkg/pithistory/db.go:494.3,495.40 2 1
github.com/raghavkgarg/mycase/pkg/pithistory/db.go:496.4,497.1 1 1
github.com/raghavkgarg/mycase/pkg/pithistory/db.go:499.2,500.1 2 1
github.com/raghavkgarg/mycase/pkg/pithistory/db.go:501.2,501.25 2 1
github.com/raghavkgarg/mycase/pkg/pithistory/db.go:502.3,503.1 1 0
github.com/raghavkgarg/mycase/pkg/pithistory/db.go:506.2,507.47 2 1
github.com/raghavkgarg/mycase/pkg/pithistory/db.go:508.3,509.1 1 1
github.com/raghavkgarg/mycase/pkg/pithistory/db.go:511.2,515.30 5 1
github.com/raghavkgarg/mycase/pkg/pithistory/db.go:516.3,518.1 2 1
github.com/raghavkgarg/mycase/pkg/pithistory/db.go:520.2,532.1 3 1
github.com/raghavkgarg/mycase/pkg/pithistory/db.go:533.2,534.16 3 1
github.com/raghavkgarg/mycase/pkg/pithistory/db.go:535.3,536.1 1 0
github.com/raghavkgarg/mycase/pkg/pithistory/db.go:537.2,538.1 4 1
github.com/raghavkgarg/mycase/pkg/pithistory/db.go:539.2,545.1 4 1
github.com/raghavkgarg/mycase/pkg/pithistory/db.go:546.2,547.19 4 1
github.com/raghavkgarg/mycase/pkg/pithistory/db.go:548.3,551.81 4 1
github.com/raghavkgarg/mycase/pkg/pithistory/db.go:552.4,559.1 1 1
github.com/raghavkgarg/mycase/pkg/pithistory/db.go:562.2,563.39 2 1
github.com/raghavkgarg/mycase/pkg/pithistory/db.go:564.3,567.1 3 1
github.com/raghavkgarg/mycase/pkg/pithistory/db.go:569.3,570.1 3 1
github.com/raghavkgarg/mycase/pkg/pithistory/db.go:571.3,571.49 3 1
github.com/raghavkgarg/mycase/pkg/pithistory/db.go:572.4,572.69 1 1
github.com/raghavkgarg/mycase/pkg/pithistory/db.go:573.5,574.1 1 1
github.com/raghavkgarg/mycase/pkg/pithistory/db.go:575.5,575.10 1 0
github.com/raghavkgarg/mycase/pkg/pithistory/db.go:578.3,579.1 3 1
github.com/raghavkgarg/mycase/pkg/pithistory/db.go:580.3,581.29 3 1
github.com/raghavkgarg/mycase/pkg/pithistory/db.go:582.4,585.1 3 1
github.com/raghavkgarg/mycase/pkg/pithistory/db.go:586.3,586.22 1 1
github.com/raghavkgarg/mycase/pkg/pithistory/db.go:587.4,589.1 2 1
github.com/raghavkgarg/mycase/pkg/pithistory/db.go:590.3,590.23 1 1
github.com/raghavkgarg/mycase/pkg/pithistory/db.go:591.4,592.1 1 1
github.com/raghavkgarg/mycase/pkg/pithistory/db.go:594.3,594.17 1 1
github.com/raghavkgarg/mycase/pkg/pithistory/db.go:597.2,597.20 1 1
github.com/raghavkgarg/mycase/pkg/pithistory/db.go:601.2,608.57 2 1
github.com/raghavkgarg/mycase/pkg/pithistory/db.go:609.3,610.1 1 0
github.com/raghavkgarg/mycase/pkg/pithistory/db.go:613.2,615.15 3 1
github.com/raghavkgarg/mycase/pkg/pithistory/db.go:616.3,617.1 1 0
github.com/raghavkgarg/mycase/pkg/pithistory/db.go:619.2,627.1 2 1
github.com/raghavkgarg/mycase/pkg/pithistory/db.go:629.2,629.26 2 1
github.com/raghavkgarg/mycase/pkg/pithistory/db.go:630.3,634.1 2 1
github.com/raghavkgarg/mycase/pkg/pithistory/db.go:635.3,635.33 2 1
github.com/raghavkgarg/mycase/pkg/pithistory/db.go:636.4,636.41 1 1
github.com/raghavkgarg/mycase/pkg/pithistory/db.go:637.5,644.10 3 1
github.com/raghavkgarg/mycase/pkg/pithistory/db.go:648.2,648.12 1 1
github.com/raghavkgarg/mycase/pkg/pithistory/db.go:652.2,841.1 3 1
github.com/raghavkgarg/mycase/pkg/pithistory/health.go:36.2,42.1 4 0
github.com/raghavkgarg/mycase/pkg/pithistory/health.go:45.2,64.40 4 0
github.com/raghavkgarg/mycase/pkg/pithistory/health.go:65.3,66.1 1 0
github.com/raghavkgarg/mycase/pkg/pithistory/health.go:69.2,87.40 3 0
github.com/raghavkgarg/mycase/pkg/pithistory/health.go:88.3,89.1 1 0
github.com/raghavkgarg/mycase/pkg/pithistory/health.go:92.2,92.20 1 0
github.com/raghavkgarg/mycase/pkg/pithistory/health.go:93.3,126.1 2 0
github.com/raghavkgarg/mycase/pkg/pithistory/health.go:129.2,143.1 3 0
github.com/raghavkgarg/mycase/pkg/pithistory/health.go:145.2,145.20 3 0
github.com/raghavkgarg/mycase/pkg/pithistory/health.go:146.3,161.17 3 0
github.com/raghavkgarg/mycase/pkg/pithistory/health.go:162.4,162.20 1 0
github.com/raghavkgarg/mycase/pkg/pithistory/health.go:163.5,164.31 2 0
github.com/raghavkgarg/mycase/pkg/pithistory/health.go:165.6,166.1 1 0
github.com/raghavkgarg/mycase/pkg/pithistory/health.go:168.4,168.16 1 0
github.com/raghavkgarg/mycase/pkg/pithistory/health.go:170.3,170.60 1 0
github.com/raghavkgarg/mycase/pkg/pithistory/health.go:174.2,174.35 1 0
github.com/raghavkgarg/mycase/pkg/pithistory/health.go:175.3,177.82 2 0
github.com/raghavkgarg/mycase/pkg/pithistory/health.go:178.4,179.1 1 0
github.com/raghavkgarg/mycase/pkg/pithistory/health.go:179.10,179.152 1 0
github.com/raghavkgarg/mycase/pkg/pithistory/health.go:180.4,181.1 1 0
github.com/raghavkgarg/mycase/pkg/pithistory/health.go:184.2,184.17 1 0
github.com/raghavkgarg/mycase/pkg/pithistory/health.go:189.2,189.14 1 0
github.com/raghavkgarg/mycase/pkg/pithistory/health.go:190.3,191.1 1 0
github.com/raghavkgarg/mycase/pkg/pithistory/health.go:193.2,224.12 3 0
github.com/raghavkgarg/mycase/pkg/pithistory/sentry.go:73.2,73.22 1 0
github.com/raghavkgarg/mycase/pkg/pithistory/sentry.go:74.3,75.1 1 0
github.com/raghavkgarg/mycase/pkg/pithistory/sentry.go:76.2,76.22 1 0
github.com/raghavkgarg/mycase/pkg/pithistory/sentry.go:77.3,78.1 1 0
github.com/raghavkgarg/mycase/pkg/pithistory/sentry.go:80.2,81.16 2 0
github.com/raghavkgarg/mycase/pkg/pithistory/sentry.go:82.3,83.1 1 0
github.com/raghavkgarg/mycase/pkg/pithistory/sentry.go:85.2,86.67 2 0
github.com/raghavkgarg/mycase/pkg/pithistory/sentry.go:87.3,87.24 1 0
github.com/raghavkgarg/mycase/pkg/pithistory/sentry.go:88.4,89.1 1 0
github.com/raghavkgarg/mycase/pkg/pithistory/sentry.go:93.2,99.17 3 0
github.com/raghavkgarg/mycase/pkg/pithistory/sentry.go:100.3,100.20 1 0
github.com/raghavkgarg/mycase/pkg/pithistory/sentry.go:101.4,102.129 2 0
github.com/raghavkgarg/mycase/pkg/pithistory/sentry.go:103.5,104.49 2 0
github.com/raghavkgarg/mycase/pkg/pithistory/sentry.go:105.6,107.1 2 0
github.com/raghavkgarg/mycase/pkg/pithistory/sentry.go:110.3,110.16 1 0
github.com/raghavkgarg/mycase/pkg/pithistory/sentry.go:114.2,123.67 3 0
github.com/raghavkgarg/mycase/pkg/pithistory/sentry.go:124.3,124.20 1 0
github.com/raghavkgarg/mycase/pkg/pithistory/sentry.go:125.4,126.29 2 0
github.com/raghavkgarg/mycase/pkg/pithistory/sentry.go:127.5,128.50 2 0
github.com/raghavkgarg/mycase/pkg/pithistory/sentry.go:129.6,130.1 1 0
github.com/raghavkgarg/mycase/pkg/pithistory/sentry.go:133.3,133.16 1 0
github.com/raghavkgarg/mycase/pkg/pithistory/sentry.go:137.2,138.32 2 0
github.com/raghavkgarg/mycase/pkg/pithistory/sentry.go:139.3,140.1 1 0
github.com/raghavkgarg/mycase/pkg/pithistory/sentry.go:141.2,141.34 1 0
github.com/raghavkgarg/mycase/pkg/pithistory/sentry.go:142.3,142.44 1 0
github.com/raghavkgarg/mycase/pkg/pithistory/sentry.go:143.4,144.1 1 0
github.com/raghavkgarg/mycase/pkg/pithistory/sentry.go:147.2,148.34 2 0
github.com/raghavkgarg/mycase/pkg/pithistory/sentry.go:149.3,149.62 1 0
github.com/raghavkgarg/mycase/pkg/pithistory/sentry.go:150.4,150.31 1 0
github.com/raghavkgarg/mycase/pkg/pithistory/sentry.go:151.5,152.1 1 0
github.com/raghavkgarg/mycase/pkg/pithistory/sentry.go:153.4,153.63 1 0
github.com/raghavkgarg/mycase/pkg/pithistory/sentry.go:156.2,156.57 1 0
github.com/raghavkgarg/mycase/pkg/pithistory/sentry.go:157.3,157.101 1 0
github.com/raghavkgarg/mycase/pkg/pithistory/sentry.go:158.4,159.1 1 0
github.com/raghavkgarg/mycase/pkg/pithistory/sentry.go:160.3,160.91 1 0
github.com/raghavkgarg/mycase/pkg/pithistory/sentry.go:163.2,166.1 4 0
github.com/raghavkgarg/mycase/pkg/pithistory/sentry.go:168.2,168.42 4 0
github.com/raghavkgarg/mycase/pkg/pithistory/sentry.go:169.3,169.18 1 0
github.com/raghavkgarg/mycase/pkg/pithistory/sentry.go:170.4,170.12 1 0
github.com/raghavkgarg/mycase/pkg/pithistory/sentry.go:172.3,173.1 5 0
github.com/raghavkgarg/mycase/pkg/pithistory/sentry.go:175.3,184.71 5 0
github.com/raghavkgarg/mycase/pkg/pithistory/sentry.go:185.4,185.21 1 0
github.com/raghavkgarg/mycase/pkg/pithistory/sentry.go:186.5,187.38 2 0
github.com/raghavkgarg/mycase/pkg/pithistory/sentry.go:188.6,191.1 3 0
github.com/raghavkgarg/mycase/pkg/pithistory/sentry.go:193.4,193.17 1 0
github.com/raghavkgarg/mycase/pkg/pithistory/sentry.go:197.3,200.25 4 0
github.com/raghavkgarg/mycase/pkg/pithistory/sentry.go:201.4,204.1 3 0
github.com/raghavkgarg/mycase/pkg/pithistory/sentry.go:207.3,208.19 2 0
github.com/raghavkgarg/mycase/pkg/pithistory/sentry.go:209.4,210.1 1 0
github.com/raghavkgarg/mycase/pkg/pithistory/sentry.go:211.3,213.1 4 0
github.com/raghavkgarg/mycase/pkg/pithistory/sentry.go:214.3,218.1 4 0
github.com/raghavkgarg/mycase/pkg/pithistory/sentry.go:220.3,220.22 4 0
github.com/raghavkgarg/mycase/pkg/pithistory/sentry.go:221.4,222.23 2 0
github.com/raghavkgarg/mycase/pkg/pithistory/sentry.go:223.5,224.1 1 0
github.com/raghavkgarg/mycase/pkg/pithistory/sentry.go:228.3,228.24 1 0
github.com/raghavkgarg/mycase/pkg/pithistory/sentry.go:229.4,230.22 2 0
github.com/raghavkgarg/mycase/pkg/pithistory/sentry.go:231.5,232.1 1 0
github.com/raghavkgarg/mycase/pkg/pithistory/sentry.go:233.4,233.28 1 0
github.com/raghavkgarg/mycase/pkg/pithistory/sentry.go:235.3,235.25 1 0
github.com/raghavkgarg/mycase/pkg/pithistory/sentry.go:236.4,237.23 2 0
github.com/raghavkgarg/mycase/pkg/pithistory/sentry.go:238.5,239.1 1 0
github.com/raghavkgarg/mycase/pkg/pithistory/sentry.go:240.4,240.31 1 0
github.com/raghavkgarg/mycase/pkg/pithistory/sentry.go:244.3,245.25 2 0
github.com/raghavkgarg/mycase/pkg/pithistory/sentry.go:246.4,246.27 1 0
github.com/raghavkgarg/mycase/pkg/pithistory/sentry.go:247.5,248.1 1 0
github.com/raghavkgarg/mycase/pkg/pithistory/sentry.go:249.4,249.26 1 0
github.com/raghavkgarg/mycase/pkg/pithistory/sentry.go:250.5,251.1 1 0
github.com/raghavkgarg/mycase/pkg/pithistory/sentry.go:253.3,254.42 2 0
github.com/raghavkgarg/mycase/pkg/pithistory/sentry.go:255.4,256.1 1 0
github.com/raghavkgarg/mycase/pkg/pithistory/sentry.go:259.3,259.29 1 0
github.com/raghavkgarg/mycase/pkg/pithistory/sentry.go:260.4,262.1 2 0
github.com/raghavkgarg/mycase/pkg/pithistory/sentry.go:265.3,276.1 4 0
github.com/raghavkgarg/mycase/pkg/pithistory/sentry.go:279.3,280.59 4 0
github.com/raghavkgarg/mycase/pkg/pithistory/sentry.go:281.4,282.1 1 0
github.com/raghavkgarg/mycase/pkg/pithistory/sentry.go:282.10,282.68 1 0
github.com/raghavkgarg/mycase/pkg/pithistory/sentry.go:283.4,284.1 1 0
github.com/raghavkgarg/mycase/pkg/pithistory/sentry.go:286.3,286.21 1 0
github.com/raghavkgarg/mycase/pkg/pithistory/sentry.go:287.4,290.1 3 0
github.com/raghavkgarg/mycase/pkg/pithistory/sentry.go:290.10,290.92 1 0
github.com/raghavkgarg/mycase/pkg/pithistory/sentry.go:292.4,295.1 3 0
github.com/raghavkgarg/mycase/pkg/pithistory/sentry.go:295.10,295.79 1 0
github.com/raghavkgarg/mycase/pkg/pithistory/sentry.go:297.4,300.1 3 0
github.com/raghavkgarg/mycase/pkg/pithistory/sentry.go:302.4,305.1 3 0
github.com/raghavkgarg/mycase/pkg/pithistory/sentry.go:307.3,307.45 1 0
github.com/raghavkgarg/mycase/pkg/pithistory/sentry.go:311.2,311.48 1 0
github.com/raghavkgarg/mycase/pkg/pithistory/sentry.go:312.3,312.67 1 0
github.com/raghavkgarg/mycase/pkg/pithistory/sentry.go:313.4,314.1 1 0
github.com/raghavkgarg/mycase/pkg/pithistory/sentry.go:315.3,315.71 1 0
github.com/raghavkgarg/mycase/pkg/pithistory/sentry.go:316.4,317.1 1 0
github.com/raghavkgarg/mycase/pkg/pithistory/sentry.go:318.3,318.77 1 0
github.com/raghavkgarg/mycase/pkg/pithistory/sentry.go:322.2,324.1 4 0
github.com/raghavkgarg/mycase/pkg/pithistory/sentry.go:325.2,326.28 4 0
github.com/raghavkgarg/mycase/pkg/pithistory/sentry.go:327.3,328.1 1 0
github.com/raghavkgarg/mycase/pkg/pithistory/sentry.go:329.2,329.19 1 0
github.com/raghavkgarg/mycase/pkg/pithistory/sentry.go:330.3,330.27 1 0
github.com/raghavkgarg/mycase/pkg/pithistory/sentry.go:331.4,332.1 1 0
github.com/raghavkgarg/mycase/pkg/pithistory/sentry.go:332.10,332.44 1 0
github.com/raghavkgarg/mycase/pkg/pithistory/sentry.go:333.4,334.1 1 0
github.com/raghavkgarg/mycase/pkg/pithistory/sentry.go:337.2,337.31 1 0
github.com/raghavkgarg/mycase/pkg/pithistory/sentry.go:338.3,338.40 1 0
github.com/raghavkgarg/mycase/pkg/pithistory/sentry.go:339.4,339.12 1 0
github.com/raghavkgarg/mycase/pkg/pithistory/sentry.go:341.3,342.1 3 0
github.com/raghavkgarg/mycase/pkg/pithistory/sentry.go:344.3,345.40 3 0
github.com/raghavkgarg/mycase/pkg/pithistory/sentry.go:346.4,347.1 1 0
github.com/raghavkgarg/mycase/pkg/pithistory/sentry.go:348.3,349.46 2 0
github.com/raghavkgarg/mycase/pkg/pithistory/sentry.go:350.4,351.1 1 0
github.com/raghavkgarg/mycase/pkg/pithistory/sentry.go:354.3,355.47 2 0
github.com/raghavkgarg/mycase/pkg/pithistory/sentry.go:356.4,356.30 1 0
github.com/raghavkgarg/mycase/pkg/pithistory/sentry.go:357.5,357.13 1 0
github.com/raghavkgarg/mycase/pkg/pithistory/sentry.go:359.4,360.17 2 0
github.com/raghavkgarg/mycase/pkg/pithistory/sentry.go:361.5,362.1 1 0
github.com/raghavkgarg/mycase/pkg/pithistory/sentry.go:363.4,366.55 4 0
github.com/raghavkgarg/mycase/pkg/pithistory/sentry.go:367.5,367.59 1 0
github.com/raghavkgarg/mycase/pkg/pithistory/sentry.go:368.6,369.1 1 0
github.com/raghavkgarg/mycase/pkg/pithistory/sentry.go:371.4,371.49 1 0
github.com/raghavkgarg/mycase/pkg/pithistory/sentry.go:372.5,374.10 3 0
github.com/raghavkgarg/mycase/pkg/pithistory/sentry.go:378.3,378.22 1 0
github.com/raghavkgarg/mycase/pkg/pithistory/sentry.go:379.4,381.17 3 0
github.com/raghavkgarg/mycase/pkg/pithistory/sentry.go:382.5,383.1 1 0
github.com/raghavkgarg/mycase/pkg/pithistory/sentry.go:384.4,387.1 5 0
github.com/raghavkgarg/mycase/pkg/pithistory/sentry.go:388.4,389.31 5 0
github.com/raghavkgarg/mycase/pkg/pithistory/sentry.go:390.5,391.1 1 0
github.com/raghavkgarg/mycase/pkg/pithistory/sentry.go:391.11,391.38 1 0
github.com/raghavkgarg/mycase/pkg/pithistory/sentry.go:392.5,393.1 1 0
github.com/raghavkgarg/mycase/pkg/pithistory/sentry.go:393.11,393.37 1 0
github.com/raghavkgarg/mycase/pkg/pithistory/sentry.go:394.5,395.1 1 0
github.com/raghavkgarg/mycase/pkg/pithistory/sentry.go:397.4,407.6 1 0
github.com/raghavkgarg/mycase/pkg/pithistory/sentry.go:412.2,413.1 2 0
github.com/raghavkgarg/mycase/pkg/pithistory/sentry.go:415.2,415.43 2 0
github.com/raghavkgarg/mycase/pkg/pithistory/sentry.go:416.3,419.1 5 0
github.com/raghavkgarg/mycase/pkg/pithistory/sentry.go:420.3,426.1 5 0
github.com/raghavkgarg/mycase/pkg/pithistory/sentry.go:428.3,428.15 5 0
github.com/raghavkgarg/mycase/pkg/pithistory/sentry.go:429.4,429.33 1 0
github.com/raghavkgarg/mycase/pkg/pithistory/sentry.go:430.5,432.1 2 0
github.com/raghavkgarg/mycase/pkg/pithistory/sentry.go:433.5,435.1 2 0
github.com/raghavkgarg/mycase/pkg/pithistory/sentry.go:437.4,439.1 2 0
github.com/raghavkgarg/mycase/pkg/pithistory/sentry.go:440.3,440.34 1 0
github.com/raghavkgarg/mycase/pkg/pithistory/sentry.go:444.2,444.45 1 0
github.com/raghavkgarg/mycase/pkg/pithistory/sentry.go:445.3,446.48 2 0
github.com/raghavkgarg/mycase/pkg/pithistory/sentry.go:447.4,447.27 1 0
github.com/raghavkgarg/mycase/pkg/pithistory/sentry.go:448.5,458.1 2 0
github.com/raghavkgarg/mycase/pkg/pithistory/sentry.go:462.2,462.53 1 0
github.com/raghavkgarg/mycase/pkg/pithistory/sentry.go:466.2,467.112 2 1
github.com/raghavkgarg/mycase/pkg/pithistory/sentry.go:468.3,469.1 1 0
github.com/raghavkgarg/mycase/pkg/pithistory/sentry.go:470.2,470.14 1 1
github.com/raghavkgarg/mycase/pkg/pithistory/sentry.go:475.2,485.1 12 0
github.com/raghavkgarg/mycase/pkg/pithistory/sentry.go:486.2,489.28 12 0
github.com/raghavkgarg/mycase/pkg/pithistory/sentry.go:490.3,491.20 2 0
github.com/raghavkgarg/mycase/pkg/pithistory/sentry.go:492.4,493.1 1 0
github.com/raghavkgarg/mycase/pkg/pithistory/sentry.go:494.3,496.20 3 0
github.com/raghavkgarg/mycase/pkg/pithistory/sentry.go:497.4,498.1 1 0
github.com/raghavkgarg/mycase/pkg/pithistory/sentry.go:500.3,501.33 2 0
github.com/raghavkgarg/mycase/pkg/pithistory/sentry.go:502.4,503.1 1 0
github.com/raghavkgarg/mycase/pkg/pithistory/sentry.go:505.3,505.24 1 0
github.com/raghavkgarg/mycase/pkg/pithistory/sentry.go:507.4,507.13 1 0
github.com/raghavkgarg/mycase/pkg/pithistory/sentry.go:509.4,509.13 1 0
github.com/raghavkgarg/mycase/pkg/pithistory/sentry.go:511.4,511.13 1 0
github.com/raghavkgarg/mycase/pkg/pithistory/sentry.go:514.3,515.109 1 0
github.com/raghavkgarg/mycase/pkg/pithistory/sentry.go:518.2,521.1 3 0
github.com/raghavkgarg/mycase/pkg/pithistory/sentry.go:523.2,523.25 3 0
github.com/raghavkgarg/mycase/pkg/pithistory/sentry.go:524.3,531.33 6 0
github.com/raghavkgarg/mycase/pkg/pithistory/sentry.go:532.4,533.22 2 0
github.com/raghavkgarg/mycase/pkg/pithistory/sentry.go:534.5,535.1 1 0
github.com/raghavkgarg/mycase/pkg/pithistory/sentry.go:536.4,537.24 2 0
github.com/raghavkgarg/mycase/pkg/pithistory/sentry.go:538.5,539.1 1 0
github.com/raghavkgarg/mycase/pkg/pithistory/sentry.go:540.4,540.92 1 0
github.com/raghavkgarg/mycase/pkg/pithistory/sentry.go:541.5,542.1 1 0
github.com/raghavkgarg/mycase/pkg/pithistory/sentry.go:543.4,544.128 1 0
github.com/raghavkgarg/mycase/pkg/pithistory/sentry.go:546.3,546.29 1 0
github.com/raghavkgarg/mycase/pkg/pithistory/sentry.go:547.4,550.1 3 0
github.com/raghavkgarg/mycase/pkg/pithistory/sentry.go:554.2,560.1 5 0
github.com/raghavkgarg/mycase/pkg/pithistory/sentry.go:561.2,561.30 5 0
github.com/raghavkgarg/mycase/pkg/pithistory/sentry.go:562.3,563.20 2 0
github.com/raghavkgarg/mycase/pkg/pithistory/sentry.go:564.4,565.1 1 0
github.com/raghavkgarg/mycase/pkg/pithistory/sentry.go:566.3,567.25 2 0
github.com/raghavkgarg/mycase/pkg/pithistory/sentry.go:568.4,569.1 1 0
github.com/raghavkgarg/mycase/pkg/pithistory/sentry.go:570.3,571.27 2 0
github.com/raghavkgarg/mycase/pkg/pithistory/sentry.go:572.4,573.1 1 0
github.com/raghavkgarg/mycase/pkg/pithistory/sentry.go:575.3,576.90 1 0
github.com/raghavkgarg/mycase/pkg/pithistory/sentry.go:578.2,578.39 1 0
github.com/raghavkgarg/mycase/pkg/pithistory/sentry.go:584.2,584.26 1 1
github.com/raghavkgarg/mycase/pkg/pithistory/sentry.go:585.3,586.1 1 0
github.com/raghavkgarg/mycase/pkg/pithistory/sentry.go:588.2,589.16 2 1
github.com/raghavkgarg/mycase/pkg/pithistory/sentry.go:590.3,591.1 1 0
github.com/raghavkgarg/mycase/pkg/pithistory/sentry.go:592.2,593.1 4 1
github.com/raghavkgarg/mycase/pkg/pithistory/sentry.go:594.2,596.16 4 1
github.com/raghavkgarg/mycase/pkg/pithistory/sentry.go:597.3,598.1 1 0
github.com/raghavkgarg/mycase/pkg/pithistory/sentry.go:599.2,599.22 1 1
github.com/raghavkgarg/mycase/pkg/pithistory/sentry.go:600.3,601.1 1 0
github.com/raghavkgarg/mycase/pkg/pithistory/sentry.go:603.2,605.31 3 1
github.com/raghavkgarg/mycase/pkg/pithistory/sentry.go:606.3,606.48 1 1
github.com/raghavkgarg/mycase/pkg/pithistory/sentry.go:608.4,608.17 1 1
github.com/raghavkgarg/mycase/pkg/pithistory/sentry.go:610.4,610.17 1 1
github.com/raghavkgarg/mycase/pkg/pithistory/sentry.go:613.2,613.40 1 1
github.com/raghavkgarg/mycase/pkg/pithistory/sentry.go:614.3,615.1 1 0
github.com/raghavkgarg/mycase/pkg/pithistory/sentry.go:617.2,620.1 6 1
github.com/raghavkgarg/mycase/pkg/pithistory/sentry.go:622.2,625.1 6 1
github.com/raghavkgarg/mycase/pkg/pithistory/sentry.go:626.2,627.32 6 1
github.com/raghavkgarg/mycase/pkg/pithistory/sentry.go:628.3,629.1 1 1
github.com/raghavkgarg/mycase/pkg/pithistory/sentry.go:631.2,631.34 1 1
github.com/raghavkgarg/mycase/pkg/pithistory/sentry.go:632.3,632.53 1 1
github.com/raghavkgarg/mycase/pkg/pithistory/sentry.go:633.4,633.12 1 0
github.com/raghavkgarg/mycase/pkg/pithistory/sentry.go:635.3,637.18 3 1
github.com/raghavkgarg/mycase/pkg/pithistory/sentry.go:638.4,638.42 1 1
github.com/raghavkgarg/mycase/pkg/pithistory/sentry.go:640.5,644.22 2 1
github.com/raghavkgarg/mycase/pkg/pithistory/sentry.go:645.6,647.1 2 1
github.com/raghavkgarg/mycase/pkg/pithistory/sentry.go:649.5,653.1 1 1
github.com/raghavkgarg/mycase/pkg/pithistory/sentry.go:655.4,655.21 1 1
github.com/raghavkgarg/mycase/pkg/pithistory/sentry.go:656.5,658.1 2 1
github.com/raghavkgarg/mycase/pkg/pithistory/sentry.go:663.2,663.49 1 1
github.com/raghavkgarg/mycase/pkg/pithistory/sentry.go:664.3,665.1 1 1
github.com/raghavkgarg/mycase/pkg/pithistory/sentry.go:668.2,670.1 4 1
github.com/raghavkgarg/mycase/pkg/pithistory/sentry.go:672.2,673.16 4 1
github.com/raghavkgarg/mycase/pkg/pithistory/sentry.go:674.3,675.1 1 0
github.com/raghavkgarg/mycase/pkg/pithistory/sentry.go:676.2,677.1 4 1
github.com/raghavkgarg/mycase/pkg/pithistory/sentry.go:678.2,680.1 4 1
github.com/raghavkgarg/mycase/pkg/pithistory/sentry.go:681.2,681.62 4 1
github.com/raghavkgarg/mycase/pkg/pithistory/sentry.go:682.3,683.1 1 0
github.com/raghavkgarg/mycase/pkg/pithistory/sentry.go:685.2,685.35 1 1
github.com/raghavkgarg/mycase/pkg/pithistory/sentry.go:686.3,686.84 1 1
github.com/raghavkgarg/mycase/pkg/pithistory/sentry.go:687.4,688.1 1 0
github.com/raghavkgarg/mycase/pkg/pithistory/sentry.go:690.2,690.33 1 1
github.com/raghavkgarg/mycase/pkg/pithistory/sentry.go:691.3,691.56 1 1
github.com/raghavkgarg/mycase/pkg/pithistory/sentry.go:692.4,693.1 1 0
github.com/raghavkgarg/mycase/pkg/pithistory/sentry.go:696.2,697.1 7 1
github.com/raghavkgarg/mycase/pkg/pithistory/sentry.go:698.2,703.32 7 1
github.com/raghavkgarg/mycase/pkg/pithistory/sentry.go:704.3,706.1 1 1
github.com/raghavkgarg/mycase/pkg/pithistory/sentry.go:707.2,708.1 2 1
github.com/raghavkgarg/mycase/pkg/pithistory/sentry.go:709.2,709.12 2 1
github.com/raghavkgarg/mycase/pkg/pithistory/sentry.go:713.2,714.16 2 1
github.com/raghavkgarg/mycase/pkg/pithistory/sentry.go:715.3,716.1 1 0
github.com/raghavkgarg/mycase/pkg/pithistory/sentry.go:717.2,717.38 1 1
github.com/raghavkgarg/mycase/pkg/pithistory/sentry.go:723.2,723.26 1 1
github.com/raghavkgarg/mycase/pkg/pithistory/sentry.go:724.3,725.1 1 0
github.com/raghavkgarg/mycase/pkg/pithistory/sentry.go:727.2,728.16 2 1
github.com/raghavkgarg/mycase/pkg/pithistory/sentry.go:729.3,730.1 1 0
github.com/raghavkgarg/mycase/pkg/pithistory/sentry.go:733.2,734.32 2 1
github.com/raghavkgarg/mycase/pkg/pithistory/sentry.go:735.3,737.1 2 1
github.com/raghavkgarg/mycase/pkg/pithistory/sentry.go:740.2,743.1 5 1
github.com/raghavkgarg/mycase/pkg/pithistory/sentry.go:744.2,746.1 5 1
github.com/raghavkgarg/mycase/pkg/pithistory/sentry.go:748.2,749.16 5 1
github.com/raghavkgarg/mycase/pkg/pithistory/sentry.go:750.3,753.23 4 1
github.com/raghavkgarg/mycase/pkg/pithistory/sentry.go:754.4,754.36 1 1
github.com/raghavkgarg/mycase/pkg/pithistory/sentry.go:755.5,755.22 1 1
github.com/raghavkgarg/mycase/pkg/pithistory/sentry.go:756.6,757.57 2 1
github.com/raghavkgarg/mycase/pkg/pithistory/sentry.go:758.7,761.1 3 1
github.com/raghavkgarg/mycase/pkg/pithistory/sentry.go:768.2,768.23 1 1
github.com/raghavkgarg/mycase/pkg/pithistory/sentry.go:769.3,769.29 1 0
github.com/raghavkgarg/mycase/pkg/pithistory/sentry.go:770.4,770.43 1 0
github.com/raghavkgarg/mycase/pkg/pithistory/sentry.go:771.5,772.1 1 0
github.com/raghavkgarg/mycase/pkg/pithistory/sentry.go:777.2,777.32 1 1
github.com/raghavkgarg/mycase/pkg/pithistory/sentry.go:778.3,779.73 2 1
github.com/raghavkgarg/mycase/pkg/pithistory/sentry.go:780.4,781.1 1 0
github.com/raghavkgarg/mycase/pkg/pithistory/sentry.go:782.3,785.5 1 1
github.com/raghavkgarg/mycase/pkg/pithistory/sentry.go:789.2,790.1 3 1
github.com/raghavkgarg/mycase/pkg/pithistory/sentry.go:792.2,793.16 3 1
github.com/raghavkgarg/mycase/pkg/pithistory/sentry.go:794.3,795.1 1 0
github.com/raghavkgarg/mycase/pkg/pithistory/sentry.go:796.2,797.1 4 1
github.com/raghavkgarg/mycase/pkg/pithistory/sentry.go:798.2,800.1 4 1
github.com/raghavkgarg/mycase/pkg/pithistory/sentry.go:801.2,801.62 4 1
github.com/raghavkgarg/mycase/pkg/pithistory/sentry.go:802.3,803.1 1 0
github.com/raghavkgarg/mycase/pkg/pithistory/sentry.go:805.2,805.28 1 1
github.com/raghavkgarg/mycase/pkg/pithistory/sentry.go:806.3,806.84 1 1
github.com/raghavkgarg/mycase/pkg/pithistory/sentry.go:807.4,808.1 1 0
github.com/raghavkgarg/mycase/pkg/pithistory/sentry.go:811.2,811.12 1 1
github.com/raghavkgarg/mycase/pkg/pithistory/staging.go:40.2,42.16 3 1
github.com/raghavkgarg/mycase/pkg/pithistory/staging.go:43.3,44.1 1 0
github.com/raghavkgarg/mycase/pkg/pithistory/staging.go:45.2,45.20 1 1
github.com/raghavkgarg/mycase/pkg/pithistory/staging.go:50.2,50.24 1 1
github.com/raghavkgarg/mycase/pkg/pithistory/staging.go:51.3,52.1 1 1
github.com/raghavkgarg/mycase/pkg/pithistory/staging.go:52.9,52.32 1 1
github.com/raghavkgarg/mycase/pkg/pithistory/staging.go:53.3,54.1 1 1
github.com/raghavkgarg/mycase/pkg/pithistory/staging.go:55.2,55.34 1 1
github.com/raghavkgarg/mycase/pkg/pithistory/staging.go:60.2,60.21 1 1
github.com/raghavkgarg/mycase/pkg/pithistory/staging.go:61.3,62.1 1 0
github.com/raghavkgarg/mycase/pkg/pithistory/staging.go:63.2,64.27 2 1
github.com/raghavkgarg/mycase/pkg/pithistory/staging.go:65.3,66.1 1 1
github.com/raghavkgarg/mycase/pkg/pithistory/staging.go:67.2,68.15 2 1
github.com/raghavkgarg/mycase/pkg/pithistory/staging.go:69.3,70.1 1 0
github.com/raghavkgarg/mycase/pkg/pithistory/staging.go:72.2,73.27 2 1
github.com/raghavkgarg/mycase/pkg/pithistory/staging.go:74.3,76.1 2 1
github.com/raghavkgarg/mycase/pkg/pithistory/staging.go:77.2,79.22 3 1
github.com/raghavkgarg/mycase/pkg/pithistory/staging.go:85.2,85.26 1 1
github.com/raghavkgarg/mycase/pkg/pithistory/staging.go:86.3,87.1 1 0
github.com/raghavkgarg/mycase/pkg/pithistory/staging.go:90.2,90.45 1 1
github.com/raghavkgarg/mycase/pkg/pithistory/staging.go:91.3,92.1 1 1
github.com/raghavkgarg/mycase/pkg/pithistory/staging.go:94.2,96.31 3 1
github.com/raghavkgarg/mycase/pkg/pithistory/staging.go:97.3,98.16 2 1
github.com/raghavkgarg/mycase/pkg/pithistory/staging.go:99.4,100.1 1 0
github.com/raghavkgarg/mycase/pkg/pithistory/staging.go:101.3,101.28 1 1
github.com/raghavkgarg/mycase/pkg/pithistory/staging.go:102.4,104.1 2 1
github.com/raghavkgarg/mycase/pkg/pithistory/staging.go:106.2,108.12 3 1
github.com/raghavkgarg/mycase/pkg/pithistory/staging.go:109.3,110.1 1 0
github.com/raghavkgarg/mycase/pkg/pithistory/staging.go:114.2,116.31 3 1
github.com/raghavkgarg/mycase/pkg/pithistory/staging.go:117.3,118.40 2 1
github.com/raghavkgarg/mycase/pkg/pithistory/staging.go:119.4,120.1 1 1
github.com/raghavkgarg/mycase/pkg/pithistory/staging.go:121.3,121.21 1 1
github.com/raghavkgarg/mycase/pkg/pithistory/staging.go:122.4,123.1 1 0
github.com/raghavkgarg/mycase/pkg/pithistory/staging.go:125.3,126.23 2 1
github.com/raghavkgarg/mycase/pkg/pithistory/staging.go:127.4,128.1 1 0
github.com/raghavkgarg/mycase/pkg/pithistory/staging.go:129.3,130.21 2 1
github.com/raghavkgarg/mycase/pkg/pithistory/staging.go:133.2,134.25 2 1
github.com/raghavkgarg/mycase/pkg/pithistory/staging.go:135.3,135.19 1 1
github.com/raghavkgarg/mycase/pkg/pithistory/staging.go:136.4,137.1 1 1
github.com/raghavkgarg/mycase/pkg/pithistory/staging.go:138.4,139.1 1 0
github.com/raghavkgarg/mycase/pkg/pithistory/staging.go:143.2,145.1 3 1
github.com/raghavkgarg/mycase/pkg/pithistory/staging.go:146.2,146.15 3 1
github.com/raghavkgarg/mycase/pkg/pithistory/staging.go:147.3,148.1 2 1
github.com/raghavkgarg/mycase/pkg/pithistory/staging.go:150.3,150.20 2 1
github.com/raghavkgarg/mycase/pkg/pithistory/staging.go:151.4,151.40 1 1
github.com/raghavkgarg/mycase/pkg/pithistory/staging.go:152.5,154.1 2 1
github.com/raghavkgarg/mycase/pkg/pithistory/staging.go:158.3,159.32 2 1
github.com/raghavkgarg/mycase/pkg/pithistory/staging.go:160.4,161.17 2 1
github.com/raghavkgarg/mycase/pkg/pithistory/staging.go:162.5,163.1 1 0
github.com/raghavkgarg/mycase/pkg/pithistory/staging.go:164.4,164.34 1 1
github.com/raghavkgarg/mycase/pkg/pithistory/staging.go:167.3,167.41 1 1
github.com/raghavkgarg/mycase/pkg/pithistory/staging.go:168.4,168.38 1 1
github.com/raghavkgarg/mycase/pkg/pithistory/staging.go:169.5,171.34 3 0
github.com/raghavkgarg/mycase/pkg/pithistory/staging.go:172.6,173.20 2 0
github.com/raghavkgarg/mycase/pkg/pithistory/staging.go:174.7,175.1 1 0
github.com/raghavkgarg/mycase/pkg/pithistory/staging.go:176.6,176.21 1 0
github.com/raghavkgarg/mycase/pkg/pithistory/staging.go:177.7,178.1 1 0
github.com/raghavkgarg/mycase/pkg/pithistory/staging.go:184.3,185.29 2 1
github.com/raghavkgarg/mycase/pkg/pithistory/staging.go:186.4,187.1 1 1
github.com/raghavkgarg/mycase/pkg/pithistory/staging.go:189.3,189.53 1 1
github.com/raghavkgarg/mycase/pkg/pithistory/staging.go:190.4,190.9 1 1
github.com/raghavkgarg/mycase/pkg/pithistory/staging.go:193.3,194.19 2 1
github.com/raghavkgarg/mycase/pkg/pithistory/staging.go:195.4,197.33 3 1
github.com/raghavkgarg/mycase/pkg/pithistory/staging.go:198.5,199.18 2 1
github.com/raghavkgarg/mycase/pkg/pithistory/staging.go:200.6,201.1 1 0
github.com/raghavkgarg/mycase/pkg/pithistory/staging.go:202.5,202.84 1 1
github.com/raghavkgarg/mycase/pkg/pithistory/staging.go:203.6,205.1 2 1
github.com/raghavkgarg/mycase/pkg/pithistory/staging.go:208.4,208.55 1 1
github.com/raghavkgarg/mycase/pkg/pithistory/staging.go:209.5,209.10 1 0
github.com/raghavkgarg/mycase/pkg/pithistory/staging.go:212.4,212.40 1 1
github.com/raghavkgarg/mycase/pkg/pithistory/staging.go:213.5,214.1 1 1
github.com/raghavkgarg/mycase/pkg/pithistory/staging.go:219.2,220.28 2 1
github.com/raghavkgarg/mycase/pkg/pithistory/staging.go:221.3,222.1 1 1
github.com/raghavkgarg/mycase/pkg/pithistory/staging.go:223.2,223.18 1 1
github.com/raghavkgarg/mycase/pkg/pithistory/staging.go:224.3,224.26 1 1
github.com/raghavkgarg/mycase/pkg/pithistory/staging.go:225.4,226.1 1 1
github.com/raghavkgarg/mycase/pkg/pithistory/staging.go:229.2,229.19 1 1
github.com/raghavkgarg/mycase/pkg/pithistory/staging.go:236.2,237.22 2 0
github.com/raghavkgarg/mycase/pkg/pithistory/staging.go:238.3,239.1 1 0
github.com/raghavkgarg/mycase/pkg/pithistory/staging.go:240.2,240.15 1 0
github.com/raghavkgarg/mycase/pkg/pithistory/staging.go:241.3,242.1 1 0
github.com/raghavkgarg/mycase/pkg/pithistory/staging.go:244.2,245.62 2 0
github.com/raghavkgarg/mycase/pkg/pithistory/staging.go:246.3,246.87 1 0
github.com/raghavkgarg/mycase/pkg/pithistory/staging.go:247.4,247.32 1 0
github.com/raghavkgarg/mycase/pkg/pithistory/staging.go:248.5,248.20 1 0
github.com/raghavkgarg/mycase/pkg/pithistory/staging.go:249.6,250.1 1 0
github.com/raghavkgarg/mycase/pkg/pithistory/staging.go:255.2,256.36 2 0
github.com/raghavkgarg/mycase/pkg/pithistory/staging.go:257.3,258.23 2 0
github.com/raghavkgarg/mycase/pkg/pithistory/staging.go:259.4,260.1 1 0
github.com/raghavkgarg/mycase/pkg/pithistory/staging.go:264.2,323.16 3 0
github.com/raghavkgarg/mycase/pkg/pithistory/staging.go:324.3,325.1 1 0
github.com/raghavkgarg/mycase/pkg/pithistory/staging.go:327.2,328.18 2 0
github.com/raghavkgarg/mycase/pkg/pithistory/staging.go:329.3,342.17 3 0
github.com/raghavkgarg/mycase/pkg/pithistory/staging.go:343.4,346.1 3 0
github.com/raghavkgarg/mycase/pkg/pithistory/staging.go:348.2,349.1 3 0
github.com/raghavkgarg/mycase/pkg/pithistory/staging.go:350.2,351.37 3 0
github.com/raghavkgarg/mycase/pkg/pithistory/staging.go:353.3,360.90 2 0
github.com/raghavkgarg/mycase/pkg/pithistory/staging.go:361.4,364.21 4 0
github.com/raghavkgarg/mycase/pkg/pithistory/staging.go:365.5,366.46 2 0
github.com/raghavkgarg/mycase/pkg/pithistory/staging.go:367.6,370.1 3 0
github.com/raghavkgarg/mycase/pkg/pithistory/staging.go:372.4,373.1 2 0
github.com/raghavkgarg/mycase/pkg/pithistory/staging.go:374.4,374.23 2 0
github.com/raghavkgarg/mycase/pkg/pithistory/staging.go:375.5,376.1 1 0
github.com/raghavkgarg/mycase/pkg/pithistory/staging.go:377.4,377.21 1 0
github.com/raghavkgarg/mycase/pkg/pithistory/staging.go:378.5,379.28 2 0
github.com/raghavkgarg/mycase/pkg/pithistory/staging.go:380.6,381.1 1 0
github.com/raghavkgarg/mycase/pkg/pithistory/staging.go:382.5,383.46 2 0
github.com/raghavkgarg/mycase/pkg/pithistory/staging.go:388.3,388.47 1 0
github.com/raghavkgarg/mycase/pkg/pithistory/staging.go:389.4,389.12 1 0
github.com/raghavkgarg/mycase/pkg/pithistory/staging.go:392.3,393.30 2 0
github.com/raghavkgarg/mycase/pkg/pithistory/staging.go:394.4,394.12 1 0
github.com/raghavkgarg/mycase/pkg/pithistory/staging.go:397.3,397.38 1 0
github.com/raghavkgarg/mycase/pkg/pithistory/staging.go:400.2,400.25 1 0
github.com/raghavkgarg/mycase/pkg/pithistory/staging.go:401.3,402.1 1 0
github.com/raghavkgarg/mycase/pkg/pithistory/staging.go:405.2,405.44 1 0
github.com/raghavkgarg/mycase/pkg/pithistory/staging.go:406.3,406.75 1 0
github.com/raghavkgarg/mycase/pkg/pithistory/staging.go:407.4,408.1 1 0
github.com/raghavkgarg/mycase/pkg/pithistory/staging.go:409.3,409.65 1 0
github.com/raghavkgarg/mycase/pkg/pithistory/staging.go:412.2,412.27 1 0
github.com/raghavkgarg/mycase/pkg/pithistory/staging.go:413.3,414.1 1 0
github.com/raghavkgarg/mycase/pkg/pithistory/staging.go:417.2,418.1 2 0
github.com/raghavkgarg/mycase/pkg/pithistory/staging.go:420.2,420.68 2 0
github.com/raghavkgarg/mycase/pkg/pithistory/staging.go:421.3,422.1 1 0
github.com/raghavkgarg/mycase/pkg/pithistory/staging.go:423.2,424.16 2 0
github.com/raghavkgarg/mycase/pkg/pithistory/staging.go:425.3,426.1 1 0
github.com/raghavkgarg/mycase/pkg/pithistory/staging.go:427.2,428.1 4 0
github.com/raghavkgarg/mycase/pkg/pithistory/staging.go:429.2,431.1 4 0
github.com/raghavkgarg/mycase/pkg/pithistory/staging.go:432.2,432.67 4 0
github.com/raghavkgarg/mycase/pkg/pithistory/staging.go:433.3,434.1 1 0
github.com/raghavkgarg/mycase/pkg/pithistory/staging.go:435.2,435.27 1 0
github.com/raghavkgarg/mycase/pkg/pithistory/staging.go:436.3,436.89 1 0
github.com/raghavkgarg/mycase/pkg/pithistory/staging.go:437.4,438.1 1 0
github.com/raghavkgarg/mycase/pkg/pithistory/staging.go:442.2,442.68 1 0
github.com/raghavkgarg/mycase/pkg/pithistory/staging.go:443.3,444.1 1 0
github.com/raghavkgarg/mycase/pkg/pithistory/staging.go:446.2,446.20 1 0
github.com/raghavkgarg/mycase/pkg/pithistory/staging.go:450.2,471.62 2 0
github.com/raghavkgarg/mycase/pkg/pithistory/staging.go:472.3,473.1 1 0
github.com/raghavkgarg/mycase/pkg/pithistory/staging.go:476.2,477.1 3 0
github.com/raghavkgarg/mycase/pkg/pithistory/staging.go:478.2,485.27 3 0
github.com/raghavkgarg/mycase/pkg/pithistory/staging.go:486.3,491.17 2 0
github.com/raghavkgarg/mycase/pkg/pithistory/staging.go:492.4,493.1 1 0
github.com/raghavkgarg/mycase/pkg/pithistory/staging.go:495.2,495.12 1 0
github.com/raghavkgarg/mycase/pkg/pithistory/staging.go:500.2,503.62 4 0
github.com/raghavkgarg/mycase/pkg/pithistory/staging.go:504.3,505.1 1 0
github.com/raghavkgarg/mycase/pkg/pithistory/staging.go:506.2,514.1 8 0
github.com/raghavkgarg/mycase/pkg/pithistory/staging.go:515.2,516.31 8 0
github.com/raghavkgarg/mycase/pkg/pithistory/staging.go:517.3,519.23 3 0
github.com/raghavkgarg/mycase/pkg/pithistory/staging.go:520.4,521.1 1 0
github.com/raghavkgarg/mycase/pkg/pithistory/staging.go:522.3,524.91 1 0
github.com/raghavkgarg/mycase/pkg/pithistory/staging.go:526.2,528.39 3 0
github.com/raghavkgarg/mycase/pkg/selectiontracker/tracker.go:57.2,72.1 1 1
github.com/raghavkgarg/mycase/pkg/selectiontracker/tracker.go:77.2,78.1 1 0
github.com/raghavkgarg/mycase/pkg/selectiontracker/tracker.go:82.2,83.1 1 1
github.com/raghavkgarg/mycase/pkg/selectiontracker/tracker.go:87.2,88.1 1 1
github.com/raghavkgarg/mycase/pkg/selectiontracker/tracker.go:92.2,95.1 3 1
github.com/raghavkgarg/mycase/pkg/selectiontracker/tracker.go:99.2,102.1 3 1
github.com/raghavkgarg/mycase/pkg/selectiontracker/tracker.go:106.2,108.1 2 1
github.com/raghavkgarg/mycase/pkg/selectiontracker/tracker.go:112.2,113.1 1 0
github.com/raghavkgarg/mycase/pkg/selectiontracker/tracker.go:117.2,117.16 1 1
github.com/raghavkgarg/mycase/pkg/selectiontracker/tracker.go:118.3,118.26 1 0
github.com/raghavkgarg/mycase/pkg/selectiontracker/tracker.go:119.4,120.1 1 0
github.com/raghavkgarg/mycase/pkg/selectiontracker/tracker.go:121.4,122.1 1 0
github.com/raghavkgarg/mycase/pkg/selectiontracker/tracker.go:124.3,124.19 1 1
github.com/raghavkgarg/mycase/pkg/selectiontracker/tracker.go:125.4,126.1 1 0
github.com/raghavkgarg/mycase/pkg/selectiontracker/tracker.go:127.4,128.1 1 1
github.com/raghavkgarg/mycase/pkg/selectiontracker/tracker.go:134.2,135.1 1 0
github.com/raghavkgarg/mycase/pkg/selectiontracker/tracker.go:139.2,140.1 1 0
github.com/raghavkgarg/mycase/pkg/selectiontracker/tracker.go:145.2,146.1 1 0
github.com/raghavkgarg/mycase/pkg/selectiontracker/tracker.go:150.2,150.16 1 1
github.com/raghavkgarg/mycase/pkg/selectiontracker/tracker.go:151.3,152.1 1 0
github.com/raghavkgarg/mycase/pkg/selectiontracker/tracker.go:153.3,154.1 1 1
github.com/raghavkgarg/mycase/pkg/selectiontracker/tracker.go:172.2,173.46 2 1
github.com/raghavkgarg/mycase/pkg/selectiontracker/tracker.go:174.3,176.1 1 1
github.com/raghavkgarg/mycase/pkg/selectiontracker/tracker.go:177.2,177.23 1 1
github.com/raghavkgarg/mycase/pkg/selectiontracker/tracker.go:178.3,179.39 2 1
github.com/raghavkgarg/mycase/pkg/selectiontracker/tracker.go:180.4,182.1 1 0
github.com/raghavkgarg/mycase/pkg/selectiontracker/tracker.go:184.2,184.12 1 1
github.com/raghavkgarg/mycase/pkg/selectiontracker/tracker.go:189.2,190.31 2 1
github.com/raghavkgarg/mycase/pkg/selectiontracker/tracker.go:191.3,192.1 1 1
github.com/raghavkgarg/mycase/pkg/selectiontracker/tracker.go:194.2,195.35 2 1
github.com/raghavkgarg/mycase/pkg/selectiontracker/tracker.go:196.3,197.1 1 0
github.com/raghavkgarg/mycase/pkg/selectiontracker/tracker.go:199.2,200.35 2 1
github.com/raghavkgarg/mycase/pkg/selectiontracker/tracker.go:201.3,202.1 1 1
github.com/raghavkgarg/mycase/pkg/selectiontracker/tracker.go:204.2,205.41 2 1
github.com/raghavkgarg/mycase/pkg/selectiontracker/tracker.go:206.3,207.1 1 1
github.com/raghavkgarg/mycase/pkg/selectiontracker/tracker.go:208.2,208.36 1 1
github.com/raghavkgarg/mycase/pkg/selectiontracker/tracker.go:209.3,210.1 1 1
github.com/raghavkgarg/mycase/pkg/selectiontracker/tracker.go:211.2,211.35 1 1
github.com/raghavkgarg/mycase/pkg/selectiontracker/tracker.go:212.3,213.1 1 0
github.com/raghavkgarg/mycase/pkg/selectiontracker/tracker.go:214.2,214.37 1 1
github.com/raghavkgarg/mycase/pkg/selectiontracker/tracker.go:215.3,216.1 1 1
github.com/raghavkgarg/mycase/pkg/selectiontracker/tracker.go:217.2,217.37 1 1
github.com/raghavkgarg/mycase/pkg/selectiontracker/tracker.go:218.3,219.1 1 1
github.com/raghavkgarg/mycase/pkg/selectiontracker/tracker.go:221.2,231.1 2 1
github.com/raghavkgarg/mycase/pkg/selectiontracker/tracker.go:232.2,232.24 2 1
github.com/raghavkgarg/mycase/pkg/selectiontracker/tracker.go:247.2,248.9 2 0
github.com/raghavkgarg/mycase/pkg/selectiontracker/tracker.go:249.3,250.1 1 0
github.com/raghavkgarg/mycase/pkg/selectiontracker/tracker.go:251.2,253.10 3 0
github.com/raghavkgarg/mycase/pkg/selectiontracker/tracker.go:254.3,255.1 1 0
github.com/raghavkgarg/mycase/pkg/selectiontracker/tracker.go:256.2,256.35 1 0
github.com/raghavkgarg/mycase/pkg/selectiontracker/tracker.go:260.2,261.40 2 0
github.com/raghavkgarg/mycase/pkg/selectiontracker/tracker.go:262.3,267.1 5 0
github.com/raghavkgarg/mycase/pkg/selectiontracker/tracker.go:267.9,267.47 1 0
github.com/raghavkgarg/mycase/pkg/selectiontracker/tracker.go:268.3,272.1 4 0
github.com/raghavkgarg/mycase/pkg/selectiontracker/tracker.go:273.2,273.10 1 0
github.com/raghavkgarg/mycase/pkg/selectiontracker/tracker.go:277.2,277.19 1 0
github.com/raghavkgarg/mycase/pkg/selectiontracker/tracker.go:278.3,279.1 1 0
github.com/raghavkgarg/mycase/pkg/selectiontracker/tracker.go:280.2,280.41 1 0
github.com/raghavkgarg/mycase/pkg/selectiontracker/tracker.go:281.3,282.1 1 0
github.com/raghavkgarg/mycase/pkg/selectiontracker/tracker.go:283.2,283.49 1 0
github.com/raghavkgarg/mycase/pkg/selectiontracker/tracker.go:287.2,287.58 1 0
github.com/raghavkgarg/mycase/pkg/selectiontracker/tracker.go:288.3,289.1 1 0
github.com/raghavkgarg/mycase/pkg/selectiontracker/tracker.go:290.2,292.1 3 0
github.com/raghavkgarg/mycase/pkg/selectiontracker/tracker.go:293.2,293.28 3 0
github.com/raghavkgarg/mycase/pkg/selectiontracker/tracker.go:294.3,294.107 1 0
github.com/raghavkgarg/mycase/pkg/selectiontracker/tracker.go:295.4,296.1 1 0
github.com/raghavkgarg/mycase/pkg/selectiontracker/tracker.go:297.3,301.109 5 0
github.com/raghavkgarg/mycase/pkg/selectiontracker/tracker.go:304.2,304.28 1 0
github.com/raghavkgarg/mycase/pkg/selectiontracker/tracker.go:305.3,305.91 1 0
github.com/raghavkgarg/mycase/pkg/selectiontracker/tracker.go:306.4,307.1 1 0
github.com/raghavkgarg/mycase/pkg/selectiontracker/tracker.go:308.3,311.94 4 0
github.com/raghavkgarg/mycase/pkg/selectiontracker/tracker.go:314.2,314.11 1 0
github.com/raghavkgarg/mycase/pkg/selectiontracker/tracker.go:319.2,320.1 1 0
github.com/raghavkgarg/mycase/pkg/selectiontracker/tracker.go:335.2,336.53 2 0
github.com/raghavkgarg/mycase/pkg/selectiontracker/tracker.go:337.3,338.1 1 0
github.com/raghavkgarg/mycase/pkg/selectiontracker/tracker.go:340.2,342.1 4 0
github.com/raghavkgarg/mycase/pkg/selectiontracker/tracker.go:345.2,346.27 4 0
github.com/raghavkgarg/mycase/pkg/selectiontracker/tracker.go:347.3,348.1 1 0
github.com/raghavkgarg/mycase/pkg/selectiontracker/tracker.go:350.2,351.16 2 0
github.com/raghavkgarg/mycase/pkg/selectiontracker/tracker.go:352.3,353.1 1 0
github.com/raghavkgarg/mycase/pkg/selectiontracker/tracker.go:354.2,355.1 10 0
github.com/raghavkgarg/mycase/pkg/selectiontracker/tracker.go:357.2,363.1 10 0
github.com/raghavkgarg/mycase/pkg/selectiontracker/tracker.go:364.2,366.1 10 0
github.com/raghavkgarg/mycase/pkg/selectiontracker/tracker.go:367.2,367.48 10 0
github.com/raghavkgarg/mycase/pkg/selectiontracker/tracker.go:368.3,369.1 1 0
github.com/raghavkgarg/mycase/pkg/selectiontracker/tracker.go:371.2,377.22 7 0
github.com/raghavkgarg/mycase/pkg/selectiontracker/tracker.go:378.3,379.1 1 0
github.com/raghavkgarg/mycase/pkg/selectiontracker/tracker.go:380.2,383.1 8 0
github.com/raghavkgarg/mycase/pkg/selectiontracker/tracker.go:384.2,388.26 8 0
github.com/raghavkgarg/mycase/pkg/selectiontracker/tracker.go:389.3,390.1 1 0
github.com/raghavkgarg/mycase/pkg/selectiontracker/tracker.go:391.2,394.1 7 0
github.com/raghavkgarg/mycase/pkg/selectiontracker/tracker.go:396.2,399.33 7 0
github.com/raghavkgarg/mycase/pkg/selectiontracker/tracker.go:400.3,401.1 1 0
github.com/raghavkgarg/mycase/pkg/selectiontracker/tracker.go:402.3,408.1 3 0
github.com/raghavkgarg/mycase/pkg/selectiontracker/tracker.go:409.3,410.49 3 0
github.com/raghavkgarg/mycase/pkg/selectiontracker/tracker.go:411.4,413.55 3 0
github.com/raghavkgarg/mycase/pkg/selectiontracker/tracker.go:414.5,415.1 1 0
github.com/raghavkgarg/mycase/pkg/selectiontracker/tracker.go:416.4,422.6 1 0
github.com/raghavkgarg/mycase/pkg/selectiontracker/tracker.go:424.3,424.41 1 0
github.com/raghavkgarg/mycase/pkg/selectiontracker/tracker.go:425.4,426.1 1 0
github.com/raghavkgarg/mycase/pkg/selectiontracker/tracker.go:428.3,430.27 3 0
github.com/raghavkgarg/mycase/pkg/selectiontracker/tracker.go:431.4,432.17 2 0
github.com/raghavkgarg/mycase/pkg/selectiontracker/tracker.go:433.5,434.1 1 0
github.com/raghavkgarg/mycase/pkg/selectiontracker/tracker.go:435.4,437.22 3 0
github.com/raghavkgarg/mycase/pkg/selectiontracker/tracker.go:438.5,439.1 1 0
github.com/raghavkgarg/mycase/pkg/selectiontracker/tracker.go:441.4,442.44 2 0
github.com/raghavkgarg/mycase/pkg/selectiontracker/tracker.go:443.5,444.1 1 0
github.com/raghavkgarg/mycase/pkg/selectiontracker/tracker.go:445.4,445.22 1 0
github.com/raghavkgarg/mycase/pkg/selectiontracker/tracker.go:446.5,447.1 1 0
github.com/raghavkgarg/mycase/pkg/selectiontracker/tracker.go:449.4,453.1 7 0
github.com/raghavkgarg/mycase/pkg/selectiontracker/tracker.go:454.4,455.1 7 0
github.com/raghavkgarg/mycase/pkg/selectiontracker/tracker.go:456.4,457.39 7 0
github.com/raghavkgarg/mycase/pkg/selectiontracker/tracker.go:458.5,458.22 1 0
github.com/raghavkgarg/mycase/pkg/selectiontracker/tracker.go:459.6,460.1 1 0
github.com/raghavkgarg/mycase/pkg/selectiontracker/tracker.go:461.6,462.1 1 0
github.com/raghavkgarg/mycase/pkg/selectiontracker/tracker.go:463.11,463.34 1 0
github.com/raghavkgarg/mycase/pkg/selectiontracker/tracker.go:464.5,464.26 1 0
github.com/raghavkgarg/mycase/pkg/selectiontracker/tracker.go:465.6,466.1 1 0
github.com/raghavkgarg/mycase/pkg/selectiontracker/tracker.go:467.6,468.1 1 0
github.com/raghavkgarg/mycase/pkg/selectiontracker/tracker.go:469.11,469.34 1 0
github.com/raghavkgarg/mycase/pkg/selectiontracker/tracker.go:470.5,470.26 1 0
github.com/raghavkgarg/mycase/pkg/selectiontracker/tracker.go:471.6,472.1 1 0
github.com/raghavkgarg/mycase/pkg/selectiontracker/tracker.go:473.6,474.1 1 0
github.com/raghavkgarg/mycase/pkg/selectiontracker/tracker.go:476.5,477.1 1 0
github.com/raghavkgarg/mycase/pkg/selectiontracker/tracker.go:479.4,479.161 1 0
github.com/raghavkgarg/mycase/pkg/selectiontracker/tracker.go:482.2,483.1 6 0
github.com/raghavkgarg/mycase/pkg/selectiontracker/tracker.go:485.2,494.1 6 0
github.com/raghavkgarg/mycase/pkg/selectiontracker/tracker.go:496.2,496.39 6 0
github.com/raghavkgarg/mycase/pkg/selectiontracker/tracker.go:497.3,497.58 1 0
github.com/raghavkgarg/mycase/pkg/selectiontracker/tracker.go:498.4,499.44 2 0
github.com/raghavkgarg/mycase/pkg/selectiontracker/tracker.go:500.5,501.1 1 0
github.com/raghavkgarg/mycase/pkg/selectiontracker/tracker.go:501.11,501.52 1 0
github.com/raghavkgarg/mycase/pkg/selectiontracker/tracker.go:502.5,503.1 1 0
github.com/raghavkgarg/mycase/pkg/selectiontracker/tracker.go:503.11,503.53 1 0
github.com/raghavkgarg/mycase/pkg/selectiontracker/tracker.go:504.5,505.1 1 0
github.com/raghavkgarg/mycase/pkg/selectiontracker/tracker.go:505.11,505.57 1 0
github.com/raghavkgarg/mycase/pkg/selectiontracker/tracker.go:506.5,507.1 1 0
github.com/raghavkgarg/mycase/pkg/selectiontracker/tracker.go:509.4,512.40 4 0
github.com/raghavkgarg/mycase/pkg/selectiontracker/tracker.go:513.5,514.1 1 0
github.com/raghavkgarg/mycase/pkg/selectiontracker/tracker.go:515.4,515.46 1 0
github.com/raghavkgarg/mycase/pkg/selectiontracker/tracker.go:516.5,517.1 1 0
github.com/raghavkgarg/mycase/pkg/selectiontracker/tracker.go:517.11,517.53 1 0
github.com/raghavkgarg/mycase/pkg/selectiontracker/tracker.go:518.5,519.1 1 0
github.com/raghavkgarg/mycase/pkg/selectiontracker/tracker.go:520.4,520.39 1 0
github.com/raghavkgarg/mycase/pkg/selectiontracker/tracker.go:521.5,522.1 1 0
github.com/raghavkgarg/mycase/pkg/selectiontracker/tracker.go:524.4,530.48 1 0
github.com/raghavkgarg/mycase/pkg/selectiontracker/tracker.go:534.2,534.27 1 0
github.com/raghavkgarg/mycase/pkg/selectiontracker/tracker.go:535.3,536.1 1 0
github.com/raghavkgarg/mycase/pkg/selectiontracker/tracker.go:537.3,537.47 1 0
github.com/raghavkgarg/mycase/pkg/selectiontracker/tracker.go:538.4,539.1 1 0
github.com/raghavkgarg/mycase/pkg/selectiontracker/tracker.go:540.3,542.33 3 0
github.com/raghavkgarg/mycase/pkg/selectiontracker/tracker.go:543.4,544.21 2 0
github.com/raghavkgarg/mycase/pkg/selectiontracker/tracker.go:545.5,546.1 1 0
github.com/raghavkgarg/mycase/pkg/selectiontracker/tracker.go:547.4,549.21 3 0
github.com/raghavkgarg/mycase/pkg/selectiontracker/tracker.go:550.5,552.1 2 0
github.com/raghavkgarg/mycase/pkg/selectiontracker/tracker.go:553.4,554.17 2 0
github.com/raghavkgarg/mycase/pkg/selectiontracker/tracker.go:555.5,556.1 1 0
github.com/raghavkgarg/mycase/pkg/selectiontracker/tracker.go:557.4,557.114 1 0
github.com/raghavkgarg/mycase/pkg/selectiontracker/tracker.go:560.2,561.1 6 0
github.com/raghavkgarg/mycase/pkg/selectiontracker/tracker.go:563.2,572.1 6 0
github.com/raghavkgarg/mycase/pkg/selectiontracker/tracker.go:574.2,574.47 6 0
github.com/raghavkgarg/mycase/pkg/selectiontracker/tracker.go:575.3,575.45 1 0
github.com/raghavkgarg/mycase/pkg/selectiontracker/tracker.go:576.4,578.55 3 0
github.com/raghavkgarg/mycase/pkg/selectiontracker/tracker.go:579.5,580.1 1 0
github.com/raghavkgarg/mycase/pkg/selectiontracker/tracker.go:581.4,587.54 1 0
github.com/raghavkgarg/mycase/pkg/selectiontracker/tracker.go:590.2,590.52 1 0
github.com/raghavkgarg/mycase/pkg/selectiontracker/tracker.go:591.3,591.45 1 0
github.com/raghavkgarg/mycase/pkg/selectiontracker/tracker.go:592.4,594.55 3 0
github.com/raghavkgarg/mycase/pkg/selectiontracker/tracker.go:595.5,596.1 1 0
github.com/raghavkgarg/mycase/pkg/selectiontracker/tracker.go:597.4,603.54 1 0
github.com/raghavkgarg/mycase/pkg/selectiontracker/tracker.go:606.2,606.46 1 0
github.com/raghavkgarg/mycase/pkg/selectiontracker/tracker.go:607.3,607.45 1 0
github.com/raghavkgarg/mycase/pkg/selectiontracker/tracker.go:608.4,610.55 3 0
github.com/raghavkgarg/mycase/pkg/selectiontracker/tracker.go:611.5,612.1 1 0
github.com/raghavkgarg/mycase/pkg/selectiontracker/tracker.go:613.4,619.54 1 0
github.com/raghavkgarg/mycase/pkg/selectiontracker/tracker.go:622.2,622.48 1 0
github.com/raghavkgarg/mycase/pkg/selectiontracker/tracker.go:623.3,623.45 1 0
github.com/raghavkgarg/mycase/pkg/selectiontracker/tracker.go:624.4,626.55 3 0
github.com/raghavkgarg/mycase/pkg/selectiontracker/tracker.go:627.5,628.1 1 0
github.com/raghavkgarg/mycase/pkg/selectiontracker/tracker.go:629.4,635.54 1 0
github.com/raghavkgarg/mycase/pkg/selectiontracker/tracker.go:639.2,639.34 1 0
github.com/raghavkgarg/mycase/pkg/selectiontracker/tracker.go:640.3,641.1 1 0
github.com/raghavkgarg/mycase/pkg/selectiontracker/tracker.go:642.3,642.54 1 0
github.com/raghavkgarg/mycase/pkg/selectiontracker/tracker.go:643.4,644.1 1 0
github.com/raghavkgarg/mycase/pkg/selectiontracker/tracker.go:645.3,648.36 4 0
github.com/raghavkgarg/mycase/pkg/selectiontracker/tracker.go:649.4,650.1 1 0
github.com/raghavkgarg/mycase/pkg/selectiontracker/tracker.go:651.3,652.40 2 0
github.com/raghavkgarg/mycase/pkg/selectiontracker/tracker.go:653.4,653.27 1 0
github.com/raghavkgarg/mycase/pkg/selectiontracker/tracker.go:654.5,655.13 2 0
github.com/raghavkgarg/mycase/pkg/selectiontracker/tracker.go:657.4,658.17 2 0
github.com/raghavkgarg/mycase/pkg/selectiontracker/tracker.go:659.5,660.1 1 0
github.com/raghavkgarg/mycase/pkg/selectiontracker/tracker.go:661.4,661.123 1 0
github.com/raghavkgarg/mycase/pkg/selectiontracker/tracker.go:663.3,663.23 1 0
github.com/raghavkgarg/mycase/pkg/selectiontracker/tracker.go:664.4,665.1 1 0
github.com/raghavkgarg/mycase/pkg/selectiontracker/tracker.go:667.2,668.1 5 0
github.com/raghavkgarg/mycase/pkg/selectiontracker/tracker.go:670.2,673.31 5 0
github.com/raghavkgarg/mycase/pkg/selectiontracker/tracker.go:674.3,675.1 1 0
github.com/raghavkgarg/mycase/pkg/selectiontracker/tracker.go:676.3,677.39 2 0
github.com/raghavkgarg/mycase/pkg/selectiontracker/tracker.go:678.4,679.1 1 0
github.com/raghavkgarg/mycase/pkg/selectiontracker/tracker.go:680.3,681.1 4 0
github.com/raghavkgarg/mycase/pkg/selectiontracker/tracker.go:682.3,684.37 4 0
github.com/raghavkgarg/mycase/pkg/selectiontracker/tracker.go:685.4,686.1 1 0
github.com/raghavkgarg/mycase/pkg/selectiontracker/tracker.go:688.2,690.1 3 0
github.com/raghavkgarg/mycase/pkg/selectiontracker/tracker.go:691.2,691.12 3 0
github.com/raghavkgarg/mycase/pkg/printer/printer.go:67.2,68.34 2 1
github.com/raghavkgarg/mycase/pkg/printer/printer.go:69.3,73.1 4 1
github.com/raghavkgarg/mycase/pkg/printer/printer.go:75.2,79.1 10 1
github.com/raghavkgarg/mycase/pkg/printer/printer.go:80.2,85.1 10 1
github.com/raghavkgarg/mycase/pkg/printer/printer.go:86.2,86.34 10 1
github.com/raghavkgarg/mycase/pkg/printer/printer.go:87.3,93.1 8 1
github.com/raghavkgarg/mycase/pkg/printer/printer.go:94.3,95.10 8 1
github.com/raghavkgarg/mycase/pkg/printer/printer.go:97.4,98.48 2 1
github.com/raghavkgarg/mycase/pkg/printer/printer.go:100.4,101.59 2 1
github.com/raghavkgarg/mycase/pkg/printer/printer.go:104.3,105.28 2 1
github.com/raghavkgarg/mycase/pkg/printer/printer.go:106.4,107.1 1 1
github.com/raghavkgarg/mycase/pkg/printer/printer.go:108.3,108.26 1 1
github.com/raghavkgarg/mycase/pkg/printer/printer.go:109.4,110.1 1 1
github.com/raghavkgarg/mycase/pkg/printer/printer.go:112.3,114.20 3 1
github.com/raghavkgarg/mycase/pkg/printer/printer.go:115.4,116.1 1 1
github.com/raghavkgarg/mycase/pkg/printer/printer.go:116.10,116.27 1 1
github.com/raghavkgarg/mycase/pkg/printer/printer.go:117.4,118.1 1 1
github.com/raghavkgarg/mycase/pkg/printer/printer.go:120.3,126.1 2 1
github.com/raghavkgarg/mycase/pkg/printer/printer.go:128.3,128.20 2 1
github.com/raghavkgarg/mycase/pkg/printer/printer.go:129.4,134.21 6 1
github.com/raghavkgarg/mycase/pkg/printer/printer.go:135.5,136.1 1 1
github.com/raghavkgarg/mycase/pkg/printer/printer.go:138.4,146.1 2 1
github.com/raghavkgarg/mycase/pkg/printer/printer.go:148.4,148.65 2 1
github.com/raghavkgarg/mycase/pkg/printer/printer.go:149.5,152.27 4 1
github.com/raghavkgarg/mycase/pkg/printer/printer.go:153.6,154.1 1 1
github.com/raghavkgarg/mycase/pkg/printer/printer.go:155.5,157.1 4 1
github.com/raghavkgarg/mycase/pkg/printer/printer.go:158.5,159.29 4 1
github.com/raghavkgarg/mycase/pkg/printer/printer.go:161.4,164.39 4 1
github.com/raghavkgarg/mycase/pkg/printer/printer.go:168.2,177.1 2 1
github.com/raghavkgarg/mycase/pkg/printer/printer.go:179.2,179.24 2 1
github.com/raghavkgarg/mycase/pkg/printer/printer.go:180.3,182.1 4 1
github.com/raghavkgarg/mycase/pkg/printer/printer.go:183.3,184.34 4 1
github.com/raghavkgarg/mycase/pkg/printer/printer.go:185.4,189.1 5 1
github.com/raghavkgarg/mycase/pkg/printer/printer.go:190.4,190.24 5 1
github.com/raghavkgarg/mycase/pkg/printer/printer.go:191.5,195.1 4 1
github.com/raghavkgarg/mycase/pkg/printer/printer.go:197.4,208.6 1 1
github.com/raghavkgarg/mycase/pkg/printer/printer.go:211.3,220.1 3 1
github.com/raghavkgarg/mycase/pkg/printer/printer.go:221.3,222.29 3 1
github.com/raghavkgarg/mycase/pkg/printer/printer.go:223.4,224.1 1 1
github.com/raghavkgarg/mycase/pkg/printer/printer.go:226.3,227.25 2 1
github.com/raghavkgarg/mycase/pkg/printer/printer.go:228.4,234.1 1 1
github.com/raghavkgarg/mycase/pkg/printer/printer.go:236.4,240.1 1 0
github.com/raghavkgarg/mycase/pkg/printer/printer.go:242.3,242.30 1 1
github.com/raghavkgarg/mycase/pkg/printer/printer.go:245.2,247.22 3 1
github.com/raghavkgarg/mycase/pkg/printer/printer.go:248.3,249.1 1 0
github.com/raghavkgarg/mycase/pkg/printer/printer.go:250.3,251.1 1 1
github.com/raghavkgarg/mycase/pkg/printer/printer.go:252.2,253.1 3 1
github.com/raghavkgarg/mycase/pkg/printer/printer.go:254.2,258.1 3 1
github.com/raghavkgarg/mycase/pkg/printer/printer.go:259.2,259.72 3 1
github.com/raghavkgarg/mycase/pkg/printer/printer.go:260.3,265.1 2 1
github.com/raghavkgarg/mycase/pkg/printer/printer.go:266.2,271.1 5 1
github.com/raghavkgarg/mycase/pkg/printer/printer.go:272.2,274.12 5 1
github.com/raghavkgarg/mycase/pkg/printer/printer.go:283.2,284.32 2 1
github.com/raghavkgarg/mycase/pkg/printer/printer.go:285.3,286.1 1 1
github.com/raghavkgarg/mycase/pkg/printer/printer.go:288.2,291.1 5 1
github.com/raghavkgarg/mycase/pkg/printer/printer.go:292.2,293.27 5 1
github.com/raghavkgarg/mycase/pkg/printer/printer.go:294.3,294.27 1 1
github.com/raghavkgarg/mycase/pkg/printer/printer.go:295.4,295.12 1 0
github.com/raghavkgarg/mycase/pkg/printer/printer.go:297.3,299.27 3 1
github.com/raghavkgarg/mycase/pkg/printer/printer.go:300.4,301.1 1 1
github.com/raghavkgarg/mycase/pkg/printer/printer.go:303.2,306.1 4 1
github.com/raghavkgarg/mycase/pkg/printer/printer.go:307.2,307.20 4 1
github.com/raghavkgarg/mycase/pkg/printer/printer.go:311.2,311.24 1 1
github.com/raghavkgarg/mycase/pkg/printer/printer.go:312.3,313.1 1 1
github.com/raghavkgarg/mycase/pkg/printer/printer.go:314.2,315.1 2 1
github.com/raghavkgarg/mycase/pkg/printer/printer.go:316.2,316.63 2 1
github.com/raghavkgarg/mycase/pkg/printer/printer.go:317.3,318.1 1 1
github.com/raghavkgarg/mycase/pkg/printer/printer.go:320.2,321.1 3 1
github.com/raghavkgarg/mycase/pkg/printer/printer.go:322.2,323.29 3 1
github.com/raghavkgarg/mycase/pkg/printer/printer.go:324.3,328.1 4 1
github.com/raghavkgarg/mycase/pkg/printer/printer.go:330.2,331.29 2 1
github.com/raghavkgarg/mycase/pkg/printer/printer.go:332.3,335.18 4 1
github.com/raghavkgarg/mycase/pkg/printer/printer.go:336.4,337.1 1 1
github.com/raghavkgarg/mycase/pkg/printer/printer.go:338.3,348.5 1 1
github.com/raghavkgarg/mycase/pkg/printer/printer.go:350.2,359.1 3 1
github.com/raghavkgarg/mycase/pkg/printer/printer.go:360.2,361.18 3 1
github.com/raghavkgarg/mycase/pkg/printer/printer.go:362.3,363.1 1 1
github.com/raghavkgarg/mycase/pkg/printer/printer.go:364.2,365.25 2 1
github.com/raghavkgarg/mycase/pkg/printer/printer.go:366.3,367.1 1 1
github.com/raghavkgarg/mycase/pkg/printer/printer.go:368.2,373.17 2 1
github.com/raghavkgarg/mycase/pkg/printer/printer.go:377.2,378.1 4 1
github.com/raghavkgarg/mycase/pkg/printer/printer.go:379.2,381.1 4 1
github.com/raghavkgarg/mycase/pkg/printer/printer.go:382.2,382.27 4 1
github.com/raghavkgarg/mycase/pkg/printer/printer.go:383.3,384.32 2 1
github.com/raghavkgarg/mycase/pkg/printer/printer.go:385.4,389.1 4 1
github.com/raghavkgarg/mycase/pkg/printer/printer.go:390.3,390.50 1 1
github.com/raghavkgarg/mycase/pkg/printer/printer.go:391.4,391.12 1 0
github.com/raghavkgarg/mycase/pkg/printer/printer.go:393.3,394.19 2 1
github.com/raghavkgarg/mycase/pkg/printer/printer.go:395.4,396.1 1 1
github.com/raghavkgarg/mycase/pkg/printer/printer.go:397.3,398.23 2 1
github.com/raghavkgarg/mycase/pkg/printer/printer.go:399.4,400.1 1 1
github.com/raghavkgarg/mycase/pkg/printer/printer.go:401.3,403.1 7 1
github.com/raghavkgarg/mycase/pkg/printer/printer.go:404.3,408.1 7 1
github.com/raghavkgarg/mycase/pkg/printer/printer.go:409.3,409.114 7 1
github.com/raghavkgarg/mycase/pkg/printer/printer.go:412.2,412.28 1 1
github.com/raghavkgarg/mycase/pkg/printer/printer.go:413.3,414.35 2 0
github.com/raghavkgarg/mycase/pkg/printer/printer.go:415.4,419.1 4 0
github.com/raghavkgarg/mycase/pkg/printer/printer.go:420.3,421.19 2 0
github.com/raghavkgarg/mycase/pkg/printer/printer.go:422.4,423.1 1 0
github.com/raghavkgarg/mycase/pkg/printer/printer.go:424.3,425.23 2 0
github.com/raghavkgarg/mycase/pkg/printer/printer.go:426.4,427.1 1 0
github.com/raghavkgarg/mycase/pkg/printer/printer.go:428.3,431.106 4 0
github.com/raghavkgarg/mycase/pkg/printer/printer.go:434.2,435.23 2 1
github.com/raghavkgarg/mycase/pkg/printer/printer.go:436.3,437.1 1 1
github.com/raghavkgarg/mycase/pkg/printer/printer.go:438.2,439.22 2 1
github.com/raghavkgarg/mycase/pkg/printer/printer.go:440.3,441.1 1 1
github.com/raghavkgarg/mycase/pkg/printer/printer.go:442.2,443.1 3 1
github.com/raghavkgarg/mycase/pkg/printer/printer.go:444.2,454.26 3 1
github.com/raghavkgarg/mycase/pkg/printer/printer.go:458.2,467.1 1 1
github.com/raghavkgarg/mycase/pkg/printer/printer.go:471.2,473.1 4 1
github.com/raghavkgarg/mycase/pkg/printer/printer.go:474.2,475.27 4 1
github.com/raghavkgarg/mycase/pkg/printer/printer.go:476.3,476.58 1 1
github.com/raghavkgarg/mycase/pkg/printer/printer.go:477.4,478.1 1 0
github.com/raghavkgarg/mycase/pkg/printer/printer.go:481.2,481.21 1 1
github.com/raghavkgarg/mycase/pkg/printer/printer.go:482.3,484.1 2 1
github.com/raghavkgarg/mycase/pkg/printer/printer.go:485.2,485.28 1 0
github.com/raghavkgarg/mycase/pkg/printer/printer.go:486.3,487.35 2 0
github.com/raghavkgarg/mycase/pkg/printer/printer.go:488.4,489.1 1 0
github.com/raghavkgarg/mycase/pkg/printer/printer.go:490.3,490.94 1 0
github.com/raghavkgarg/mycase/pkg/printer/printer.go:492.2,492.27 1 0
github.com/raghavkgarg/mycase/pkg/printer/printer.go:493.3,494.23 2 0
github.com/raghavkgarg/mycase/pkg/printer/printer.go:495.4,496.1 1 0
github.com/raghavkgarg/mycase/pkg/printer/printer.go:501.2,502.29 2 1
github.com/raghavkgarg/mycase/pkg/printer/printer.go:506.3,508.1 2 1
github.com/raghavkgarg/mycase/pkg/printer/printer.go:509.2,510.25 2 1
github.com/raghavkgarg/mycase/pkg/printer/printer.go:511.3,512.1 1 1
github.com/raghavkgarg/mycase/pkg/printer/printer.go:513.2,514.1 3 1
github.com/raghavkgarg/mycase/pkg/printer/printer.go:515.2,516.25 3 1
github.com/raghavkgarg/mycase/pkg/printer/printer.go:517.3,519.106 3 1
github.com/raghavkgarg/mycase/pkg/printer/printer.go:520.4,521.1 1 0
github.com/raghavkgarg/mycase/pkg/printer/printer.go:523.2,523.16 1 1
github.com/raghavkgarg/mycase/pkg/printer/printer.go:527.2,527.21 1 1
github.com/raghavkgarg/mycase/pkg/printer/printer.go:528.3,529.1 1 1
github.com/raghavkgarg/mycase/pkg/printer/printer.go:530.2,530.9 1 0
github.com/raghavkgarg/mycase/pkg/printer/printer.go:532.3,532.37 1 0
github.com/raghavkgarg/mycase/pkg/printer/printer.go:534.3,534.35 1 0
github.com/raghavkgarg/mycase/pkg/printer/printer.go:536.3,536.35 1 0
github.com/raghavkgarg/mycase/pkg/printer/printer.go:538.3,538.25 1 0
github.com/raghavkgarg/mycase/pkg/printer/printer.go:543.2,545.1 2 1
github.com/raghavkgarg/mycase/pkg/printer/printer.go:548.2,550.1 2 1
github.com/raghavkgarg/mycase/pkg/printer/printer.go:554.2,555.13 2 1
github.com/raghavkgarg/mycase/pkg/printer/printer.go:556.3,557.1 1 0
github.com/raghavkgarg/mycase/pkg/printer/printer.go:557.9,557.20 1 1
github.com/raghavkgarg/mycase/pkg/printer/printer.go:558.3,559.1 1 1
github.com/raghavkgarg/mycase/pkg/printer/printer.go:560.2,560.54 1 1
github.com/raghavkgarg/mycase/pkg/printer/printer.go:565.2,566.13 2 1
github.com/raghavkgarg/mycase/pkg/printer/printer.go:567.3,568.1 1 0
github.com/raghavkgarg/mycase/pkg/printer/printer.go:568.9,568.20 1 1
github.com/raghavkgarg/mycase/pkg/printer/printer.go:569.3,570.1 1 1
github.com/raghavkgarg/mycase/pkg/printer/printer.go:571.2,571.53 1 1
github.com/raghavkgarg/mycase/pkg/universe/resolver.go:18.2,18.55 1 1
github.com/raghavkgarg/mycase/pkg/universe/resolver.go:19.3,20.1 1 0
github.com/raghavkgarg/mycase/pkg/universe/resolver.go:22.2,25.1 5 1
github.com/raghavkgarg/mycase/pkg/universe/resolver.go:26.2,27.16 5 1
github.com/raghavkgarg/mycase/pkg/universe/resolver.go:28.3,29.1 1 0
github.com/raghavkgarg/mycase/pkg/universe/resolver.go:30.2,31.1 4 1
github.com/raghavkgarg/mycase/pkg/universe/resolver.go:32.2,34.1 4 1
github.com/raghavkgarg/mycase/pkg/universe/resolver.go:35.2,35.52 4 1
github.com/raghavkgarg/mycase/pkg/universe/resolver.go:36.3,37.1 1 0
github.com/raghavkgarg/mycase/pkg/universe/resolver.go:39.2,39.28 1 1
github.com/raghavkgarg/mycase/pkg/universe/resolver.go:40.3,41.53 2 1
github.com/raghavkgarg/mycase/pkg/universe/resolver.go:42.4,43.1 1 0
github.com/raghavkgarg/mycase/pkg/universe/resolver.go:46.2,46.12 1 1
github.com/raghavkgarg/mycase/pkg/universe/resolver.go:52.2,52.55 1 1
github.com/raghavkgarg/mycase/pkg/universe/resolver.go:53.3,54.1 1 0
github.com/raghavkgarg/mycase/pkg/universe/resolver.go:56.2,58.16 3 1
github.com/raghavkgarg/mycase/pkg/universe/resolver.go:59.3,60.1 1 0
github.com/raghavkgarg/mycase/pkg/universe/resolver.go:62.2,64.28 3 1
github.com/raghavkgarg/mycase/pkg/universe/resolver.go:65.3,65.16 1 1
github.com/raghavkgarg/mycase/pkg/universe/resolver.go:66.4,66.12 1 0
github.com/raghavkgarg/mycase/pkg/universe/resolver.go:68.3,69.73 2 1
github.com/raghavkgarg/mycase/pkg/universe/resolver.go:70.4,71.1 1 1
github.com/raghavkgarg/mycase/pkg/universe/resolver.go:74.2,74.28 1 1
github.com/raghavkgarg/mycase/pkg/universe/resolver.go:75.3,76.1 1 1
github.com/raghavkgarg/mycase/pkg/universe/resolver.go:78.2,81.1 4 1
github.com/raghavkgarg/mycase/pkg/universe/resolver.go:82.2,82.36 4 1
github.com/raghavkgarg/mycase/pkg/universe/resolver.go:84.3,85.29 2 1
github.com/raghavkgarg/mycase/pkg/universe/resolver.go:86.4,87.1 1 1
github.com/raghavkgarg/mycase/pkg/universe/resolver.go:88.4,88.9 1 0
github.com/raghavkgarg/mycase/pkg/universe/resolver.go:92.2,92.20 1 1
github.com/raghavkgarg/mycase/pkg/universe/resolver.go:94.3,95.1 1 0
github.com/raghavkgarg/mycase/pkg/universe/resolver.go:97.2,99.16 3 1
github.com/raghavkgarg/mycase/pkg/universe/resolver.go:100.3,101.1 1 0
github.com/raghavkgarg/mycase/pkg/universe/resolver.go:102.2,103.1 4 1
github.com/raghavkgarg/mycase/pkg/universe/resolver.go:104.2,106.16 4 1
github.com/raghavkgarg/mycase/pkg/universe/resolver.go:107.3,108.1 1 0
github.com/raghavkgarg/mycase/pkg/universe/resolver.go:110.2,111.30 2 1
github.com/raghavkgarg/mycase/pkg/universe/resolver.go:112.3,112.30 1 1
github.com/raghavkgarg/mycase/pkg/universe/resolver.go:113.4,113.12 1 1
github.com/raghavkgarg/mycase/pkg/universe/resolver.go:115.3,116.16 2 1
github.com/raghavkgarg/mycase/pkg/universe/resolver.go:117.4,117.39 1 1
github.com/raghavkgarg/mycase/pkg/universe/resolver.go:118.5,119.1 1 1
github.com/raghavkgarg/mycase/pkg/universe/resolver.go:120.4,120.34 1 1
github.com/raghavkgarg/mycase/pkg/universe/resolver.go:124.2,124.31 1 1
github.com/raghavkgarg/mycase/pkg/server/handlers.go:34.2,37.1 3 1
github.com/raghavkgarg/mycase/pkg/server/handlers.go:40.2,41.1 1 1
github.com/raghavkgarg/mycase/pkg/server/handlers.go:46.2,47.16 2 0
github.com/raghavkgarg/mycase/pkg/server/handlers.go:48.3,50.1 2 0
github.com/raghavkgarg/mycase/pkg/server/handlers.go:51.2,52.28 2 0
github.com/raghavkgarg/mycase/pkg/server/handlers.go:53.3,53.16 1 0
github.com/raghavkgarg/mycase/pkg/server/handlers.go:54.4,54.12 1 0
github.com/raghavkgarg/mycase/pkg/server/handlers.go:56.3,57.35 2 0
github.com/raghavkgarg/mycase/pkg/server/handlers.go:58.4,58.12 1 0
github.com/raghavkgarg/mycase/pkg/server/handlers.go:60.3,60.39 1 0
github.com/raghavkgarg/mycase/pkg/server/handlers.go:61.4,61.12 1 0
github.com/raghavkgarg/mycase/pkg/server/handlers.go:63.3,63.73 1 0
github.com/raghavkgarg/mycase/pkg/server/handlers.go:65.2,65.21 1 0
github.com/raghavkgarg/mycase/pkg/server/handlers.go:71.2,73.16 3 0
github.com/raghavkgarg/mycase/pkg/server/handlers.go:74.3,76.1 2 0
github.com/raghavkgarg/mycase/pkg/server/handlers.go:77.2,80.4 1 0
github.com/raghavkgarg/mycase/pkg/server/handlers.go:106.2,108.16 3 0
github.com/raghavkgarg/mycase/pkg/server/handlers.go:109.3,111.1 2 0
github.com/raghavkgarg/mycase/pkg/server/handlers.go:113.2,114.16 2 0
github.com/raghavkgarg/mycase/pkg/server/handlers.go:115.3,117.1 2 0
github.com/raghavkgarg/mycase/pkg/server/handlers.go:119.2,120.29 2 0
github.com/raghavkgarg/mycase/pkg/server/handlers.go:121.3,123.1 2 0
github.com/raghavkgarg/mycase/pkg/server/handlers.go:126.2,127.33 2 0
github.com/raghavkgarg/mycase/pkg/server/handlers.go:128.3,128.35 1 0
github.com/raghavkgarg/mycase/pkg/server/handlers.go:129.4,131.1 2 0
github.com/raghavkgarg/mycase/pkg/server/handlers.go:134.2,136.33 3 0
github.com/raghavkgarg/mycase/pkg/server/handlers.go:137.3,140.22 4 0
github.com/raghavkgarg/mycase/pkg/server/handlers.go:141.4,142.1 1 0
github.com/raghavkgarg/mycase/pkg/server/handlers.go:144.3,148.1 2 0
github.com/raghavkgarg/mycase/pkg/server/handlers.go:150.3,150.35 2 0
github.com/raghavkgarg/mycase/pkg/server/handlers.go:151.4,154.22 4 0
github.com/raghavkgarg/mycase/pkg/server/handlers.go:155.5,156.1 1 0
github.com/raghavkgarg/mycase/pkg/server/handlers.go:157.4,165.27 9 0
github.com/raghavkgarg/mycase/pkg/server/handlers.go:167.3,167.27 1 0
github.com/raghavkgarg/mycase/pkg/server/handlers.go:171.2,172.33 2 0
github.com/raghavkgarg/mycase/pkg/server/handlers.go:173.3,174.35 2 0
github.com/raghavkgarg/mycase/pkg/server/handlers.go:175.4,176.22 2 0
github.com/raghavkgarg/mycase/pkg/server/handlers.go:177.5,178.1 1 0
github.com/raghavkgarg/mycase/pkg/server/handlers.go:180.3,180.48 1 0
github.com/raghavkgarg/mycase/pkg/server/handlers.go:183.2,190.4 1 0
github.com/raghavkgarg/mycase/pkg/server/handlers.go:196.2,198.16 3 0
github.com/raghavkgarg/mycase/pkg/server/handlers.go:199.3,201.1 2 0
github.com/raghavkgarg/mycase/pkg/server/handlers.go:202.2,203.16 2 0
github.com/raghavkgarg/mycase/pkg/server/handlers.go:204.3,206.1 2 0
github.com/raghavkgarg/mycase/pkg/server/handlers.go:207.2,207.22 1 0
github.com/raghavkgarg/mycase/pkg/server/handlers.go:232.2,234.16 3 0
github.com/raghavkgarg/mycase/pkg/server/handlers.go:235.3,237.1 2 0
github.com/raghavkgarg/mycase/pkg/server/handlers.go:239.2,240.53 2 0
github.com/raghavkgarg/mycase/pkg/server/handlers.go:241.3,241.55 1 0
github.com/raghavkgarg/mycase/pkg/server/handlers.go:242.4,243.1 1 0
github.com/raghavkgarg/mycase/pkg/server/handlers.go:246.2,247.16 2 0
github.com/raghavkgarg/mycase/pkg/server/handlers.go:248.3,250.1 2 0
github.com/raghavkgarg/mycase/pkg/server/handlers.go:252.2,254.29 3 0
github.com/raghavkgarg/mycase/pkg/server/handlers.go:255.3,257.1 2 0
github.com/raghavkgarg/mycase/pkg/server/handlers.go:259.2,260.16 2 0
github.com/raghavkgarg/mycase/pkg/server/handlers.go:261.3,263.1 2 0
github.com/raghavkgarg/mycase/pkg/server/handlers.go:266.2,267.33 2 0
github.com/raghavkgarg/mycase/pkg/server/handlers.go:268.3,270.22 3 0
github.com/raghavkgarg/mycase/pkg/server/handlers.go:271.4,272.1 1 0
github.com/raghavkgarg/mycase/pkg/server/handlers.go:273.3,273.55 1 0
github.com/raghavkgarg/mycase/pkg/server/handlers.go:275.2,276.1 3 0
github.com/raghavkgarg/mycase/pkg/server/handlers.go:278.2,279.33 3 0
github.com/raghavkgarg/mycase/pkg/server/handlers.go:280.3,281.15 2 0
github.com/raghavkgarg/mycase/pkg/server/handlers.go:282.4,282.12 1 0
github.com/raghavkgarg/mycase/pkg/server/handlers.go:284.3,287.22 4 0
github.com/raghavkgarg/mycase/pkg/server/handlers.go:288.4,289.1 1 0
github.com/raghavkgarg/mycase/pkg/server/handlers.go:290.3,292.16 3 0
github.com/raghavkgarg/mycase/pkg/server/handlers.go:293.4,293.12 1 0
github.com/raghavkgarg/mycase/pkg/server/handlers.go:295.3,297.15 3 0
github.com/raghavkgarg/mycase/pkg/server/handlers.go:298.4,301.1 3 0
github.com/raghavkgarg/mycase/pkg/server/handlers.go:302.3,311.5 1 0
github.com/raghavkgarg/mycase/pkg/server/handlers.go:314.2,315.1 5 0
github.com/raghavkgarg/mycase/pkg/server/handlers.go:317.2,320.1 5 0
github.com/raghavkgarg/mycase/pkg/server/handlers.go:321.2,321.25 5 0
github.com/raghavkgarg/mycase/pkg/server/handlers.go:322.3,334.33 3 0
github.com/raghavkgarg/mycase/pkg/server/handlers.go:335.4,336.1 1 0
github.com/raghavkgarg/mycase/pkg/server/handlers.go:337.4,341.1 4 0
github.com/raghavkgarg/mycase/pkg/server/handlers.go:342.3,342.22 1 0
github.com/raghavkgarg/mycase/pkg/server/handlers.go:345.2,346.29 2 0
github.com/raghavkgarg/mycase/pkg/server/handlers.go:347.3,359.1 2 0
github.com/raghavkgarg/mycase/pkg/server/handlers.go:361.2,363.25 3 0
github.com/raghavkgarg/mycase/pkg/server/handlers.go:364.3,365.1 1 0
github.com/raghavkgarg/mycase/pkg/server/handlers.go:367.2,377.4 1 0
github.com/raghavkgarg/mycase/pkg/server/handlers.go:383.2,385.17 3 0
github.com/raghavkgarg/mycase/pkg/server/handlers.go:386.3,387.1 1 0
github.com/raghavkgarg/mycase/pkg/server/handlers.go:389.2,390.16 2 0
github.com/raghavkgarg/mycase/pkg/server/handlers.go:391.3,393.1 2 0
github.com/raghavkgarg/mycase/pkg/server/handlers.go:395.2,396.25 2 0
github.com/raghavkgarg/mycase/pkg/server/handlers.go:397.3,398.1 1 0
github.com/raghavkgarg/mycase/pkg/server/handlers.go:400.2,402.1 5 0
github.com/raghavkgarg/mycase/pkg/server/handlers.go:403.2,411.1 5 0
github.com/raghavkgarg/mycase/pkg/server/handlers.go:412.2,412.15 5 0
github.com/raghavkgarg/mycase/pkg/server/handlers.go:413.3,416.22 4 0
github.com/raghavkgarg/mycase/pkg/server/handlers.go:417.4,418.1 1 0
github.com/raghavkgarg/mycase/pkg/server/handlers.go:419.4,420.1 1 0
github.com/raghavkgarg/mycase/pkg/server/handlers.go:421.3,421.54 1 0
github.com/raghavkgarg/mycase/pkg/server/handlers.go:422.4,425.1 3 0
github.com/raghavkgarg/mycase/pkg/server/handlers.go:428.2,428.25 1 0
github.com/raghavkgarg/mycase/pkg/server/handlers.go:429.3,430.26 2 0
github.com/raghavkgarg/mycase/pkg/server/handlers.go:431.4,434.23 4 0
github.com/raghavkgarg/mycase/pkg/server/handlers.go:435.5,436.1 1 0
github.com/raghavkgarg/mycase/pkg/server/handlers.go:437.5,438.1 1 0
github.com/raghavkgarg/mycase/pkg/server/handlers.go:439.4,439.55 1 0
github.com/raghavkgarg/mycase/pkg/server/handlers.go:440.5,443.1 3 0
github.com/raghavkgarg/mycase/pkg/server/handlers.go:445.3,445.26 1 0
github.com/raghavkgarg/mycase/pkg/server/handlers.go:446.4,449.23 4 0
github.com/raghavkgarg/mycase/pkg/server/handlers.go:450.5,451.1 1 0
github.com/raghavkgarg/mycase/pkg/server/handlers.go:452.5,453.1 1 0
github.com/raghavkgarg/mycase/pkg/server/handlers.go:454.4,454.37 1 0
github.com/raghavkgarg/mycase/pkg/server/handlers.go:455.5,456.37 2 0
github.com/raghavkgarg/mycase/pkg/server/handlers.go:457.6,458.1 1 0
github.com/raghavkgarg/mycase/pkg/server/handlers.go:459.5,459.16 1 0
github.com/raghavkgarg/mycase/pkg/server/handlers.go:463.2,464.1 3 0
github.com/raghavkgarg/mycase/pkg/server/handlers.go:465.2,466.1 3 0
github.com/raghavkgarg/mycase/pkg/server/handlers.go:467.2,467.27 3 0
github.com/raghavkgarg/mycase/pkg/server/handlers.go:468.3,468.41 1 0
github.com/raghavkgarg/mycase/pkg/server/handlers.go:469.4,470.1 1 0
github.com/raghavkgarg/mycase/pkg/server/handlers.go:473.2,474.16 2 0
github.com/raghavkgarg/mycase/pkg/server/handlers.go:475.3,477.1 2 0
github.com/raghavkgarg/mycase/pkg/server/handlers.go:478.2,478.22 1 0
github.com/raghavkgarg/mycase/pkg/server/handlers.go:493.2,494.1 3 0
github.com/raghavkgarg/mycase/pkg/server/handlers.go:495.2,496.64 3 0
github.com/raghavkgarg/mycase/pkg/server/handlers.go:497.3,499.1 2 0
github.com/raghavkgarg/mycase/pkg/server/handlers.go:501.2,502.16 2 0
github.com/raghavkgarg/mycase/pkg/server/handlers.go:503.3,505.1 2 0
github.com/raghavkgarg/mycase/pkg/server/handlers.go:507.2,508.25 2 0
github.com/raghavkgarg/mycase/pkg/server/handlers.go:509.3,509.31 1 0
github.com/raghavkgarg/mycase/pkg/server/handlers.go:510.4,511.1 1 0
github.com/raghavkgarg/mycase/pkg/server/handlers.go:513.2,513.24 1 0
github.com/raghavkgarg/mycase/pkg/server/handlers.go:514.3,516.1 2 0
github.com/raghavkgarg/mycase/pkg/server/handlers.go:518.2,520.16 3 0
github.com/raghavkgarg/mycase/pkg/server/handlers.go:521.3,523.1 2 0
github.com/raghavkgarg/mycase/pkg/server/handlers.go:524.2,525.21 2 0
github.com/raghavkgarg/mycase/pkg/server/handlers.go:526.3,527.17 2 0
github.com/raghavkgarg/mycase/pkg/server/handlers.go:528.4,530.1 2 0
github.com/raghavkgarg/mycase/pkg/server/handlers.go:533.2,534.21 2 0
github.com/raghavkgarg/mycase/pkg/server/handlers.go:535.3,536.1 1 0
github.com/raghavkgarg/mycase/pkg/server/handlers.go:537.2,537.21 1 0
github.com/raghavkgarg/mycase/pkg/server/handlers.go:538.3,539.1 1 0
github.com/raghavkgarg/mycase/pkg/server/handlers.go:540.2,541.18 2 0
github.com/raghavkgarg/mycase/pkg/server/handlers.go:542.3,543.1 1 0
github.com/raghavkgarg/mycase/pkg/server/handlers.go:544.2,545.21 2 0
github.com/raghavkgarg/mycase/pkg/server/handlers.go:546.3,547.1 1 0
github.com/raghavkgarg/mycase/pkg/server/handlers.go:548.2,549.1 5 0
github.com/raghavkgarg/mycase/pkg/server/handlers.go:551.2,555.1 5 0
github.com/raghavkgarg/mycase/pkg/server/handlers.go:556.2,558.1 5 0
github.com/raghavkgarg/mycase/pkg/server/handlers.go:559.2,559.29 5 0
github.com/raghavkgarg/mycase/pkg/server/handlers.go:560.3,560.26 1 0
github.com/raghavkgarg/mycase/pkg/server/handlers.go:561.4,563.23 3 0
github.com/raghavkgarg/mycase/pkg/server/handlers.go:564.5,565.1 1 0
github.com/raghavkgarg/mycase/pkg/server/handlers.go:566.5,567.1 1 0
github.com/raghavkgarg/mycase/pkg/server/handlers.go:568.4,568.66 1 0
github.com/raghavkgarg/mycase/pkg/server/handlers.go:571.2,571.12 1 0
github.com/raghavkgarg/mycase/pkg/server/handlers.go:572.3,574.22 3 0
github.com/raghavkgarg/mycase/pkg/server/handlers.go:575.4,576.1 1 0
github.com/raghavkgarg/mycase/pkg/server/handlers.go:577.4,578.1 1 0
github.com/raghavkgarg/mycase/pkg/server/handlers.go:579.3,579.68 1 0
github.com/raghavkgarg/mycase/pkg/server/handlers.go:582.2,584.1 3 0
github.com/raghavkgarg/mycase/pkg/server/handlers.go:585.2,585.30 3 0
github.com/raghavkgarg/mycase/pkg/server/handlers.go:586.3,587.21 2 0
github.com/raghavkgarg/mycase/pkg/server/handlers.go:588.4,591.1 2 0
github.com/raghavkgarg/mycase/pkg/server/handlers.go:592.3,592.30 1 0
github.com/raghavkgarg/mycase/pkg/server/handlers.go:593.4,594.1 1 0
github.com/raghavkgarg/mycase/pkg/server/handlers.go:595.4,596.1 1 0
github.com/raghavkgarg/mycase/pkg/server/handlers.go:599.2,606.1 3 0
github.com/raghavkgarg/mycase/pkg/server/handlers.go:608.2,609.16 3 0
github.com/raghavkgarg/mycase/pkg/server/handlers.go:610.3,612.1 2 0
github.com/raghavkgarg/mycase/pkg/server/handlers.go:615.2,617.1 5 0
github.com/raghavkgarg/mycase/pkg/server/handlers.go:618.2,620.1 5 0
github.com/raghavkgarg/mycase/pkg/server/handlers.go:621.2,621.43 5 0
github.com/raghavkgarg/mycase/pkg/server/handlers.go:622.3,622.10 1 0
github.com/raghavkgarg/mycase/pkg/server/handlers.go:624.4,624.10 1 0
github.com/raghavkgarg/mycase/pkg/server/handlers.go:625.11,625.11 0 0
github.com/raghavkgarg/mycase/pkg/server/handlers.go:627.3,632.1 3 0
github.com/raghavkgarg/mycase/pkg/server/handlers.go:633.3,634.15 3 0
github.com/raghavkgarg/mycase/pkg/server/handlers.go:635.4,636.1 1 0
github.com/raghavkgarg/mycase/pkg/server/handlers.go:639.2,653.1 3 0
github.com/raghavkgarg/mycase/pkg/server/handlers.go:654.2,655.14 3 0
github.com/raghavkgarg/mycase/pkg/server/handlers.go:656.3,657.1 1 0
github.com/raghavkgarg/mycase/pkg/server/handlers.go:663.2,663.23 1 0
github.com/raghavkgarg/mycase/pkg/server/handlers.go:664.3,666.1 2 0
github.com/raghavkgarg/mycase/pkg/server/handlers.go:668.2,670.16 3 0
github.com/raghavkgarg/mycase/pkg/server/handlers.go:671.3,673.1 2 0
github.com/raghavkgarg/mycase/pkg/server/handlers.go:675.2,676.16 2 0
github.com/raghavkgarg/mycase/pkg/server/handlers.go:677.3,679.1 2 0
github.com/raghavkgarg/mycase/pkg/server/handlers.go:680.2,681.29 2 0
github.com/raghavkgarg/mycase/pkg/server/handlers.go:682.3,683.1 1 0
github.com/raghavkgarg/mycase/pkg/server/handlers.go:685.2,686.16 2 0
github.com/raghavkgarg/mycase/pkg/server/handlers.go:687.3,689.1 2 0
github.com/raghavkgarg/mycase/pkg/server/handlers.go:691.2,692.33 2 0
github.com/raghavkgarg/mycase/pkg/server/handlers.go:693.3,695.22 3 0
github.com/raghavkgarg/mycase/pkg/server/handlers.go:696.4,697.1 1 0
github.com/raghavkgarg/mycase/pkg/server/handlers.go:698.3,698.55 1 0
github.com/raghavkgarg/mycase/pkg/server/handlers.go:701.2,702.33 2 0
github.com/raghavkgarg/mycase/pkg/server/handlers.go:703.3,704.15 2 0
github.com/raghavkgarg/mycase/pkg/server/handlers.go:705.4,705.12 1 0
github.com/raghavkgarg/mycase/pkg/server/handlers.go:707.3,710.22 4 0
github.com/raghavkgarg/mycase/pkg/server/handlers.go:711.4,712.1 1 0
github.com/raghavkgarg/mycase/pkg/server/handlers.go:713.3,715.16 3 0
github.com/raghavkgarg/mycase/pkg/server/handlers.go:716.4,716.12 1 0
github.com/raghavkgarg/mycase/pkg/server/handlers.go:718.3,720.15 3 0
github.com/raghavkgarg/mycase/pkg/server/handlers.go:721.4,724.1 3 0
github.com/raghavkgarg/mycase/pkg/server/handlers.go:725.3,734.5 1 0
github.com/raghavkgarg/mycase/pkg/server/handlers.go:737.2,738.1 9 0
github.com/raghavkgarg/mycase/pkg/server/handlers.go:739.2,747.1 9 0
github.com/raghavkgarg/mycase/pkg/server/handlers.go:749.2,754.1 9 0
github.com/raghavkgarg/mycase/pkg/server/handlers.go:755.2,756.1 9 0
github.com/raghavkgarg/mycase/pkg/server/handlers.go:757.2,757.25 9 0
github.com/raghavkgarg/mycase/pkg/server/handlers.go:758.3,758.12 1 0
github.com/raghavkgarg/mycase/pkg/server/handlers.go:759.4,760.1 1 0
github.com/raghavkgarg/mycase/pkg/server/handlers.go:761.3,767.1 3 0
github.com/raghavkgarg/mycase/pkg/server/handlers.go:768.3,768.18 3 0
github.com/raghavkgarg/mycase/pkg/server/handlers.go:769.4,782.1 4 0
github.com/raghavkgarg/mycase/pkg/server/handlers.go:783.4,786.1 3 0
github.com/raghavkgarg/mycase/pkg/server/handlers.go:787.3,787.30 1 0
github.com/raghavkgarg/mycase/pkg/server/handlers.go:790.2,790.27 1 0
github.com/raghavkgarg/mycase/pkg/server/handlers.go:791.3,792.1 1 0
github.com/raghavkgarg/mycase/pkg/server/handlers.go:793.2,793.26 1 0
github.com/raghavkgarg/mycase/pkg/server/handlers.go:794.3,795.1 1 0
github.com/raghavkgarg/mycase/pkg/server/handlers.go:797.2,800.4 1 0
github.com/raghavkgarg/mycase/pkg/server/handlers.go:806.2,807.16 2 0
github.com/raghavkgarg/mycase/pkg/server/handlers.go:808.3,810.1 2 0
github.com/raghavkgarg/mycase/pkg/server/handlers.go:812.2,813.1 2 0
github.com/raghavkgarg/mycase/pkg/server/handlers.go:814.2,816.4 2 0
github.com/raghavkgarg/mycase/pkg/server/handlers.go:822.2,822.20 1 0
github.com/raghavkgarg/mycase/pkg/server/handlers.go:823.3,825.1 2 0
github.com/raghavkgarg/mycase/pkg/server/handlers.go:826.2,827.16 2 0
github.com/raghavkgarg/mycase/pkg/server/handlers.go:828.3,830.1 2 0
github.com/raghavkgarg/mycase/pkg/server/handlers.go:831.2,831.20 1 0
github.com/raghavkgarg/mycase/pkg/server/handlers.go:832.3,833.1 1 0
github.com/raghavkgarg/mycase/pkg/server/handlers.go:834.2,834.50 1 0
github.com/raghavkgarg/mycase/pkg/server/handlers.go:840.2,841.16 2 0
github.com/raghavkgarg/mycase/pkg/server/handlers.go:842.3,844.1 2 0
github.com/raghavkgarg/mycase/pkg/server/handlers.go:845.2,845.21 1 0
github.com/raghavkgarg/mycase/pkg/server/handlers.go:851.2,852.16 2 0
github.com/raghavkgarg/mycase/pkg/server/handlers.go:853.3,855.1 2 0
github.com/raghavkgarg/mycase/pkg/server/handlers.go:856.2,856.21 1 0
github.com/raghavkgarg/mycase/pkg/server/handlers.go:857.3,859.1 2 0
github.com/raghavkgarg/mycase/pkg/server/handlers.go:860.2,860.52 1 0
github.com/raghavkgarg/mycase/pkg/server/handlers.go:864.2,865.16 2 0
github.com/raghavkgarg/mycase/pkg/server/handlers.go:866.3,868.1 2 0
github.com/raghavkgarg/mycase/pkg/server/handlers.go:869.2,869.21 1 0
github.com/raghavkgarg/mycase/pkg/server/handlers.go:870.3,872.1 2 0
github.com/raghavkgarg/mycase/pkg/server/handlers.go:873.2,873.26 1 0
github.com/raghavkgarg/mycase/pkg/server/handlers.go:874.3,876.1 2 0
github.com/raghavkgarg/mycase/pkg/server/handlers.go:877.2,877.48 1 0
github.com/raghavkgarg/mycase/pkg/server/handlers.go:878.3,880.1 2 0
github.com/raghavkgarg/mycase/pkg/server/handlers.go:881.2,881.23 1 0
github.com/raghavkgarg/mycase/pkg/server/handlers.go:882.3,884.1 2 0
github.com/raghavkgarg/mycase/pkg/server/handlers.go:887.2,888.36 2 0
github.com/raghavkgarg/mycase/pkg/server/handlers.go:889.3,897.1 3 0
github.com/raghavkgarg/mycase/pkg/server/handlers.go:898.3,899.17 3 0
github.com/raghavkgarg/mycase/pkg/server/handlers.go:900.4,906.1 1 0
github.com/raghavkgarg/mycase/pkg/server/handlers.go:907.4,913.1 1 0
github.com/raghavkgarg/mycase/pkg/server/handlers.go:914.3,914.37 1 0
github.com/raghavkgarg/mycase/pkg/server/handlers.go:918.2,919.60 2 0
github.com/raghavkgarg/mycase/pkg/server/handlers.go:920.3,922.1 2 0
github.com/raghavkgarg/mycase/pkg/server/handlers.go:927.2,928.1 4 0
github.com/raghavkgarg/mycase/pkg/server/handlers.go:930.2,931.1 4 0
github.com/raghavkgarg/mycase/pkg/server/handlers.go:933.2,934.28 4 0
github.com/raghavkgarg/mycase/pkg/server/handlers.go:935.3,935.16 1 0
github.com/raghavkgarg/mycase/pkg/server/handlers.go:936.4,937.1 1 0
github.com/raghavkgarg/mycase/pkg/server/handlers.go:940.2,945.4 1 0
github.com/raghavkgarg/mycase/pkg/server/handlers.go:961.2,961.39 1 0
github.com/raghavkgarg/mycase/pkg/server/handlers.go:962.3,963.1 1 0
github.com/raghavkgarg/mycase/pkg/server/handlers.go:965.2,966.30 2 0
github.com/raghavkgarg/mycase/pkg/server/handlers.go:967.3,968.1 1 0
github.com/raghavkgarg/mycase/pkg/server/handlers.go:970.2,972.16 3 0
github.com/raghavkgarg/mycase/pkg/server/handlers.go:973.3,976.1 2 0
github.com/raghavkgarg/mycase/pkg/server/handlers.go:978.2,978.89 1 0
github.com/raghavkgarg/mycase/pkg/server/handlers.go:979.3,982.1 2 0
github.com/raghavkgarg/mycase/pkg/server/handlers.go:983.2,984.54 1 0
github.com/raghavkgarg/mycase/pkg/server/handlers.go:988.2,989.16 2 0
github.com/raghavkgarg/mycase/pkg/server/handlers.go:990.3,992.1 2 0
github.com/raghavkgarg/mycase/pkg/server/handlers.go:993.2,993.21 1 0
github.com/raghavkgarg/mycase/pkg/server/handlers.go:994.3,996.1 2 0
github.com/raghavkgarg/mycase/pkg/server/handlers.go:997.2,997.48 1 0
github.com/raghavkgarg/mycase/pkg/server/handlers.go:998.3,1000.1 2 0
github.com/raghavkgarg/mycase/pkg/server/handlers.go:1002.2,1002.60 1 0
github.com/raghavkgarg/mycase/pkg/server/handlers.go:1003.3,1005.1 2 0
github.com/raghavkgarg/mycase/pkg/server/handlers.go:1006.2,1007.1 2 0
github.com/raghavkgarg/mycase/pkg/server/handlers.go:1008.2,1011.4 2 0
github.com/raghavkgarg/mycase/pkg/server/performance_handler.go:59.2,59.22 1 1
github.com/raghavkgarg/mycase/pkg/server/performance_handler.go:60.3,65.1 2 1
github.com/raghavkgarg/mycase/pkg/server/performance_handler.go:67.2,69.16 3 1
github.com/raghavkgarg/mycase/pkg/server/performance_handler.go:70.3,72.1 2 1
github.com/raghavkgarg/mycase/pkg/server/performance_handler.go:74.2,75.29 2 0
github.com/raghavkgarg/mycase/pkg/server/performance_handler.go:76.3,76.32 1 0
github.com/raghavkgarg/mycase/pkg/server/performance_handler.go:77.4,78.1 1 0
github.com/raghavkgarg/mycase/pkg/server/performance_handler.go:80.2,80.24 1 0
github.com/raghavkgarg/mycase/pkg/server/performance_handler.go:81.3,86.1 2 0
github.com/raghavkgarg/mycase/pkg/server/performance_handler.go:88.2,89.1 3 0
github.com/raghavkgarg/mycase/pkg/server/performance_handler.go:91.2,92.16 3 0
github.com/raghavkgarg/mycase/pkg/server/performance_handler.go:93.3,94.1 1 0
github.com/raghavkgarg/mycase/pkg/server/performance_handler.go:95.2,97.60 3 0
github.com/raghavkgarg/mycase/pkg/server/performance_handler.go:98.3,98.82 1 0
github.com/raghavkgarg/mycase/pkg/server/performance_handler.go:99.4,100.1 1 0
github.com/raghavkgarg/mycase/pkg/server/performance_handler.go:103.2,109.1 5 0
github.com/raghavkgarg/mycase/pkg/server/performance_handler.go:111.2,112.16 5 0
github.com/raghavkgarg/mycase/pkg/server/performance_handler.go:113.3,118.1 2 0
github.com/raghavkgarg/mycase/pkg/server/performance_handler.go:120.2,121.1 2 0
github.com/raghavkgarg/mycase/pkg/server/performance_handler.go:123.2,123.20 2 0
github.com/raghavkgarg/mycase/pkg/server/performance_handler.go:124.3,124.66 1 0
github.com/raghavkgarg/mycase/pkg/server/performance_handler.go:125.4,125.78 1 0
github.com/raghavkgarg/mycase/pkg/server/performance_handler.go:126.5,127.1 1 0
github.com/raghavkgarg/mycase/pkg/server/performance_handler.go:132.2,134.20 3 0
github.com/raghavkgarg/mycase/pkg/server/performance_handler.go:135.3,135.102 1 0
github.com/raghavkgarg/mycase/pkg/server/performance_handler.go:136.4,137.1 1 0
github.com/raghavkgarg/mycase/pkg/server/performance_handler.go:139.2,139.123 1 0
github.com/raghavkgarg/mycase/pkg/server/performance_handler.go:140.3,148.1 1 0
github.com/raghavkgarg/mycase/pkg/server/performance_handler.go:151.2,152.27 2 0
github.com/raghavkgarg/mycase/pkg/server/performance_handler.go:153.3,158.1 1 0
github.com/raghavkgarg/mycase/pkg/server/performance_handler.go:160.2,183.4 1 0
github.com/raghavkgarg/mycase/pkg/server/routes.go:11.2,12.16 2 1
github.com/raghavkgarg/mycase/pkg/server/routes.go:13.3,13.59 1 0
github.com/raghavkgarg/mycase/pkg/server/routes.go:17.2,31.1 20 1
github.com/raghavkgarg/mycase/pkg/server/routes.go:33.2,36.1 20 1
github.com/raghavkgarg/mycase/pkg/server/routes.go:39.2,41.1 20 1
github.com/raghavkgarg/mycase/pkg/server/routes.go:43.2,43.76 20 1
github.com/raghavkgarg/mycase/pkg/server/routes.go:44.3,45.1 1 0
github.com/raghavkgarg/mycase/pkg/server/routes.go:50.2,50.71 1 1
github.com/raghavkgarg/mycase/pkg/server/routes.go:51.3,53.1 2 0
github.com/raghavkgarg/mycase/pkg/server/server.go:44.2,44.25 1 1
github.com/raghavkgarg/mycase/pkg/server/server.go:44.27,44.42 1 1
github.com/raghavkgarg/mycase/pkg/server/server.go:52.2,52.25 1 0
github.com/raghavkgarg/mycase/pkg/server/server.go:52.27,52.41 1 0
github.com/raghavkgarg/mycase/pkg/server/server.go:57.2,63.1 2 1
github.com/raghavkgarg/mycase/pkg/server/server.go:64.2,64.27 2 1
github.com/raghavkgarg/mycase/pkg/server/server.go:65.3,66.1 1 1
github.com/raghavkgarg/mycase/pkg/server/server.go:67.2,68.10 2 1
github.com/raghavkgarg/mycase/pkg/server/server.go:74.2,75.1 3 0
github.com/raghavkgarg/mycase/pkg/server/server.go:76.2,79.1 3 0
github.com/raghavkgarg/mycase/pkg/server/server.go:81.2,81.12 3 0
github.com/raghavkgarg/mycase/pkg/server/server.go:82.3,84.1 2 0
github.com/raghavkgarg/mycase/pkg/server/server.go:86.2,86.71 1 0
github.com/raghavkgarg/mycase/pkg/server/server.go:87.3,88.1 1 0
github.com/raghavkgarg/mycase/pkg/server/server.go:89.3,90.1 1 0
github.com/raghavkgarg/mycase/pkg/server/sse.go:23.2,25.1 1 1
github.com/raghavkgarg/mycase/pkg/server/sse.go:30.2,33.1 3 0
github.com/raghavkgarg/mycase/pkg/server/sse.go:37.2,41.20 5 0
github.com/raghavkgarg/mycase/pkg/server/sse.go:42.3,45.1 3 0
github.com/raghavkgarg/mycase/pkg/server/sse.go:50.2,52.28 3 0
github.com/raghavkgarg/mycase/pkg/server/sse.go:53.3,53.10 1 0
github.com/raghavkgarg/mycase/pkg/server/sse.go:54.18,54.18 0 0
github.com/raghavkgarg/mycase/pkg/server/sse.go:55.11,55.11 0 0
github.com/raghavkgarg/mycase/pkg/server/sse.go:62.2,64.6 3 0
github.com/raghavkgarg/mycase/pkg/server/sse.go:65.3,65.10 1 0
github.com/raghavkgarg/mycase/pkg/server/sse.go:67.4,67.10 1 0
github.com/raghavkgarg/mycase/pkg/server/sse.go:69.4,72.25 4 0
github.com/raghavkgarg/mycase/pkg/server/sse.go:73.5,73.13 1 0
github.com/raghavkgarg/mycase/pkg/server/sse.go:75.4,76.18 2 0
github.com/raghavkgarg/mycase/pkg/server/sse.go:77.5,77.13 1 0
github.com/raghavkgarg/mycase/pkg/server/sse.go:79.4,80.18 2 0
github.com/raghavkgarg/mycase/pkg/server/sse.go:81.5,81.13 1 0
github.com/raghavkgarg/mycase/pkg/server/sse.go:83.4,83.50 1 0
github.com/raghavkgarg/mycase/pkg/server/sse.go:90.2,93.1 7 0
github.com/raghavkgarg/mycase/pkg/server/sse.go:94.2,96.1 7 0
github.com/raghavkgarg/mycase/pkg/server/sse.go:97.2,98.1 7 0
github.com/raghavkgarg/mycase/pkg/server/sse.go:99.2,99.6 7 0
github.com/raghavkgarg/mycase/pkg/server/sse.go:100.3,100.10 1 0
github.com/raghavkgarg/mycase/pkg/server/sse.go:102.4,102.10 1 0
github.com/raghavkgarg/mycase/pkg/server/sse.go:104.4,105.22 2 0
github.com/raghavkgarg/mycase/pkg/server/sse.go:106.5,107.1 1 0
github.com/raghavkgarg/mycase/pkg/server/tax_handler.go:61.2,61.20 1 0
github.com/raghavkgarg/mycase/pkg/server/tax_handler.go:62.3,67.1 2 0
github.com/raghavkgarg/mycase/pkg/server/tax_handler.go:69.2,71.1 4 0
github.com/raghavkgarg/mycase/pkg/server/tax_handler.go:72.2,73.16 4 0
github.com/raghavkgarg/mycase/pkg/server/tax_handler.go:74.3,76.1 2 0
github.com/raghavkgarg/mycase/pkg/server/tax_handler.go:77.2,77.24 1 0
github.com/raghavkgarg/mycase/pkg/server/tax_handler.go:78.3,83.1 2 0
github.com/raghavkgarg/mycase/pkg/server/tax_handler.go:86.2,87.26 2 0
github.com/raghavkgarg/mycase/pkg/server/tax_handler.go:88.3,89.1 1 0
github.com/raghavkgarg/mycase/pkg/server/tax_handler.go:90.2,91.1 4 0
github.com/raghavkgarg/mycase/pkg/server/tax_handler.go:92.2,93.1 4 0
github.com/raghavkgarg/mycase/pkg/server/tax_handler.go:95.2,96.28 4 0
github.com/raghavkgarg/mycase/pkg/server/tax_handler.go:97.3,98.35 2 0
github.com/raghavkgarg/mycase/pkg/server/tax_handler.go:99.4,112.1 3 0
github.com/raghavkgarg/mycase/pkg/server/tax_handler.go:114.2,114.48 1 0
github.com/raghavkgarg/mycase/pkg/server/tax_handler.go:115.3,116.1 1 0
github.com/raghavkgarg/mycase/pkg/server/tax_handler.go:119.2,120.16 2 0
github.com/raghavkgarg/mycase/pkg/server/tax_handler.go:121.3,123.1 2 0
github.com/raghavkgarg/mycase/pkg/server/tax_handler.go:124.2,127.1 10 0
github.com/raghavkgarg/mycase/pkg/server/tax_handler.go:129.2,134.1 10 0
github.com/raghavkgarg/mycase/pkg/server/tax_handler.go:135.2,136.31 10 0
github.com/raghavkgarg/mycase/pkg/server/tax_handler.go:137.3,147.1 1 0
github.com/raghavkgarg/mycase/pkg/server/tax_handler.go:150.2,151.37 2 0
github.com/raghavkgarg/mycase/pkg/server/tax_handler.go:152.3,153.30 2 0
github.com/raghavkgarg/mycase/pkg/server/tax_handler.go:154.4,160.1 1 0
github.com/raghavkgarg/mycase/pkg/server/tax_handler.go:162.2,162.49 1 0
github.com/raghavkgarg/mycase/pkg/server/tax_handler.go:163.3,164.1 1 0
github.com/raghavkgarg/mycase/pkg/server/tax_handler.go:166.2,167.32 2 0
github.com/raghavkgarg/mycase/pkg/server/tax_handler.go:168.3,169.1 1 0
github.com/raghavkgarg/mycase/pkg/server/tax_handler.go:171.2,180.4 1 0
github.com/raghavkgarg/mycase/pkg/server/tax_handler.go:184.2,193.1 1 0
github.com/raghavkgarg/mycase/pkg/tax/fifo.go:49.2,51.1 4 1
github.com/raghavkgarg/mycase/pkg/tax/fifo.go:55.2,57.47 4 1
github.com/raghavkgarg/mycase/pkg/tax/fifo.go:58.3,58.51 1 1
github.com/raghavkgarg/mycase/pkg/tax/fifo.go:59.4,60.1 1 0
github.com/raghavkgarg/mycase/pkg/tax/fifo.go:61.3,61.55 1 1
github.com/raghavkgarg/mycase/pkg/tax/fifo.go:65.2,66.1 2 1
github.com/raghavkgarg/mycase/pkg/tax/fifo.go:67.2,67.27 2 1
github.com/raghavkgarg/mycase/pkg/tax/fifo.go:68.3,68.17 1 1
github.com/raghavkgarg/mycase/pkg/tax/fifo.go:70.4,71.1 3 1
github.com/raghavkgarg/mycase/pkg/tax/fifo.go:72.4,73.37 3 1
github.com/raghavkgarg/mycase/pkg/tax/fifo.go:74.5,75.1 1 1
github.com/raghavkgarg/mycase/pkg/tax/fifo.go:76.4,83.1 2 1
github.com/raghavkgarg/mycase/pkg/tax/fifo.go:84.4,84.64 2 1
github.com/raghavkgarg/mycase/pkg/tax/fifo.go:87.4,87.20 1 1
github.com/raghavkgarg/mycase/pkg/tax/fifo.go:93.2,93.41 1 1
github.com/raghavkgarg/mycase/pkg/tax/fifo.go:94.3,94.46 1 1
github.com/raghavkgarg/mycase/pkg/tax/fifo.go:95.4,96.1 1 1
github.com/raghavkgarg/mycase/pkg/tax/fifo.go:97.3,97.30 1 1
github.com/raghavkgarg/mycase/pkg/tax/fifo.go:100.2,100.12 1 1
github.com/raghavkgarg/mycase/pkg/tax/fifo.go:106.2,108.1 4 1
github.com/raghavkgarg/mycase/pkg/tax/fifo.go:109.2,110.20 4 1
github.com/raghavkgarg/mycase/pkg/tax/fifo.go:111.3,112.1 1 1
github.com/raghavkgarg/mycase/pkg/tax/fifo.go:114.2,116.44 3 1
github.com/raghavkgarg/mycase/pkg/tax/fifo.go:117.3,119.27 3 1
github.com/raghavkgarg/mycase/pkg/tax/fifo.go:120.4,121.1 1 1
github.com/raghavkgarg/mycase/pkg/tax/fifo.go:123.3,127.31 5 1
github.com/raghavkgarg/mycase/pkg/tax/fifo.go:128.4,130.1 2 1
github.com/raghavkgarg/mycase/pkg/tax/fifo.go:132.3,145.1 4 1
github.com/raghavkgarg/mycase/pkg/tax/fifo.go:146.3,148.29 4 1
github.com/raghavkgarg/mycase/pkg/tax/fifo.go:149.4,150.1 1 1
github.com/raghavkgarg/mycase/pkg/tax/fifo.go:153.2,153.19 1 1
github.com/raghavkgarg/mycase/pkg/tax/fifo.go:154.3,155.1 1 1
github.com/raghavkgarg/mycase/pkg/tax/fifo.go:157.2,157.25 1 1
github.com/raghavkgarg/mycase/pkg/tax/fifo.go:158.3,159.1 1 1
github.com/raghavkgarg/mycase/pkg/tax/fifo.go:161.2,161.20 1 1
github.com/raghavkgarg/mycase/pkg/tax/fifo.go:162.3,163.1 1 1
github.com/raghavkgarg/mycase/pkg/tax/fifo.go:164.3,165.1 1 1
github.com/raghavkgarg/mycase/pkg/tax/fifo.go:171.2,172.1 1 1
github.com/raghavkgarg/mycase/pkg/tax/fifo.go:175.2,176.1 1 1
github.com/raghavkgarg/mycase/pkg/tax/format.go:8.2,9.1 1 1
github.com/raghavkgarg/mycase/pkg/tax/lot.go:24.36,24.72 1 1
github.com/raghavkgarg/mycase/pkg/tax/lot.go:28.2,28.27 1 1
github.com/raghavkgarg/mycase/pkg/tax/lot.go:29.3,30.1 1 0
github.com/raghavkgarg/mycase/pkg/tax/lot.go:31.2,31.49 1 1
github.com/raghavkgarg/mycase/pkg/tax/lot.go:37.2,39.1 2 1
github.com/raghavkgarg/mycase/pkg/tax/sequence.go:39.2,39.22 1 1
github.com/raghavkgarg/mycase/pkg/tax/sequence.go:40.3,41.1 1 0
github.com/raghavkgarg/mycase/pkg/tax/sequence.go:42.2,42.43 1 1
github.com/raghavkgarg/mycase/pkg/tax/sequence.go:56.2,56.21 1 1
github.com/raghavkgarg/mycase/pkg/tax/sequence.go:57.3,58.1 1 1
github.com/raghavkgarg/mycase/pkg/tax/sequence.go:59.2,59.21 1 1
github.com/raghavkgarg/mycase/pkg/tax/sequence.go:60.3,61.1 1 1
github.com/raghavkgarg/mycase/pkg/tax/sequence.go:62.2,62.21 1 1
github.com/raghavkgarg/mycase/pkg/tax/sequence.go:63.3,64.1 1 1
github.com/raghavkgarg/mycase/pkg/tax/sequence.go:66.2,67.1 5 1
github.com/raghavkgarg/mycase/pkg/tax/sequence.go:68.2,74.1 5 1
github.com/raghavkgarg/mycase/pkg/tax/sequence.go:76.2,78.1 5 1
github.com/raghavkgarg/mycase/pkg/tax/sequence.go:79.2,79.27 5 1
github.com/raghavkgarg/mycase/pkg/tax/sequence.go:80.3,82.62 3 1
github.com/raghavkgarg/mycase/pkg/tax/sequence.go:83.4,85.18 3 1
github.com/raghavkgarg/mycase/pkg/tax/sequence.go:86.5,87.1 1 0
github.com/raghavkgarg/mycase/pkg/tax/sequence.go:88.4,88.18 1 1
github.com/raghavkgarg/mycase/pkg/tax/sequence.go:89.5,90.1 1 0
github.com/raghavkgarg/mycase/pkg/tax/sequence.go:91.4,93.16 3 1
github.com/raghavkgarg/mycase/pkg/tax/sequence.go:94.5,99.17 6 1
github.com/raghavkgarg/mycase/pkg/tax/sequence.go:100.6,101.1 1 1
github.com/raghavkgarg/mycase/pkg/tax/sequence.go:102.5,102.38 1 1
github.com/raghavkgarg/mycase/pkg/tax/sequence.go:105.3,105.49 1 1
github.com/raghavkgarg/mycase/pkg/tax/sequence.go:110.2,110.27 1 1
github.com/raghavkgarg/mycase/pkg/tax/sequence.go:111.3,111.61 1 1
github.com/raghavkgarg/mycase/pkg/tax/sequence.go:112.4,112.12 1 1
github.com/raghavkgarg/mycase/pkg/tax/sequence.go:114.3,115.27 2 1
github.com/raghavkgarg/mycase/pkg/tax/sequence.go:116.4,122.1 1 1
github.com/raghavkgarg/mycase/pkg/tax/sequence.go:123.3,123.97 1 1
github.com/raghavkgarg/mycase/pkg/tax/sequence.go:127.4,127.28 1 0
github.com/raghavkgarg/mycase/pkg/tax/sequence.go:128.5,135.1 1 0
github.com/raghavkgarg/mycase/pkg/tax/sequence.go:140.2,140.57 1 1
github.com/raghavkgarg/mycase/pkg/tax/sequence.go:141.3,143.1 1 1
github.com/raghavkgarg/mycase/pkg/tax/sequence.go:145.2,146.37 2 1
github.com/raghavkgarg/mycase/pkg/tax/sequence.go:147.3,148.1 1 1
github.com/raghavkgarg/mycase/pkg/tax/sequence.go:149.2,149.13 1 1
github.com/raghavkgarg/mycase/pkg/tax/sequence.go:153.2,153.9 1 1
github.com/raghavkgarg/mycase/pkg/tax/sequence.go:155.3,155.11 1 1
github.com/raghavkgarg/mycase/pkg/tax/sequence.go:157.3,157.11 1 1
github.com/raghavkgarg/mycase/pkg/tax/sequence.go:159.3,159.11 1 1
github.com/raghavkgarg/mycase/pkg/tax/sequence.go:168.2,171.27 4 1
github.com/raghavkgarg/mycase/pkg/tax/sequence.go:172.3,172.27 1 1
github.com/raghavkgarg/mycase/pkg/tax/sequence.go:173.4,173.9 1 0
github.com/raghavkgarg/mycase/pkg/tax/sequence.go:175.3,176.27 2 1
github.com/raghavkgarg/mycase/pkg/tax/sequence.go:177.4,178.1 1 1
github.com/raghavkgarg/mycase/pkg/tax/sequence.go:179.3,181.29 3 1
github.com/raghavkgarg/mycase/pkg/tax/sequence.go:182.4,183.1 1 1
github.com/raghavkgarg/mycase/pkg/tax/sequence.go:184.3,184.24 1 1
github.com/raghavkgarg/mycase/pkg/tax/sequence.go:186.2,186.19 1 1
github.com/raghavkgarg/mycase/pkg/tax/sequence.go:187.3,188.1 1 0
github.com/raghavkgarg/mycase/pkg/tax/sequence.go:189.2,189.39 1 1
github.com/raghavkgarg/mycase/pkg/tax/store.go:60.2,60.15 1 1
github.com/raghavkgarg/mycase/pkg/tax/store.go:61.3,62.1 1 0
github.com/raghavkgarg/mycase/pkg/tax/store.go:63.2,63.23 1 1
github.com/raghavkgarg/mycase/pkg/tax/store.go:67.2,67.15 1 1
github.com/raghavkgarg/mycase/pkg/tax/store.go:68.3,69.1 1 1
github.com/raghavkgarg/mycase/pkg/tax/store.go:70.2,70.57 1 1
github.com/raghavkgarg/mycase/pkg/tax/store.go:71.3,72.1 1 0
github.com/raghavkgarg/mycase/pkg/tax/store.go:73.2,74.12 2 1
github.com/raghavkgarg/mycase/pkg/tax/store.go:80.2,80.20 1 1
github.com/raghavkgarg/mycase/pkg/tax/store.go:81.3,82.1 1 0
github.com/raghavkgarg/mycase/pkg/tax/store.go:83.2,83.44 1 1
github.com/raghavkgarg/mycase/pkg/tax/store.go:84.3,85.1 1 0
github.com/raghavkgarg/mycase/pkg/tax/store.go:86.2,87.16 2 1
github.com/raghavkgarg/mycase/pkg/tax/store.go:88.3,89.1 1 0
github.com/raghavkgarg/mycase/pkg/tax/store.go:90.2,91.1 2 1
github.com/raghavkgarg/mycase/pkg/tax/store.go:92.2,92.25 2 1
github.com/raghavkgarg/mycase/pkg/tax/store.go:93.3,102.17 1 1
github.com/raghavkgarg/mycase/pkg/tax/store.go:103.4,104.1 1 0
github.com/raghavkgarg/mycase/pkg/tax/store.go:106.2,106.20 1 1
github.com/raghavkgarg/mycase/pkg/tax/store.go:111.2,111.44 1 1
github.com/raghavkgarg/mycase/pkg/tax/store.go:112.3,113.1 1 0
github.com/raghavkgarg/mycase/pkg/tax/store.go:114.2,118.16 2 1
github.com/raghavkgarg/mycase/pkg/tax/store.go:119.3,120.1 1 0
github.com/raghavkgarg/mycase/pkg/tax/store.go:121.2,122.1 3 1
github.com/raghavkgarg/mycase/pkg/tax/store.go:123.2,124.18 3 1
github.com/raghavkgarg/mycase/pkg/tax/store.go:125.3,129.100 5 1
github.com/raghavkgarg/mycase/pkg/tax/store.go:130.4,131.1 1 0
github.com/raghavkgarg/mycase/pkg/tax/store.go:132.3,133.17 2 1
github.com/raghavkgarg/mycase/pkg/tax/store.go:134.4,135.1 1 1
github.com/raghavkgarg/mycase/pkg/tax/store.go:136.3,137.25 2 1
github.com/raghavkgarg/mycase/pkg/tax/store.go:139.2,139.25 1 1
github.com/raghavkgarg/mycase/pkg/tax/store.go:146.2,146.44 1 1
github.com/raghavkgarg/mycase/pkg/tax/store.go:147.3,148.1 1 0
github.com/raghavkgarg/mycase/pkg/tax/store.go:149.2,150.16 2 1
github.com/raghavkgarg/mycase/pkg/tax/store.go:151.3,152.1 1 0
github.com/raghavkgarg/mycase/pkg/tax/store.go:153.2,154.1 2 1
github.com/raghavkgarg/mycase/pkg/tax/store.go:155.2,155.71 2 1
github.com/raghavkgarg/mycase/pkg/tax/store.go:156.3,157.1 1 0
github.com/raghavkgarg/mycase/pkg/tax/store.go:159.2,159.32 1 1
github.com/raghavkgarg/mycase/pkg/tax/store.go:160.3,160.26 1 1
github.com/raghavkgarg/mycase/pkg/tax/store.go:161.4,168.18 1 1
github.com/raghavkgarg/mycase/pkg/tax/store.go:169.5,170.1 1 0
github.com/raghavkgarg/mycase/pkg/tax/store.go:173.2,173.20 1 1
github.com/raghavkgarg/mycase/pkg/tax/store.go:178.2,178.44 1 1
github.com/raghavkgarg/mycase/pkg/tax/store.go:179.3,180.1 1 0
github.com/raghavkgarg/mycase/pkg/tax/store.go:181.2,185.16 2 1
github.com/raghavkgarg/mycase/pkg/tax/store.go:186.3,187.1 1 0
github.com/raghavkgarg/mycase/pkg/tax/store.go:188.2,189.1 3 1
github.com/raghavkgarg/mycase/pkg/tax/store.go:190.2,191.18 3 1
github.com/raghavkgarg/mycase/pkg/tax/store.go:192.3,195.105 4 1
github.com/raghavkgarg/mycase/pkg/tax/store.go:196.4,197.1 1 0
github.com/raghavkgarg/mycase/pkg/tax/store.go:198.3,199.19 2 1
github.com/raghavkgarg/mycase/pkg/tax/store.go:200.4,201.1 1 1
github.com/raghavkgarg/mycase/pkg/tax/store.go:202.3,202.43 1 1
github.com/raghavkgarg/mycase/pkg/tax/store.go:204.2,204.24 1 1
github.com/raghavkgarg/mycase/pkg/tax/store.go:210.2,210.44 1 1
github.com/raghavkgarg/mycase/pkg/tax/store.go:211.3,212.1 1 0
github.com/raghavkgarg/mycase/pkg/tax/store.go:213.2,214.16 2 1
github.com/raghavkgarg/mycase/pkg/tax/store.go:215.3,216.1 1 0
github.com/raghavkgarg/mycase/pkg/tax/store.go:217.2,218.1 2 1
github.com/raghavkgarg/mycase/pkg/tax/store.go:219.2,219.77 2 1
github.com/raghavkgarg/mycase/pkg/tax/store.go:220.3,221.1 1 0
github.com/raghavkgarg/mycase/pkg/tax/store.go:223.2,223.26 1 1
github.com/raghavkgarg/mycase/pkg/tax/store.go:224.3,225.29 2 1
github.com/raghavkgarg/mycase/pkg/tax/store.go:226.4,227.1 1 0
github.com/raghavkgarg/mycase/pkg/tax/store.go:228.3,239.17 1 1
github.com/raghavkgarg/mycase/pkg/tax/store.go:240.4,241.1 1 0
github.com/raghavkgarg/mycase/pkg/tax/store.go:243.2,243.20 1 1
github.com/raghavkgarg/mycase/pkg/tax/store.go:249.2,249.44 1 1
github.com/raghavkgarg/mycase/pkg/tax/store.go:250.3,251.1 1 0
github.com/raghavkgarg/mycase/pkg/tax/store.go:252.2,256.21 3 1
github.com/raghavkgarg/mycase/pkg/tax/store.go:257.3,259.1 2 1
github.com/raghavkgarg/mycase/pkg/tax/store.go:260.2,261.1 3 1
github.com/raghavkgarg/mycase/pkg/tax/store.go:262.2,263.16 3 1
github.com/raghavkgarg/mycase/pkg/tax/store.go:264.3,265.1 1 0
github.com/raghavkgarg/mycase/pkg/tax/store.go:266.2,267.1 3 1
github.com/raghavkgarg/mycase/pkg/tax/store.go:268.2,269.18 3 1
github.com/raghavkgarg/mycase/pkg/tax/store.go:270.3,276.86 6 1
github.com/raghavkgarg/mycase/pkg/tax/store.go:277.4,278.1 1 0
github.com/raghavkgarg/mycase/pkg/tax/store.go:279.3,279.23 1 1
github.com/raghavkgarg/mycase/pkg/tax/store.go:280.4,281.1 1 0
github.com/raghavkgarg/mycase/pkg/tax/store.go:282.3,283.24 2 1
github.com/raghavkgarg/mycase/pkg/tax/store.go:284.4,285.1 1 1
github.com/raghavkgarg/mycase/pkg/tax/store.go:286.3,286.21 1 1
github.com/raghavkgarg/mycase/pkg/tax/store.go:287.4,288.1 1 1
github.com/raghavkgarg/mycase/pkg/tax/store.go:289.3,289.27 1 1
github.com/raghavkgarg/mycase/pkg/tax/store.go:291.2,291.26 1 1
github.com/raghavkgarg/mycase/pkg/tax/store.go:297.2,297.44 1 1
github.com/raghavkgarg/mycase/pkg/tax/store.go:298.3,299.1 1 0
github.com/raghavkgarg/mycase/pkg/tax/store.go:300.2,305.16 2 1
github.com/raghavkgarg/mycase/pkg/tax/store.go:306.3,307.1 1 0
github.com/raghavkgarg/mycase/pkg/tax/store.go:308.2,309.1 3 1
github.com/raghavkgarg/mycase/pkg/tax/store.go:310.2,311.18 3 1
github.com/raghavkgarg/mycase/pkg/tax/store.go:312.3,314.56 3 1
github.com/raghavkgarg/mycase/pkg/tax/store.go:315.4,316.1 1 0
github.com/raghavkgarg/mycase/pkg/tax/store.go:317.3,317.40 1 1
github.com/raghavkgarg/mycase/pkg/tax/store.go:319.2,319.24 1 1
github.com/raghavkgarg/mycase/pkg/tax/tlh.go:47.2,52.1 1 1
github.com/raghavkgarg/mycase/pkg/tax/tlh.go:61.2,61.21 1 1
github.com/raghavkgarg/mycase/pkg/tax/tlh.go:62.3,63.1 1 0
github.com/raghavkgarg/mycase/pkg/tax/tlh.go:64.2,64.21 1 1
github.com/raghavkgarg/mycase/pkg/tax/tlh.go:65.3,66.1 1 0
github.com/raghavkgarg/mycase/pkg/tax/tlh.go:67.2,67.21 1 1
github.com/raghavkgarg/mycase/pkg/tax/tlh.go:68.3,69.1 1 0
github.com/raghavkgarg/mycase/pkg/tax/tlh.go:71.2,72.1 2 1
github.com/raghavkgarg/mycase/pkg/tax/tlh.go:73.2,73.37 2 1
github.com/raghavkgarg/mycase/pkg/tax/tlh.go:74.3,75.24 2 1
github.com/raghavkgarg/mycase/pkg/tax/tlh.go:76.4,76.12 1 0
github.com/raghavkgarg/mycase/pkg/tax/tlh.go:81.3,84.28 4 1
github.com/raghavkgarg/mycase/pkg/tax/tlh.go:85.4,87.27 3 1
github.com/raghavkgarg/mycase/pkg/tax/tlh.go:88.5,88.13 1 1
github.com/raghavkgarg/mycase/pkg/tax/tlh.go:90.4,93.56 4 1
github.com/raghavkgarg/mycase/pkg/tax/tlh.go:94.5,95.1 1 1
github.com/raghavkgarg/mycase/pkg/tax/tlh.go:96.4,96.30 1 1
github.com/raghavkgarg/mycase/pkg/tax/tlh.go:97.5,98.1 1 1
github.com/raghavkgarg/mycase/pkg/tax/tlh.go:101.3,101.25 1 1
github.com/raghavkgarg/mycase/pkg/tax/tlh.go:102.4,102.12 1 1
github.com/raghavkgarg/mycase/pkg/tax/tlh.go:104.3,105.34 2 1
github.com/raghavkgarg/mycase/pkg/tax/tlh.go:106.4,106.12 1 1
github.com/raghavkgarg/mycase/pkg/tax/tlh.go:109.3,110.75 2 1
github.com/raghavkgarg/mycase/pkg/tax/tlh.go:111.4,111.52 1 1
github.com/raghavkgarg/mycase/pkg/tax/tlh.go:112.5,113.1 1 1
github.com/raghavkgarg/mycase/pkg/tax/tlh.go:116.3,117.18 2 1
github.com/raghavkgarg/mycase/pkg/tax/tlh.go:118.4,119.1 1 1
github.com/raghavkgarg/mycase/pkg/tax/tlh.go:121.3,122.1 3 1
github.com/raghavkgarg/mycase/pkg/tax/tlh.go:123.3,124.23 3 1
github.com/raghavkgarg/mycase/pkg/tax/tlh.go:125.4,126.1 1 1
github.com/raghavkgarg/mycase/pkg/tax/tlh.go:128.3,140.1 3 1
github.com/raghavkgarg/mycase/pkg/tax/tlh.go:141.3,142.37 3 1
github.com/raghavkgarg/mycase/pkg/tax/tlh.go:146.2,146.51 1 1
github.com/raghavkgarg/mycase/pkg/tax/tlh.go:147.3,148.1 1 0
github.com/raghavkgarg/mycase/pkg/tax/tlh.go:149.2,149.19 1 1
github.com/raghavkgarg/mycase/pkg/tax/tlh.go:156.2,156.36 1 1
github.com/raghavkgarg/mycase/pkg/tax/tlh.go:157.3,158.1 1 1
github.com/raghavkgarg/mycase/pkg/tax/tlh.go:159.2,159.32 1 1
github.com/raghavkgarg/mycase/pkg/tax/tlh.go:160.3,160.21 1 1
github.com/raghavkgarg/mycase/pkg/tax/tlh.go:161.4,161.12 1 1
github.com/raghavkgarg/mycase/pkg/tax/tlh.go:163.3,163.30 1 1
github.com/raghavkgarg/mycase/pkg/tax/tlh.go:164.4,164.12 1 0
github.com/raghavkgarg/mycase/pkg/tax/tlh.go:168.3,168.38 1 1
github.com/raghavkgarg/mycase/pkg/tax/tlh.go:169.4,169.12 1 0
github.com/raghavkgarg/mycase/pkg/tax/tlh.go:171.3,171.14 1 1
github.com/raghavkgarg/mycase/pkg/tax/tlh.go:173.2,173.11 1 0
github.com/raghavkgarg/mycase/pkg/tax/tlh.go:192.2,193.25 2 1
github.com/raghavkgarg/mycase/pkg/tax/tlh.go:194.3,194.23 1 1
github.com/raghavkgarg/mycase/pkg/tax/tlh.go:195.4,195.12 1 0
github.com/raghavkgarg/mycase/pkg/tax/tlh.go:197.3,197.62 1 1
github.com/raghavkgarg/mycase/pkg/tax/tlh.go:200.2,201.29 2 1
github.com/raghavkgarg/mycase/pkg/tax/tlh.go:202.3,202.18 1 1
github.com/raghavkgarg/mycase/pkg/tax/tlh.go:203.4,203.12 1 1
github.com/raghavkgarg/mycase/pkg/tax/tlh.go:205.3,205.41 1 1
github.com/raghavkgarg/mycase/pkg/tax/tlh.go:206.4,207.25 2 1
github.com/raghavkgarg/mycase/pkg/tax/tlh.go:208.5,215.10 2 1
github.com/raghavkgarg/mycase/pkg/tax/tlh.go:219.2,219.19 1 1
github.com/raghavkgarg/mycase/pkg/tax/tlh.go:238.2,239.29 2 1
github.com/raghavkgarg/mycase/pkg/tax/tlh.go:240.3,240.48 1 1
github.com/raghavkgarg/mycase/pkg/tax/tlh.go:241.4,241.12 1 1
github.com/raghavkgarg/mycase/pkg/tax/tlh.go:243.3,244.10 2 1
github.com/raghavkgarg/mycase/pkg/tax/tlh.go:246.4,246.28 1 1
github.com/raghavkgarg/mycase/pkg/tax/tlh.go:248.4,248.28 1 1
github.com/raghavkgarg/mycase/pkg/tax/tlh.go:250.4,250.29 1 1
github.com/raghavkgarg/mycase/pkg/tax/tlh.go:252.4,252.29 1 1
github.com/raghavkgarg/mycase/pkg/tax/tlh.go:255.2,259.10 5 1
github.com/raghavkgarg/mycase/pkg/tax/tlh.go:263.2,264.11 2 1
github.com/raghavkgarg/mycase/pkg/tax/tlh.go:265.3,266.1 1 1
github.com/raghavkgarg/mycase/pkg/tax/tlh.go:267.2,267.28 1 1
github.com/raghavkgarg/mycase/pkg/tax/tlh.go:271.2,272.16 2 1
github.com/raghavkgarg/mycase/pkg/tax/tlh.go:273.3,274.1 1 1
github.com/raghavkgarg/mycase/pkg/tax/tlh.go:275.2,277.24 2 1
github.com/raghavkgarg/mycase/pkg/tax/tlh.go:278.3,279.1 1 1
github.com/raghavkgarg/mycase/pkg/tax/tlh.go:280.2,280.20 1 1
github.com/raghavkgarg/mycase/pkg/tax/tlh.go:281.3,282.1 1 1
github.com/raghavkgarg/mycase/pkg/tax/tlh.go:283.2,283.13 1 1
github.com/raghavkgarg/mycase/pkg/themedb/db.go:108.2,108.24 1 1
github.com/raghavkgarg/mycase/pkg/themedb/db.go:109.3,110.1 1 1
github.com/raghavkgarg/mycase/pkg/themedb/db.go:111.2,111.54 1 0
github.com/raghavkgarg/mycase/pkg/themedb/db.go:112.3,113.1 1 0
github.com/raghavkgarg/mycase/pkg/themedb/db.go:114.2,118.1 2 0
github.com/raghavkgarg/mycase/pkg/themedb/db.go:119.2,119.31 2 0
github.com/raghavkgarg/mycase/pkg/themedb/db.go:120.3,120.39 1 0
github.com/raghavkgarg/mycase/pkg/themedb/db.go:121.4,122.1 1 0
github.com/raghavkgarg/mycase/pkg/themedb/db.go:124.2,124.22 1 0
github.com/raghavkgarg/mycase/pkg/themedb/db.go:129.2,130.134 2 1
github.com/raghavkgarg/mycase/pkg/themedb/db.go:131.3,132.62 2 0
github.com/raghavkgarg/mycase/pkg/themedb/db.go:133.4,134.1 1 0
github.com/raghavkgarg/mycase/pkg/themedb/db.go:135.3,135.18 1 0
github.com/raghavkgarg/mycase/pkg/themedb/db.go:138.2,138.66 1 1
github.com/raghavkgarg/mycase/pkg/themedb/db.go:139.3,140.1 1 0
github.com/raghavkgarg/mycase/pkg/themedb/db.go:142.2,143.16 2 1
github.com/raghavkgarg/mycase/pkg/themedb/db.go:144.3,145.1 1 0
github.com/raghavkgarg/mycase/pkg/themedb/db.go:146.2,148.1 3 1
github.com/raghavkgarg/mycase/pkg/themedb/db.go:149.2,149.34 3 1
github.com/raghavkgarg/mycase/pkg/themedb/db.go:150.3,152.1 2 0
github.com/raghavkgarg/mycase/pkg/themedb/db.go:154.2,155.65 2 1
github.com/raghavkgarg/mycase/pkg/themedb/db.go:156.3,158.1 2 0
github.com/raghavkgarg/mycase/pkg/themedb/db.go:160.2,160.21 1 1
github.com/raghavkgarg/mycase/pkg/themedb/db.go:165.2,165.29 1 1
github.com/raghavkgarg/mycase/pkg/themedb/db.go:166.3,167.1 1 1
github.com/raghavkgarg/mycase/pkg/themedb/db.go:168.2,168.12 1 0
github.com/raghavkgarg/mycase/pkg/themedb/db.go:173.2,175.1 2 1
github.com/raghavkgarg/mycase/pkg/themedb/db.go:179.2,180.16 2 1
github.com/raghavkgarg/mycase/pkg/themedb/db.go:181.3,182.1 1 0
github.com/raghavkgarg/mycase/pkg/themedb/db.go:183.2,184.1 2 1
github.com/raghavkgarg/mycase/pkg/themedb/db.go:185.2,185.20 2 1
github.com/raghavkgarg/mycase/pkg/themedb/db.go:186.3,187.1 1 0
github.com/raghavkgarg/mycase/pkg/themedb/db.go:188.2,188.26 1 1
github.com/raghavkgarg/mycase/pkg/themedb/db.go:189.3,190.1 1 0
github.com/raghavkgarg/mycase/pkg/themedb/db.go:193.2,201.51 3 1
github.com/raghavkgarg/mycase/pkg/themedb/db.go:202.3,203.1 1 0
github.com/raghavkgarg/mycase/pkg/themedb/db.go:205.2,211.16 3 1
github.com/raghavkgarg/mycase/pkg/themedb/db.go:212.3,213.1 1 0
github.com/raghavkgarg/mycase/pkg/themedb/db.go:216.2,224.27 2 1
github.com/raghavkgarg/mycase/pkg/themedb/db.go:225.3,226.19 2 1
github.com/raghavkgarg/mycase/pkg/themedb/db.go:227.4,227.28 1 0
github.com/raghavkgarg/mycase/pkg/themedb/db.go:228.5,229.1 1 0
github.com/raghavkgarg/mycase/pkg/themedb/db.go:229.11,229.33 1 0
github.com/raghavkgarg/mycase/pkg/themedb/db.go:230.5,231.1 1 0
github.com/raghavkgarg/mycase/pkg/themedb/db.go:231.11,231.47 1 0
github.com/raghavkgarg/mycase/pkg/themedb/db.go:232.5,233.1 1 0
github.com/raghavkgarg/mycase/pkg/themedb/db.go:234.5,235.1 1 0
github.com/raghavkgarg/mycase/pkg/themedb/db.go:238.3,239.23 2 1
github.com/raghavkgarg/mycase/pkg/themedb/db.go:240.4,241.1 1 1
github.com/raghavkgarg/mycase/pkg/themedb/db.go:242.3,243.20 2 1
github.com/raghavkgarg/mycase/pkg/themedb/db.go:244.4,245.1 1 1
github.com/raghavkgarg/mycase/pkg/themedb/db.go:247.3,254.17 3 1
github.com/raghavkgarg/mycase/pkg/themedb/db.go:255.4,256.1 1 0
github.com/raghavkgarg/mycase/pkg/themedb/db.go:259.2,259.20 1 1
github.com/raghavkgarg/mycase/pkg/themedb/db.go:264.2,270.37 3 1
github.com/raghavkgarg/mycase/pkg/themedb/db.go:271.3,272.1 1 0
github.com/raghavkgarg/mycase/pkg/themedb/db.go:273.2,273.15 1 1
github.com/raghavkgarg/mycase/pkg/themedb/db.go:278.2,279.16 2 1
github.com/raghavkgarg/mycase/pkg/themedb/db.go:280.3,281.1 1 0
github.com/raghavkgarg/mycase/pkg/themedb/db.go:282.2,282.19 1 1
github.com/raghavkgarg/mycase/pkg/themedb/db.go:287.2,306.16 3 1
github.com/raghavkgarg/mycase/pkg/themedb/db.go:307.3,308.1 1 0
github.com/raghavkgarg/mycase/pkg/themedb/db.go:309.2,310.1 3 1
github.com/raghavkgarg/mycase/pkg/themedb/db.go:311.2,312.18 3 1
github.com/raghavkgarg/mycase/pkg/themedb/db.go:313.3,321.17 2 1
github.com/raghavkgarg/mycase/pkg/themedb/db.go:322.4,323.1 1 0
github.com/raghavkgarg/mycase/pkg/themedb/db.go:324.3,324.28 1 1
github.com/raghavkgarg/mycase/pkg/themedb/db.go:326.2,326.26 1 1
github.com/raghavkgarg/mycase/pkg/themedb/db.go:332.2,356.16 3 1
github.com/raghavkgarg/mycase/pkg/themedb/db.go:357.3,358.1 1 0
github.com/raghavkgarg/mycase/pkg/themedb/db.go:359.2,360.1 4 1
github.com/raghavkgarg/mycase/pkg/themedb/db.go:361.2,363.18 4 1
github.com/raghavkgarg/mycase/pkg/themedb/db.go:364.3,372.17 2 1
github.com/raghavkgarg/mycase/pkg/themedb/db.go:373.4,374.1 1 0
github.com/raghavkgarg/mycase/pkg/themedb/db.go:375.3,375.23 1 1
github.com/raghavkgarg/mycase/pkg/themedb/db.go:376.4,378.1 2 1
github.com/raghavkgarg/mycase/pkg/themedb/db.go:380.2,380.26 1 1
github.com/raghavkgarg/mycase/pkg/themedb/db.go:385.2,396.16 3 0
github.com/raghavkgarg/mycase/pkg/themedb/db.go:397.3,398.1 1 0
github.com/raghavkgarg/mycase/pkg/themedb/db.go:399.2,400.1 3 0
github.com/raghavkgarg/mycase/pkg/themedb/db.go:401.2,402.18 3 0
github.com/raghavkgarg/mycase/pkg/themedb/db.go:403.3,409.17 3 0
github.com/raghavkgarg/mycase/pkg/themedb/db.go:410.4,411.1 1 0
github.com/raghavkgarg/mycase/pkg/themedb/db.go:412.3,412.21 1 0
github.com/raghavkgarg/mycase/pkg/themedb/db.go:413.4,414.1 1 0
github.com/raghavkgarg/mycase/pkg/themedb/db.go:415.3,415.37 1 0
github.com/raghavkgarg/mycase/pkg/themedb/db.go:417.2,417.31 1 0
github.com/raghavkgarg/mycase/pkg/themedb/db.go:423.2,424.16 2 0
github.com/raghavkgarg/mycase/pkg/themedb/db.go:425.3,426.1 1 0
github.com/raghavkgarg/mycase/pkg/themedb/db.go:428.2,430.1 4 0
github.com/raghavkgarg/mycase/pkg/themedb/db.go:432.2,433.16 4 0
github.com/raghavkgarg/mycase/pkg/themedb/db.go:434.3,435.1 1 0
github.com/raghavkgarg/mycase/pkg/themedb/db.go:438.2,439.17 2 0
github.com/raghavkgarg/mycase/pkg/themedb/db.go:440.3,441.17 2 0
github.com/raghavkgarg/mycase/pkg/themedb/db.go:442.4,442.35 1 0
github.com/raghavkgarg/mycase/pkg/themedb/db.go:443.5,444.1 1 0
github.com/raghavkgarg/mycase/pkg/themedb/db.go:448.2,449.25 2 0
github.com/raghavkgarg/mycase/pkg/themedb/db.go:450.3,451.1 1 0
github.com/raghavkgarg/mycase/pkg/themedb/db.go:452.2,452.30 1 0
github.com/raghavkgarg/mycase/pkg/themedb/db.go:453.3,454.1 1 0
github.com/raghavkgarg/mycase/pkg/themedb/db.go:456.2,458.1 3 0
github.com/raghavkgarg/mycase/pkg/themedb/db.go:459.2,459.28 3 0
github.com/raghavkgarg/mycase/pkg/themedb/db.go:460.3,462.1 4 0
github.com/raghavkgarg/mycase/pkg/themedb/db.go:463.3,464.24 4 0
github.com/raghavkgarg/mycase/pkg/themedb/db.go:465.4,467.1 2 0
github.com/raghavkgarg/mycase/pkg/themedb/db.go:467.10,467.31 1 0
github.com/raghavkgarg/mycase/pkg/themedb/db.go:468.4,470.1 2 0
github.com/raghavkgarg/mycase/pkg/themedb/db.go:470.10,470.42 1 0
github.com/raghavkgarg/mycase/pkg/themedb/db.go:471.4,472.15 2 0
github.com/raghavkgarg/mycase/pkg/themedb/db.go:473.5,474.1 1 0
github.com/raghavkgarg/mycase/pkg/themedb/db.go:475.10,475.32 1 0
github.com/raghavkgarg/mycase/pkg/themedb/db.go:476.4,476.12 1 0
github.com/raghavkgarg/mycase/pkg/themedb/db.go:479.3,487.5 1 0
github.com/raghavkgarg/mycase/pkg/themedb/db.go:490.2,499.1 2 0
github.com/raghavkgarg/mycase/pkg/themedb/db.go:501.2,501.49 2 0
github.com/raghavkgarg/mycase/pkg/themedb/migrate.go:132.2,132.23 1 0
github.com/raghavkgarg/mycase/pkg/themedb/migrate.go:133.3,134.1 1 0
github.com/raghavkgarg/mycase/pkg/themedb/migrate.go:135.2,135.21 1 0
github.com/raghavkgarg/mycase/pkg/themedb/migrate.go:136.3,137.1 1 0
github.com/raghavkgarg/mycase/pkg/themedb/migrate.go:140.2,140.59 1 0
github.com/raghavkgarg/mycase/pkg/themedb/migrate.go:141.3,142.1 1 0
github.com/raghavkgarg/mycase/pkg/themedb/migrate.go:143.2,143.57 1 0
github.com/raghavkgarg/mycase/pkg/themedb/migrate.go:144.3,145.1 1 0
github.com/raghavkgarg/mycase/pkg/themedb/migrate.go:147.2,148.1 2 0
github.com/raghavkgarg/mycase/pkg/themedb/migrate.go:150.2,150.48 2 0
github.com/raghavkgarg/mycase/pkg/themedb/migrate.go:151.3,152.63 2 0
github.com/raghavkgarg/mycase/pkg/themedb/migrate.go:153.4,154.1 1 0
github.com/raghavkgarg/mycase/pkg/themedb/migrate.go:156.3,164.1 2 0
github.com/raghavkgarg/mycase/pkg/themedb/migrate.go:166.3,166.35 2 0
github.com/raghavkgarg/mycase/pkg/themedb/migrate.go:167.4,168.60 2 0
github.com/raghavkgarg/mycase/pkg/themedb/migrate.go:169.5,169.56 1 0
github.com/raghavkgarg/mycase/pkg/themedb/migrate.go:170.6,170.14 1 0
github.com/raghavkgarg/mycase/pkg/themedb/migrate.go:172.5,173.61 2 0
github.com/raghavkgarg/mycase/pkg/themedb/migrate.go:176.4,183.6 3 0
github.com/raghavkgarg/mycase/pkg/themedb/migrate.go:186.3,186.45 1 0
github.com/raghavkgarg/mycase/pkg/themedb/migrate.go:190.2,190.46 1 0
github.com/raghavkgarg/mycase/pkg/themedb/migrate.go:191.3,192.63 2 0
github.com/raghavkgarg/mycase/pkg/themedb/migrate.go:193.4,194.1 1 0
github.com/raghavkgarg/mycase/pkg/themedb/migrate.go:196.3,199.1 2 0
github.com/raghavkgarg/mycase/pkg/themedb/migrate.go:201.3,201.33 2 0
github.com/raghavkgarg/mycase/pkg/themedb/migrate.go:202.4,203.60 2 0
github.com/raghavkgarg/mycase/pkg/themedb/migrate.go:204.5,204.56 1 0
github.com/raghavkgarg/mycase/pkg/themedb/migrate.go:205.6,205.14 1 0
github.com/raghavkgarg/mycase/pkg/themedb/migrate.go:207.5,208.65 2 0
github.com/raghavkgarg/mycase/pkg/themedb/migrate.go:211.4,218.6 3 0
github.com/raghavkgarg/mycase/pkg/themedb/migrate.go:221.3,221.43 1 0
github.com/raghavkgarg/mycase/pkg/themedb/migrate.go:225.2,233.1 6 0
github.com/raghavkgarg/mycase/pkg/themedb/migrate.go:234.2,241.1 6 0
github.com/raghavkgarg/mycase/pkg/themedb/migrate.go:242.2,242.21 6 0
github.com/raghavkgarg/mycase/pkg/themedb/migrate.go:247.2,248.16 2 0
github.com/raghavkgarg/mycase/pkg/themedb/migrate.go:249.3,250.1 1 0
github.com/raghavkgarg/mycase/pkg/themedb/migrate.go:251.2,252.1 3 0
github.com/raghavkgarg/mycase/pkg/themedb/migrate.go:253.2,254.18 3 0
github.com/raghavkgarg/mycase/pkg/themedb/migrate.go:255.3,256.41 2 0
github.com/raghavkgarg/mycase/pkg/themedb/migrate.go:257.4,258.1 1 0
github.com/raghavkgarg/mycase/pkg/themedb/migrate.go:259.3,259.31 1 0
github.com/raghavkgarg/mycase/pkg/themedb/migrate.go:261.2,261.35 1 0
github.com/raghavkgarg/mycase/pkg/themedb/migrate.go:262.3,263.1 1 0
github.com/raghavkgarg/mycase/pkg/themedb/migrate.go:264.2,265.1 3 0
github.com/raghavkgarg/mycase/pkg/themedb/migrate.go:266.2,267.29 3 0
github.com/raghavkgarg/mycase/pkg/themedb/migrate.go:268.3,269.108 2 0
github.com/raghavkgarg/mycase/pkg/themedb/migrate.go:270.4,276.1 1 0
github.com/raghavkgarg/mycase/pkg/themedb/migrate.go:278.2,278.19 1 0
github.com/raghavkgarg/mycase/pkg/themedb/sync.go:33.2,34.45 2 1
github.com/raghavkgarg/mycase/pkg/themedb/sync.go:35.3,36.1 1 1
github.com/raghavkgarg/mycase/pkg/themedb/sync.go:37.2,39.46 3 1
github.com/raghavkgarg/mycase/pkg/themedb/sync.go:44.2,45.16 2 1
github.com/raghavkgarg/mycase/pkg/themedb/sync.go:46.3,47.1 1 0
github.com/raghavkgarg/mycase/pkg/themedb/sync.go:48.2,49.1 4 1
github.com/raghavkgarg/mycase/pkg/themedb/sync.go:50.2,52.16 4 1
github.com/raghavkgarg/mycase/pkg/themedb/sync.go:53.3,54.1 1 0
github.com/raghavkgarg/mycase/pkg/themedb/sync.go:55.2,55.22 1 1
github.com/raghavkgarg/mycase/pkg/themedb/sync.go:56.3,57.1 1 0
github.com/raghavkgarg/mycase/pkg/themedb/sync.go:59.2,61.31 3 1
github.com/raghavkgarg/mycase/pkg/themedb/sync.go:62.3,63.45 2 1
github.com/raghavkgarg/mycase/pkg/themedb/sync.go:64.4,65.1 1 1
github.com/raghavkgarg/mycase/pkg/themedb/sync.go:65.10,65.31 1 1
github.com/raghavkgarg/mycase/pkg/themedb/sync.go:66.4,67.1 1 1
github.com/raghavkgarg/mycase/pkg/themedb/sync.go:69.2,69.21 1 1
github.com/raghavkgarg/mycase/pkg/themedb/sync.go:70.3,71.1 1 0
github.com/raghavkgarg/mycase/pkg/themedb/sync.go:73.2,74.36 2 1
github.com/raghavkgarg/mycase/pkg/themedb/sync.go:75.3,76.28 2 1
github.com/raghavkgarg/mycase/pkg/themedb/sync.go:77.4,77.12 1 0
github.com/raghavkgarg/mycase/pkg/themedb/sync.go:79.3,80.16 2 1
github.com/raghavkgarg/mycase/pkg/themedb/sync.go:81.4,81.12 1 0
github.com/raghavkgarg/mycase/pkg/themedb/sync.go:83.3,84.46 2 1
github.com/raghavkgarg/mycase/pkg/themedb/sync.go:85.4,85.87 1 1
github.com/raghavkgarg/mycase/pkg/themedb/sync.go:86.5,87.1 1 1
github.com/raghavkgarg/mycase/pkg/themedb/sync.go:89.3,89.20 1 1
github.com/raghavkgarg/mycase/pkg/themedb/sync.go:91.2,91.17 1 1
github.com/raghavkgarg/mycase/pkg/themedb/sync.go:97.2,97.26 1 1
github.com/raghavkgarg/mycase/pkg/themedb/sync.go:98.3,99.1 1 0
github.com/raghavkgarg/mycase/pkg/themedb/sync.go:100.2,100.29 1 1
github.com/raghavkgarg/mycase/pkg/themedb/sync.go:101.3,102.1 1 0
github.com/raghavkgarg/mycase/pkg/themedb/sync.go:103.2,103.24 1 1
github.com/raghavkgarg/mycase/pkg/themedb/sync.go:104.3,105.1 1 0
github.com/raghavkgarg/mycase/pkg/themedb/sync.go:108.2,109.16 2 1
github.com/raghavkgarg/mycase/pkg/themedb/sync.go:110.3,111.1 1 0
github.com/raghavkgarg/mycase/pkg/themedb/sync.go:114.2,115.28 2 1
github.com/raghavkgarg/mycase/pkg/themedb/sync.go:116.3,116.56 1 1
github.com/raghavkgarg/mycase/pkg/themedb/sync.go:117.4,117.12 1 0
github.com/raghavkgarg/mycase/pkg/themedb/sync.go:119.3,120.49 2 1
github.com/raghavkgarg/mycase/pkg/themedb/sync.go:121.4,121.12 1 0
github.com/raghavkgarg/mycase/pkg/themedb/sync.go:124.3,125.21 2 1
github.com/raghavkgarg/mycase/pkg/themedb/sync.go:126.4,126.12 1 0
github.com/raghavkgarg/mycase/pkg/themedb/sync.go:128.3,129.24 2 1
github.com/raghavkgarg/mycase/pkg/themedb/sync.go:130.4,130.12 1 0
github.com/raghavkgarg/mycase/pkg/themedb/sync.go:132.3,132.60 1 1
github.com/raghavkgarg/mycase/pkg/themedb/sync.go:133.4,133.12 1 0
github.com/raghavkgarg/mycase/pkg/themedb/sync.go:136.3,138.83 3 1
github.com/raghavkgarg/mycase/pkg/themedb/sync.go:139.4,140.1 1 1
github.com/raghavkgarg/mycase/pkg/themedb/sync.go:143.2,144.27 2 1
github.com/raghavkgarg/mycase/pkg/themedb/sync.go:145.3,146.1 1 1
github.com/raghavkgarg/mycase/pkg/themedb/sync.go:147.2,148.1 2 1
github.com/raghavkgarg/mycase/pkg/themedb/sync.go:149.2,149.49 2 1
github.com/raghavkgarg/mycase/pkg/themedb/sync.go:150.3,151.1 1 0
github.com/raghavkgarg/mycase/pkg/themedb/sync.go:154.2,155.29 2 1
github.com/raghavkgarg/mycase/pkg/themedb/sync.go:156.3,158.17 3 1
github.com/raghavkgarg/mycase/pkg/themedb/sync.go:159.4,159.12 1 0
github.com/raghavkgarg/mycase/pkg/themedb/sync.go:161.3,167.5 2 1
github.com/raghavkgarg/mycase/pkg/themedb/sync.go:171.2,171.30 1 1
github.com/raghavkgarg/mycase/pkg/themedb/sync.go:172.3,172.97 1 1
github.com/raghavkgarg/mycase/pkg/themedb/sync.go:173.4,181.1 3 1
github.com/raghavkgarg/mycase/pkg/themedb/sync.go:184.2,184.27 1 1
github.com/raghavkgarg/mycase/pkg/themedb/sync.go:185.3,186.1 1 0
github.com/raghavkgarg/mycase/pkg/themedb/sync.go:189.2,193.1 3 1
github.com/raghavkgarg/mycase/pkg/themedb/sync.go:194.2,195.1 3 1
github.com/raghavkgarg/mycase/pkg/themedb/sync.go:196.2,196.33 3 1
github.com/raghavkgarg/mycase/pkg/themedb/sync.go:197.3,197.13 1 1
github.com/raghavkgarg/mycase/pkg/themedb/sync.go:198.4,203.12 2 1
github.com/raghavkgarg/mycase/pkg/themedb/sync.go:206.3,208.1 4 1
github.com/raghavkgarg/mycase/pkg/themedb/sync.go:210.3,211.29 4 1
github.com/raghavkgarg/mycase/pkg/themedb/sync.go:212.4,213.1 1 1
github.com/raghavkgarg/mycase/pkg/themedb/sync.go:214.4,214.27 1 1
github.com/raghavkgarg/mycase/pkg/themedb/sync.go:215.5,215.48 1 1
github.com/raghavkgarg/mycase/pkg/themedb/sync.go:216.6,217.11 2 1
github.com/raghavkgarg/mycase/pkg/themedb/sync.go:222.3,222.13 1 1
github.com/raghavkgarg/mycase/pkg/themedb/sync.go:223.4,228.1 1 1
github.com/raghavkgarg/mycase/pkg/themedb/sync.go:232.2,233.1 2 1
github.com/raghavkgarg/mycase/pkg/themedb/sync.go:234.2,234.38 2 1
github.com/raghavkgarg/mycase/pkg/themedb/sync.go:235.3,236.1 5 1
github.com/raghavkgarg/mycase/pkg/themedb/sync.go:237.3,239.1 5 1
github.com/raghavkgarg/mycase/pkg/themedb/sync.go:241.3,242.32 5 1
github.com/raghavkgarg/mycase/pkg/themedb/sync.go:243.4,244.1 1 1
github.com/raghavkgarg/mycase/pkg/themedb/sync.go:245.3,245.32 1 1
github.com/raghavkgarg/mycase/pkg/themedb/sync.go:246.4,247.1 1 1
github.com/raghavkgarg/mycase/pkg/themedb/sync.go:249.3,250.1 2 1
github.com/raghavkgarg/mycase/pkg/themedb/sync.go:251.3,251.29 2 1
github.com/raghavkgarg/mycase/pkg/themedb/sync.go:252.4,254.1 4 1
github.com/raghavkgarg/mycase/pkg/themedb/sync.go:255.4,256.25 4 1
github.com/raghavkgarg/mycase/pkg/themedb/sync.go:257.5,259.1 2 1
github.com/raghavkgarg/mycase/pkg/themedb/sync.go:259.11,259.32 1 1
github.com/raghavkgarg/mycase/pkg/themedb/sync.go:260.5,262.1 2 1
github.com/raghavkgarg/mycase/pkg/themedb/sync.go:262.11,262.43 1 1
github.com/raghavkgarg/mycase/pkg/themedb/sync.go:263.5,264.16 2 1
github.com/raghavkgarg/mycase/pkg/themedb/sync.go:265.6,266.1 1 1
github.com/raghavkgarg/mycase/pkg/themedb/sync.go:267.11,267.33 1 0
github.com/raghavkgarg/mycase/pkg/themedb/sync.go:269.5,269.13 1 0
github.com/raghavkgarg/mycase/pkg/themedb/sync.go:272.4,280.6 1 1
github.com/raghavkgarg/mycase/pkg/themedb/sync.go:283.3,291.1 2 1
github.com/raghavkgarg/mycase/pkg/themedb/sync.go:293.3,293.66 2 1
github.com/raghavkgarg/mycase/pkg/themedb/sync.go:294.4,295.1 1 0
github.com/raghavkgarg/mycase/pkg/themedb/sync.go:298.3,299.35 2 1
github.com/raghavkgarg/mycase/pkg/themedb/sync.go:300.4,300.13 1 1
github.com/raghavkgarg/mycase/pkg/themedb/sync.go:301.5,302.1 1 1
github.com/raghavkgarg/mycase/pkg/themedb/sync.go:306.2,306.12 1 1
github.com/raghavkgarg/mycase/pkg/themereturn/db.go:66.2,72.1 2 1
github.com/raghavkgarg/mycase/pkg/themereturn/db.go:74.2,74.31 2 1
github.com/raghavkgarg/mycase/pkg/themereturn/db.go:75.3,75.33 1 1
github.com/raghavkgarg/mycase/pkg/themereturn/db.go:76.4,76.12 1 1
github.com/raghavkgarg/mycase/pkg/themereturn/db.go:78.3,79.63 2 1
github.com/raghavkgarg/mycase/pkg/themereturn/db.go:80.4,81.1 1 1
github.com/raghavkgarg/mycase/pkg/themereturn/db.go:84.2,84.101 1 0
github.com/raghavkgarg/mycase/pkg/themereturn/db.go:89.2,90.16 2 1
github.com/raghavkgarg/mycase/pkg/themereturn/db.go:91.3,92.1 1 0
github.com/raghavkgarg/mycase/pkg/themereturn/db.go:94.2,96.16 3 1
github.com/raghavkgarg/mycase/pkg/themereturn/db.go:97.3,98.1 1 0
github.com/raghavkgarg/mycase/pkg/themereturn/db.go:100.2,102.1 3 1
github.com/raghavkgarg/mycase/pkg/themereturn/db.go:103.2,106.8 3 1
github.com/raghavkgarg/mycase/pkg/themereturn/db.go:111.2,111.17 1 1
github.com/raghavkgarg/mycase/pkg/themereturn/db.go:112.3,113.1 1 1
github.com/raghavkgarg/mycase/pkg/themereturn/db.go:114.2,114.12 1 0
github.com/raghavkgarg/mycase/pkg/themereturn/db.go:119.2,120.1 1 0
github.com/raghavkgarg/mycase/pkg/themereturn/db.go:124.2,124.23 1 1
github.com/raghavkgarg/mycase/pkg/themereturn/db.go:125.3,126.1 1 0
github.com/raghavkgarg/mycase/pkg/themereturn/db.go:128.2,130.21 3 1
github.com/raghavkgarg/mycase/pkg/themereturn/db.go:131.3,132.1 1 1
github.com/raghavkgarg/mycase/pkg/themereturn/db.go:133.2,133.28 1 1
github.com/raghavkgarg/mycase/pkg/themereturn/db.go:134.3,136.1 2 1
github.com/raghavkgarg/mycase/pkg/themereturn/db.go:138.2,144.21 2 1
github.com/raghavkgarg/mycase/pkg/themereturn/db.go:145.3,146.1 1 1
github.com/raghavkgarg/mycase/pkg/themereturn/db.go:147.2,148.1 3 1
github.com/raghavkgarg/mycase/pkg/themereturn/db.go:149.2,150.16 3 1
github.com/raghavkgarg/mycase/pkg/themereturn/db.go:151.3,152.1 1 0
github.com/raghavkgarg/mycase/pkg/themereturn/db.go:153.2,154.1 3 1
github.com/raghavkgarg/mycase/pkg/themereturn/db.go:155.2,156.18 3 1
github.com/raghavkgarg/mycase/pkg/themereturn/db.go:157.3,161.17 2 1
github.com/raghavkgarg/mycase/pkg/themereturn/db.go:162.4,163.1 1 0
github.com/raghavkgarg/mycase/pkg/themereturn/db.go:164.3,164.30 1 1
github.com/raghavkgarg/mycase/pkg/themereturn/db.go:167.2,167.27 1 1
github.com/raghavkgarg/mycase/pkg/themereturn/db.go:172.2,172.23 1 1
github.com/raghavkgarg/mycase/pkg/themereturn/db.go:173.3,174.1 1 0
github.com/raghavkgarg/mycase/pkg/themereturn/db.go:176.2,178.21 3 1
github.com/raghavkgarg/mycase/pkg/themereturn/db.go:179.3,180.1 1 1
github.com/raghavkgarg/mycase/pkg/themereturn/db.go:181.2,181.28 1 1
github.com/raghavkgarg/mycase/pkg/themereturn/db.go:182.3,184.1 2 1
github.com/raghavkgarg/mycase/pkg/themereturn/db.go:186.2,192.21 2 1
github.com/raghavkgarg/mycase/pkg/themereturn/db.go:193.3,194.1 1 1
github.com/raghavkgarg/mycase/pkg/themereturn/db.go:195.2,196.1 3 1
github.com/raghavkgarg/mycase/pkg/themereturn/db.go:197.2,198.16 3 1
github.com/raghavkgarg/mycase/pkg/themereturn/db.go:199.3,200.1 1 0
github.com/raghavkgarg/mycase/pkg/themereturn/db.go:201.2,202.1 3 1
github.com/raghavkgarg/mycase/pkg/themereturn/db.go:203.2,204.18 3 1
github.com/raghavkgarg/mycase/pkg/themereturn/db.go:205.3,209.17 2 1
github.com/raghavkgarg/mycase/pkg/themereturn/db.go:210.4,211.1 1 0
github.com/raghavkgarg/mycase/pkg/themereturn/db.go:212.3,212.27 1 1
github.com/raghavkgarg/mycase/pkg/themereturn/db.go:215.2,215.25 1 1
github.com/raghavkgarg/mycase/pkg/themereturn/db.go:220.2,220.23 1 1
github.com/raghavkgarg/mycase/pkg/themereturn/db.go:221.3,222.1 1 0
github.com/raghavkgarg/mycase/pkg/themereturn/db.go:224.2,226.21 3 1
github.com/raghavkgarg/mycase/pkg/themereturn/db.go:227.3,228.1 1 1
github.com/raghavkgarg/mycase/pkg/themereturn/db.go:229.2,229.28 1 1
github.com/raghavkgarg/mycase/pkg/themereturn/db.go:230.3,232.1 2 1
github.com/raghavkgarg/mycase/pkg/themereturn/db.go:234.2,239.21 2 1
github.com/raghavkgarg/mycase/pkg/themereturn/db.go:240.3,241.1 1 1
github.com/raghavkgarg/mycase/pkg/themereturn/db.go:242.2,243.1 3 1
github.com/raghavkgarg/mycase/pkg/themereturn/db.go:244.2,245.16 3 1
github.com/raghavkgarg/mycase/pkg/themereturn/db.go:246.3,247.1 1 0
github.com/raghavkgarg/mycase/pkg/themereturn/db.go:248.2,249.1 3 1
github.com/raghavkgarg/mycase/pkg/themereturn/db.go:250.2,251.18 3 1
github.com/raghavkgarg/mycase/pkg/themereturn/db.go:252.3,256.17 2 1
github.com/raghavkgarg/mycase/pkg/themereturn/db.go:257.4,258.1 1 0
github.com/raghavkgarg/mycase/pkg/themereturn/db.go:259.3,259.27 1 1
github.com/raghavkgarg/mycase/pkg/themereturn/db.go:262.2,262.25 1 1
github.com/raghavkgarg/mycase/pkg/themereturn/db.go:267.2,274.16 3 1
github.com/raghavkgarg/mycase/pkg/themereturn/db.go:275.3,276.1 1 0
github.com/raghavkgarg/mycase/pkg/themereturn/db.go:277.2,278.1 3 1
github.com/raghavkgarg/mycase/pkg/themereturn/db.go:279.2,280.18 3 1
github.com/raghavkgarg/mycase/pkg/themereturn/db.go:281.3,282.82 2 1
github.com/raghavkgarg/mycase/pkg/themereturn/db.go:283.4,284.1 1 0
github.com/raghavkgarg/mycase/pkg/themereturn/db.go:285.3,285.30 1 1
github.com/raghavkgarg/mycase/pkg/themereturn/db.go:288.2,288.27 1 1
github.com/raghavkgarg/mycase/pkg/themereturn/engine.go:17.2,19.21 3 1
github.com/raghavkgarg/mycase/pkg/themereturn/engine.go:20.3,21.1 1 0
github.com/raghavkgarg/mycase/pkg/themereturn/engine.go:23.2,29.1 2 1
github.com/raghavkgarg/mycase/pkg/themereturn/engine.go:30.2,30.32 2 1
github.com/raghavkgarg/mycase/pkg/themereturn/engine.go:31.3,32.1 1 0
github.com/raghavkgarg/mycase/pkg/themereturn/engine.go:35.2,36.43 2 1
github.com/raghavkgarg/mycase/pkg/themereturn/engine.go:37.3,38.1 1 1
github.com/raghavkgarg/mycase/pkg/themereturn/engine.go:39.2,39.40 1 1
github.com/raghavkgarg/mycase/pkg/themereturn/engine.go:40.3,41.1 1 1
github.com/raghavkgarg/mycase/pkg/themereturn/engine.go:42.2,42.40 1 1
github.com/raghavkgarg/mycase/pkg/themereturn/engine.go:43.3,44.1 1 1
github.com/raghavkgarg/mycase/pkg/themereturn/engine.go:45.2,46.31 2 1
github.com/raghavkgarg/mycase/pkg/themereturn/engine.go:47.3,48.1 1 1
github.com/raghavkgarg/mycase/pkg/themereturn/engine.go:50.2,51.16 2 1
github.com/raghavkgarg/mycase/pkg/themereturn/engine.go:52.3,53.1 1 0
github.com/raghavkgarg/mycase/pkg/themereturn/engine.go:55.2,56.16 2 1
github.com/raghavkgarg/mycase/pkg/themereturn/engine.go:57.3,58.1 1 0
github.com/raghavkgarg/mycase/pkg/themereturn/engine.go:60.2,61.16 2 1
github.com/raghavkgarg/mycase/pkg/themereturn/engine.go:62.3,63.1 1 0
github.com/raghavkgarg/mycase/pkg/themereturn/engine.go:66.2,67.27 2 1
github.com/raghavkgarg/mycase/pkg/themereturn/engine.go:68.3,69.1 1 1
github.com/raghavkgarg/mycase/pkg/themereturn/engine.go:71.2,72.32 2 1
github.com/raghavkgarg/mycase/pkg/themereturn/engine.go:73.3,74.1 1 1
github.com/raghavkgarg/mycase/pkg/themereturn/engine.go:76.2,77.30 2 1
github.com/raghavkgarg/mycase/pkg/themereturn/engine.go:78.3,79.1 1 1
github.com/raghavkgarg/mycase/pkg/themereturn/engine.go:82.2,83.42 2 1
github.com/raghavkgarg/mycase/pkg/themereturn/engine.go:84.3,84.38 1 1
github.com/raghavkgarg/mycase/pkg/themereturn/engine.go:85.4,85.58 1 1
github.com/raghavkgarg/mycase/pkg/themereturn/engine.go:86.5,86.78 1 1
github.com/raghavkgarg/mycase/pkg/themereturn/engine.go:87.6,88.1 1 1
github.com/raghavkgarg/mycase/pkg/themereturn/engine.go:94.2,96.1 3 1
github.com/raghavkgarg/mycase/pkg/themereturn/engine.go:97.2,97.42 3 1
github.com/raghavkgarg/mycase/pkg/themereturn/engine.go:98.3,100.1 5 1
github.com/raghavkgarg/mycase/pkg/themereturn/engine.go:102.3,104.29 5 1
github.com/raghavkgarg/mycase/pkg/themereturn/engine.go:105.4,105.28 1 1
github.com/raghavkgarg/mycase/pkg/themereturn/engine.go:106.5,107.1 1 1
github.com/raghavkgarg/mycase/pkg/themereturn/engine.go:107.11,107.36 1 1
github.com/raghavkgarg/mycase/pkg/themereturn/engine.go:108.5,109.1 1 1
github.com/raghavkgarg/mycase/pkg/themereturn/engine.go:111.3,112.1 2 1
github.com/raghavkgarg/mycase/pkg/themereturn/engine.go:113.3,113.22 2 1
github.com/raghavkgarg/mycase/pkg/themereturn/engine.go:115.4,115.19 1 0
github.com/raghavkgarg/mycase/pkg/themereturn/engine.go:116.5,117.1 1 0
github.com/raghavkgarg/mycase/pkg/themereturn/engine.go:118.4,118.12 1 0
github.com/raghavkgarg/mycase/pkg/themereturn/engine.go:121.3,127.1 8 1
github.com/raghavkgarg/mycase/pkg/themereturn/engine.go:129.3,130.29 8 1
github.com/raghavkgarg/mycase/pkg/themereturn/engine.go:131.4,131.28 1 1
github.com/raghavkgarg/mycase/pkg/themereturn/engine.go:132.5,132.13 1 1
github.com/raghavkgarg/mycase/pkg/themereturn/engine.go:134.4,135.24 2 1
github.com/raghavkgarg/mycase/pkg/themereturn/engine.go:136.5,136.28 1 1
github.com/raghavkgarg/mycase/pkg/themereturn/engine.go:137.6,138.14 2 0
github.com/raghavkgarg/mycase/pkg/themereturn/engine.go:140.5,141.21 2 1
github.com/raghavkgarg/mycase/pkg/themereturn/engine.go:144.4,145.22 2 1
github.com/raghavkgarg/mycase/pkg/themereturn/engine.go:146.5,147.1 1 1
github.com/raghavkgarg/mycase/pkg/themereturn/engine.go:148.4,150.1 3 1
github.com/raghavkgarg/mycase/pkg/themereturn/engine.go:151.4,151.71 3 1
github.com/raghavkgarg/mycase/pkg/themereturn/engine.go:152.5,153.1 1 1
github.com/raghavkgarg/mycase/pkg/themereturn/engine.go:154.4,154.66 1 1
github.com/raghavkgarg/mycase/pkg/themereturn/engine.go:155.5,156.1 1 1
github.com/raghavkgarg/mycase/pkg/themereturn/engine.go:158.4,165.1 3 1
github.com/raghavkgarg/mycase/pkg/themereturn/engine.go:166.4,173.6 3 1
github.com/raghavkgarg/mycase/pkg/themereturn/engine.go:176.3,176.18 1 1
github.com/raghavkgarg/mycase/pkg/themereturn/engine.go:178.4,178.12 1 0
github.com/raghavkgarg/mycase/pkg/themereturn/engine.go:181.3,181.80 1 1
github.com/raghavkgarg/mycase/pkg/themereturn/engine.go:182.4,183.1 1 0
github.com/raghavkgarg/mycase/pkg/themereturn/engine.go:185.3,187.22 3 1
github.com/raghavkgarg/mycase/pkg/themereturn/engine.go:188.4,189.1 1 1
github.com/raghavkgarg/mycase/pkg/themereturn/engine.go:190.3,193.1 5 1
github.com/raghavkgarg/mycase/pkg/themereturn/engine.go:195.3,196.27 5 1
github.com/raghavkgarg/mycase/pkg/themereturn/engine.go:197.4,206.1 3 1
github.com/raghavkgarg/mycase/pkg/themereturn/engine.go:209.3,213.1 11 1
github.com/raghavkgarg/mycase/pkg/themereturn/engine.go:214.3,215.1 11 1
github.com/raghavkgarg/mycase/pkg/themereturn/engine.go:216.3,217.1 11 1
github.com/raghavkgarg/mycase/pkg/themereturn/engine.go:219.3,221.1 11 1
github.com/raghavkgarg/mycase/pkg/themereturn/engine.go:222.3,242.1 11 1
github.com/raghavkgarg/mycase/pkg/themereturn/engine.go:244.3,248.37 11 1
github.com/raghavkgarg/mycase/pkg/themereturn/engine.go:251.2,253.1 4 1
github.com/raghavkgarg/mycase/pkg/themereturn/engine.go:254.2,255.36 4 1
github.com/raghavkgarg/mycase/pkg/themereturn/engine.go:256.3,259.1 3 1
github.com/raghavkgarg/mycase/pkg/themereturn/engine.go:262.2,266.1 2 1
github.com/raghavkgarg/mycase/pkg/themereturn/engine.go:267.2,267.61 2 1
github.com/raghavkgarg/mycase/pkg/themereturn/engine.go:268.3,269.1 1 1
github.com/raghavkgarg/mycase/pkg/themereturn/engine.go:272.2,275.1 9 1
github.com/raghavkgarg/mycase/pkg/themereturn/engine.go:277.2,282.1 9 1
github.com/raghavkgarg/mycase/pkg/themereturn/engine.go:284.2,284.37 9 1
github.com/raghavkgarg/mycase/pkg/themereturn/engine.go:285.3,285.21 1 1
github.com/raghavkgarg/mycase/pkg/themereturn/engine.go:286.4,287.1 1 1
github.com/raghavkgarg/mycase/pkg/themereturn/engine.go:291.2,293.42 3 1
github.com/raghavkgarg/mycase/pkg/themereturn/engine.go:294.3,294.22 1 1
github.com/raghavkgarg/mycase/pkg/themereturn/engine.go:295.4,297.1 2 1
github.com/raghavkgarg/mycase/pkg/themereturn/engine.go:299.2,299.40 1 1
github.com/raghavkgarg/mycase/pkg/themereturn/engine.go:300.3,300.22 1 0
github.com/raghavkgarg/mycase/pkg/themereturn/engine.go:301.4,303.1 2 0
github.com/raghavkgarg/mycase/pkg/themereturn/engine.go:306.2,306.39 1 1
github.com/raghavkgarg/mycase/pkg/themereturn/engine.go:307.3,310.1 4 1
github.com/raghavkgarg/mycase/pkg/themereturn/engine.go:311.3,311.45 4 1
github.com/raghavkgarg/mycase/pkg/themereturn/engine.go:312.4,312.12 1 1
github.com/raghavkgarg/mycase/pkg/themereturn/engine.go:315.3,320.1 7 1
github.com/raghavkgarg/mycase/pkg/themereturn/engine.go:321.3,322.29 7 1
github.com/raghavkgarg/mycase/pkg/themereturn/engine.go:324.4,324.78 1 1
github.com/raghavkgarg/mycase/pkg/themereturn/engine.go:325.5,325.13 1 1
github.com/raghavkgarg/mycase/pkg/themereturn/engine.go:328.4,329.23 2 1
github.com/raghavkgarg/mycase/pkg/themereturn/engine.go:331.5,336.58 3 1
github.com/raghavkgarg/mycase/pkg/themereturn/engine.go:337.6,338.1 1 1
github.com/raghavkgarg/mycase/pkg/themereturn/engine.go:340.5,347.57 5 1
github.com/raghavkgarg/mycase/pkg/themereturn/engine.go:348.6,349.1 1 1
github.com/raghavkgarg/mycase/pkg/themereturn/engine.go:353.3,353.38 1 1
github.com/raghavkgarg/mycase/pkg/themereturn/engine.go:355.4,355.12 1 1
github.com/raghavkgarg/mycase/pkg/themereturn/engine.go:358.3,361.1 5 1
github.com/raghavkgarg/mycase/pkg/themereturn/engine.go:362.3,363.30 5 1
github.com/raghavkgarg/mycase/pkg/themereturn/engine.go:364.4,365.1 1 1
github.com/raghavkgarg/mycase/pkg/themereturn/engine.go:367.3,367.42 1 1
github.com/raghavkgarg/mycase/pkg/themereturn/engine.go:368.4,369.1 1 0
github.com/raghavkgarg/mycase/pkg/themereturn/engine.go:370.3,371.1 3 1
github.com/raghavkgarg/mycase/pkg/themereturn/engine.go:372.3,373.27 3 1
github.com/raghavkgarg/mycase/pkg/themereturn/engine.go:374.4,380.1 3 1
github.com/raghavkgarg/mycase/pkg/themereturn/engine.go:382.3,384.21 3 1
github.com/raghavkgarg/mycase/pkg/themereturn/engine.go:385.4,386.1 1 1
github.com/raghavkgarg/mycase/pkg/themereturn/engine.go:388.3,400.5 1 1
github.com/raghavkgarg/mycase/pkg/themereturn/engine.go:403.2,409.1 7 1
github.com/raghavkgarg/mycase/pkg/themereturn/engine.go:410.2,410.28 7 1
github.com/raghavkgarg/mycase/pkg/themereturn/engine.go:411.3,413.1 2 1
github.com/raghavkgarg/mycase/pkg/themereturn/engine.go:416.2,420.1 2 1
github.com/raghavkgarg/mycase/pkg/themereturn/engine.go:421.2,421.64 2 1
github.com/raghavkgarg/mycase/pkg/themereturn/engine.go:422.3,423.1 1 1
github.com/raghavkgarg/mycase/pkg/themereturn/engine.go:425.2,428.1 4 1
github.com/raghavkgarg/mycase/pkg/themereturn/engine.go:430.2,430.64 4 1
github.com/raghavkgarg/mycase/pkg/themereturn/engine.go:431.3,432.38 2 1
github.com/raghavkgarg/mycase/pkg/themereturn/engine.go:433.4,433.43 1 1
github.com/raghavkgarg/mycase/pkg/themereturn/engine.go:434.5,435.1 1 1
github.com/raghavkgarg/mycase/pkg/themereturn/engine.go:436.4,440.18 5 1
github.com/raghavkgarg/mycase/pkg/themereturn/engine.go:441.5,443.1 3 1
github.com/raghavkgarg/mycase/pkg/themereturn/engine.go:444.5,445.1 3 1
github.com/raghavkgarg/mycase/pkg/themereturn/engine.go:450.2,450.57 1 1
github.com/raghavkgarg/mycase/pkg/themereturn/engine.go:451.3,452.1 1 1
github.com/raghavkgarg/mycase/pkg/themereturn/engine.go:455.2,455.57 1 1
github.com/raghavkgarg/mycase/pkg/themereturn/engine.go:456.3,457.1 1 1
github.com/raghavkgarg/mycase/pkg/themereturn/engine.go:459.2,459.20 1 1
github.com/raghavkgarg/mycase/pkg/themereturn/engine.go:464.2,465.12 2 1
github.com/raghavkgarg/mycase/pkg/themereturn/engine.go:466.3,467.1 1 0
github.com/raghavkgarg/mycase/pkg/themereturn/engine.go:469.2,471.1 3 1
github.com/raghavkgarg/mycase/pkg/themereturn/engine.go:472.2,472.31 3 1
github.com/raghavkgarg/mycase/pkg/themereturn/engine.go:473.3,473.55 1 1
github.com/raghavkgarg/mycase/pkg/themereturn/engine.go:474.4,474.12 1 1
github.com/raghavkgarg/mycase/pkg/themereturn/engine.go:476.3,478.26 3 1
github.com/raghavkgarg/mycase/pkg/themereturn/engine.go:481.2,483.13 3 1
github.com/raghavkgarg/mycase/pkg/themereturn/engine.go:484.3,485.1 1 0
github.com/raghavkgarg/mycase/pkg/themereturn/engine.go:487.2,489.1 3 1
github.com/raghavkgarg/mycase/pkg/themereturn/engine.go:490.2,490.37 3 1
github.com/raghavkgarg/mycase/pkg/themereturn/engine.go:491.3,491.20 1 1
github.com/raghavkgarg/mycase/pkg/themereturn/engine.go:492.4,492.12 1 1
github.com/raghavkgarg/mycase/pkg/themereturn/engine.go:494.3,498.14 5 1
github.com/raghavkgarg/mycase/pkg/themereturn/engine.go:499.4,500.1 1 0
github.com/raghavkgarg/mycase/pkg/themereturn/engine.go:501.3,502.24 2 1
github.com/raghavkgarg/mycase/pkg/themereturn/engine.go:505.2,507.16 3 1
github.com/raghavkgarg/mycase/pkg/themereturn/engine.go:508.3,509.1 1 0
github.com/raghavkgarg/mycase/pkg/themereturn/engine.go:511.2,513.15 3 1
github.com/raghavkgarg/mycase/pkg/themereturn/engine.go:514.3,515.1 1 1
github.com/raghavkgarg/mycase/pkg/themereturn/engine.go:517.2,517.27 1 1
github.com/raghavkgarg/mycase/pkg/themereturn/matcher.go:31.2,32.1 1 1
github.com/raghavkgarg/mycase/pkg/themereturn/matcher.go:36.2,36.13 1 1
github.com/raghavkgarg/mycase/pkg/themereturn/matcher.go:37.3,38.1 1 0
github.com/raghavkgarg/mycase/pkg/themereturn/matcher.go:39.2,39.38 1 1
github.com/raghavkgarg/mycase/pkg/themereturn/matcher.go:40.3,41.1 1 0
github.com/raghavkgarg/mycase/pkg/themereturn/matcher.go:42.2,43.14 2 1
github.com/raghavkgarg/mycase/pkg/themereturn/matcher.go:44.3,45.43 2 1
github.com/raghavkgarg/mycase/pkg/themereturn/matcher.go:46.4,47.1 1 0
github.com/raghavkgarg/mycase/pkg/themereturn/matcher.go:49.2,49.10 1 1
github.com/raghavkgarg/mycase/pkg/themereturn/matcher.go:54.2,54.28 1 1
github.com/raghavkgarg/mycase/pkg/themereturn/matcher.go:55.3,56.1 1 0
github.com/raghavkgarg/mycase/pkg/themereturn/matcher.go:57.2,58.1 3 1
github.com/raghavkgarg/mycase/pkg/themereturn/matcher.go:59.2,60.16 3 1
github.com/raghavkgarg/mycase/pkg/themereturn/matcher.go:61.3,62.1 1 0
github.com/raghavkgarg/mycase/pkg/themereturn/matcher.go:64.2,66.1 3 1
github.com/raghavkgarg/mycase/pkg/themereturn/matcher.go:68.2,68.23 3 1
github.com/raghavkgarg/mycase/pkg/themereturn/matcher.go:69.3,69.35 1 0
github.com/raghavkgarg/mycase/pkg/themereturn/matcher.go:70.4,70.82 1 0
github.com/raghavkgarg/mycase/pkg/themereturn/matcher.go:71.5,74.10 4 0
github.com/raghavkgarg/mycase/pkg/themereturn/matcher.go:77.3,77.27 1 0
github.com/raghavkgarg/mycase/pkg/themereturn/matcher.go:78.4,82.1 1 0
github.com/raghavkgarg/mycase/pkg/themereturn/matcher.go:84.9,84.27 1 1
github.com/raghavkgarg/mycase/pkg/themereturn/matcher.go:85.3,90.1 6 1
github.com/raghavkgarg/mycase/pkg/themereturn/matcher.go:91.3,91.35 6 1
github.com/raghavkgarg/mycase/pkg/themereturn/matcher.go:92.4,95.1 4 1
github.com/raghavkgarg/mycase/pkg/themereturn/matcher.go:96.4,98.43 4 1
github.com/raghavkgarg/mycase/pkg/themereturn/matcher.go:99.5,102.10 4 1
github.com/raghavkgarg/mycase/pkg/themereturn/matcher.go:107.2,107.26 1 1
github.com/raghavkgarg/mycase/pkg/themereturn/matcher.go:109.3,109.35 1 0
github.com/raghavkgarg/mycase/pkg/themereturn/matcher.go:110.4,110.64 1 0
github.com/raghavkgarg/mycase/pkg/themereturn/matcher.go:111.5,114.10 4 0
github.com/raghavkgarg/mycase/pkg/themereturn/matcher.go:119.2,119.26 1 1
github.com/raghavkgarg/mycase/pkg/themereturn/matcher.go:120.3,121.1 1 0
github.com/raghavkgarg/mycase/pkg/themereturn/matcher.go:124.2,125.20 2 1
github.com/raghavkgarg/mycase/pkg/themereturn/matcher.go:126.3,126.35 1 1
github.com/raghavkgarg/mycase/pkg/themereturn/matcher.go:127.4,128.61 2 1
github.com/raghavkgarg/mycase/pkg/themereturn/matcher.go:129.5,129.25 1 0
github.com/raghavkgarg/mycase/pkg/themereturn/matcher.go:130.6,131.1 1 0
github.com/raghavkgarg/mycase/pkg/themereturn/matcher.go:137.2,138.46 2 1
github.com/raghavkgarg/mycase/pkg/themereturn/matcher.go:139.3,142.53 4 1
github.com/raghavkgarg/mycase/pkg/themereturn/matcher.go:143.4,143.62 1 0
github.com/raghavkgarg/mycase/pkg/themereturn/matcher.go:144.5,145.1 1 0
github.com/raghavkgarg/mycase/pkg/themereturn/matcher.go:147.3,147.52 1 1
github.com/raghavkgarg/mycase/pkg/themereturn/matcher.go:148.4,150.55 3 1
github.com/raghavkgarg/mycase/pkg/themereturn/matcher.go:151.5,155.1 5 1
github.com/raghavkgarg/mycase/pkg/themereturn/matcher.go:156.5,156.33 5 1
github.com/raghavkgarg/mycase/pkg/themereturn/matcher.go:157.6,158.28 2 1
github.com/raghavkgarg/mycase/pkg/themereturn/matcher.go:159.7,162.1 3 1
github.com/raghavkgarg/mycase/pkg/themereturn/matcher.go:164.5,164.33 1 1
github.com/raghavkgarg/mycase/pkg/themereturn/matcher.go:165.6,166.65 2 1
github.com/raghavkgarg/mycase/pkg/themereturn/matcher.go:167.7,169.1 2 1
github.com/raghavkgarg/mycase/pkg/themereturn/matcher.go:172.5,180.11 1 1
github.com/raghavkgarg/mycase/pkg/themereturn/matcher.go:185.2,186.1 3 0
github.com/raghavkgarg/mycase/pkg/themereturn/matcher.go:188.2,189.16 3 0
github.com/raghavkgarg/mycase/pkg/themereturn/matcher.go:190.3,191.1 1 0
github.com/raghavkgarg/mycase/pkg/themereturn/matcher.go:193.2,195.1 4 0
github.com/raghavkgarg/mycase/pkg/themereturn/matcher.go:197.2,198.1 4 0
github.com/raghavkgarg/mycase/pkg/themereturn/matcher.go:200.2,200.44 4 0
github.com/raghavkgarg/mycase/pkg/themereturn/matcher.go:201.3,204.31 4 0
github.com/raghavkgarg/mycase/pkg/themereturn/matcher.go:205.4,205.30 1 0
github.com/raghavkgarg/mycase/pkg/themereturn/matcher.go:206.5,206.13 1 0
github.com/raghavkgarg/mycase/pkg/themereturn/matcher.go:208.4,209.25 2 0
github.com/raghavkgarg/mycase/pkg/themereturn/matcher.go:211.5,211.13 1 0
github.com/raghavkgarg/mycase/pkg/themereturn/matcher.go:213.4,214.21 2 0
github.com/raghavkgarg/mycase/pkg/themereturn/matcher.go:215.5,217.1 2 0
github.com/raghavkgarg/mycase/pkg/themereturn/matcher.go:218.4,219.36 2 0
github.com/raghavkgarg/mycase/pkg/themereturn/matcher.go:220.5,221.1 1 0
github.com/raghavkgarg/mycase/pkg/themereturn/matcher.go:224.3,224.30 1 0
github.com/raghavkgarg/mycase/pkg/themereturn/matcher.go:225.4,226.26 2 0
github.com/raghavkgarg/mycase/pkg/themereturn/matcher.go:227.5,229.1 2 0
github.com/raghavkgarg/mycase/pkg/themereturn/matcher.go:234.2,236.47 3 0
github.com/raghavkgarg/mycase/pkg/themereturn/matcher.go:237.3,238.1 1 0
github.com/raghavkgarg/mycase/pkg/themereturn/matcher.go:238.9,238.52 1 0
github.com/raghavkgarg/mycase/pkg/themereturn/matcher.go:239.3,240.1 1 0
github.com/raghavkgarg/mycase/pkg/themereturn/matcher.go:240.9,240.46 1 0
github.com/raghavkgarg/mycase/pkg/themereturn/matcher.go:241.3,242.1 1 0
github.com/raghavkgarg/mycase/pkg/themereturn/matcher.go:242.9,242.91 1 0
github.com/raghavkgarg/mycase/pkg/themereturn/matcher.go:243.3,244.1 1 0
github.com/raghavkgarg/mycase/pkg/themereturn/matcher.go:244.9,244.46 1 0
github.com/raghavkgarg/mycase/pkg/themereturn/matcher.go:245.3,246.1 1 0
github.com/raghavkgarg/mycase/pkg/themereturn/matcher.go:249.2,250.58 2 0
github.com/raghavkgarg/mycase/pkg/themereturn/matcher.go:251.3,251.29 1 0
github.com/raghavkgarg/mycase/pkg/themereturn/matcher.go:252.4,252.57 1 0
github.com/raghavkgarg/mycase/pkg/themereturn/matcher.go:253.5,253.13 1 0
github.com/raghavkgarg/mycase/pkg/themereturn/matcher.go:255.4,255.60 1 0
github.com/raghavkgarg/mycase/pkg/themereturn/matcher.go:256.5,257.49 2 0
github.com/raghavkgarg/mycase/pkg/themereturn/matcher.go:258.6,259.51 2 0
github.com/raghavkgarg/mycase/pkg/themereturn/matcher.go:260.7,260.38 1 0
github.com/raghavkgarg/mycase/pkg/themereturn/matcher.go:261.8,261.37 1 0
github.com/raghavkgarg/mycase/pkg/themereturn/matcher.go:262.9,262.17 1 0
github.com/raghavkgarg/mycase/pkg/themereturn/matcher.go:264.8,265.30 2 0
github.com/raghavkgarg/mycase/pkg/themereturn/matcher.go:266.9,267.1 1 0
github.com/raghavkgarg/mycase/pkg/themereturn/matcher.go:270.6,270.16 1 0
github.com/raghavkgarg/mycase/pkg/themereturn/matcher.go:276.2,278.1 3 0
github.com/raghavkgarg/mycase/pkg/themereturn/matcher.go:279.2,279.33 3 0
github.com/raghavkgarg/mycase/pkg/themereturn/matcher.go:280.3,281.1 3 0
github.com/raghavkgarg/mycase/pkg/themereturn/matcher.go:282.3,283.16 3 0
github.com/raghavkgarg/mycase/pkg/themereturn/matcher.go:284.4,285.1 1 0
github.com/raghavkgarg/mycase/pkg/themereturn/matcher.go:288.2,296.8 1 0
github.com/raghavkgarg/mycase/pkg/themereturn/printer.go:12.2,13.14 2 0
github.com/raghavkgarg/mycase/pkg/themereturn/printer.go:14.3,14.14 1 0
github.com/raghavkgarg/mycase/pkg/themereturn/printer.go:15.4,16.1 1 0
github.com/raghavkgarg/mycase/pkg/themereturn/printer.go:16.10,16.21 1 0
github.com/raghavkgarg/mycase/pkg/themereturn/printer.go:17.4,18.1 1 0
github.com/raghavkgarg/mycase/pkg/themereturn/printer.go:20.2,20.54 1 0
github.com/raghavkgarg/mycase/pkg/themereturn/printer.go:25.2,26.1 26 0
github.com/raghavkgarg/mycase/pkg/themereturn/printer.go:27.2,35.1 26 0
github.com/raghavkgarg/mycase/pkg/themereturn/printer.go:37.2,41.1 26 0
github.com/raghavkgarg/mycase/pkg/themereturn/printer.go:43.2,48.1 26 0
github.com/raghavkgarg/mycase/pkg/themereturn/printer.go:50.2,57.1 26 0
github.com/raghavkgarg/mycase/pkg/themereturn/printer.go:59.2,59.32 26 0
github.com/raghavkgarg/mycase/pkg/themereturn/printer.go:60.3,70.1 10 0
github.com/raghavkgarg/mycase/pkg/themereturn/printer.go:73.2,73.51 1 0
github.com/raghavkgarg/mycase/pkg/themereturn/printer.go:74.3,75.27 2 0
github.com/raghavkgarg/mycase/pkg/themereturn/printer.go:76.4,77.1 1 0
github.com/raghavkgarg/mycase/pkg/themereturn/printer.go:78.3,82.142 5 0
github.com/raghavkgarg/mycase/pkg/themereturn/printer.go:86.2,86.47 1 0
github.com/raghavkgarg/mycase/pkg/themereturn/printer.go:87.3,91.1 5 0
github.com/raghavkgarg/mycase/pkg/themereturn/printer.go:92.3,92.39 5 0
github.com/raghavkgarg/mycase/pkg/themereturn/printer.go:93.4,94.16 2 0
github.com/raghavkgarg/mycase/pkg/themereturn/printer.go:95.5,96.1 1 0
github.com/raghavkgarg/mycase/pkg/themereturn/printer.go:99.4,100.34 2 0
github.com/raghavkgarg/mycase/pkg/themereturn/printer.go:101.5,102.1 1 0
github.com/raghavkgarg/mycase/pkg/themereturn/printer.go:103.4,104.1 2 0
github.com/raghavkgarg/mycase/pkg/themereturn/printer.go:105.4,115.5 2 0
github.com/raghavkgarg/mycase/pkg/themereturn/printer.go:117.3,118.142 2 0
github.com/raghavkgarg/mycase/pkg/themereturn/printer.go:122.2,122.47 1 0
github.com/raghavkgarg/mycase/pkg/themereturn/printer.go:123.3,127.1 5 0
github.com/raghavkgarg/mycase/pkg/themereturn/printer.go:128.3,128.40 5 0
github.com/raghavkgarg/mycase/pkg/themereturn/printer.go:129.4,139.1 1 0
github.com/raghavkgarg/mycase/pkg/themereturn/printer.go:140.3,141.142 2 0
github.com/raghavkgarg/mycase/pkg/themereturn/printer.go:144.2,144.20 1 0
github.com/raghavkgarg/mycase/pkg/themereturn/printer.go:149.2,159.32 7 0
github.com/raghavkgarg/mycase/pkg/themereturn/printer.go:160.3,162.1 1 0
github.com/raghavkgarg/mycase/pkg/themereturn/printer.go:163.2,163.51 1 0
github.com/raghavkgarg/mycase/pkg/themereturn/printer.go:164.3,165.1 1 0
github.com/raghavkgarg/mycase/pkg/themereturn/printer.go:166.2,166.20 1 0
github.com/raghavkgarg/mycase/pkg/themereturn/xirr.go:18.2,18.24 1 1
github.com/raghavkgarg/mycase/pkg/themereturn/xirr.go:19.3,20.1 1 0
github.com/raghavkgarg/mycase/pkg/themereturn/xirr.go:23.2,24.31 2 1
github.com/raghavkgarg/mycase/pkg/themereturn/xirr.go:25.3,25.20 1 1
github.com/raghavkgarg/mycase/pkg/themereturn/xirr.go:26.4,27.1 1 1
github.com/raghavkgarg/mycase/pkg/themereturn/xirr.go:27.10,27.27 1 1
github.com/raghavkgarg/mycase/pkg/themereturn/xirr.go:28.4,29.1 1 1
github.com/raghavkgarg/mycase/pkg/themereturn/xirr.go:31.2,31.24 1 1
github.com/raghavkgarg/mycase/pkg/themereturn/xirr.go:32.3,33.1 1 0
github.com/raghavkgarg/mycase/pkg/themereturn/xirr.go:36.2,38.40 3 1
github.com/raghavkgarg/mycase/pkg/themereturn/xirr.go:39.3,40.1 1 1
github.com/raghavkgarg/mycase/pkg/themereturn/xirr.go:42.2,43.1 2 1
github.com/raghavkgarg/mycase/pkg/themereturn/xirr.go:44.2,44.36 2 1
github.com/raghavkgarg/mycase/pkg/themereturn/xirr.go:45.3,46.28 2 1
github.com/raghavkgarg/mycase/pkg/themereturn/xirr.go:47.4,49.1 2 1
github.com/raghavkgarg/mycase/pkg/themereturn/xirr.go:50.3,50.13 1 1
github.com/raghavkgarg/mycase/pkg/themereturn/xirr.go:53.2,53.37 1 1
github.com/raghavkgarg/mycase/pkg/themereturn/xirr.go:54.3,55.28 2 1
github.com/raghavkgarg/mycase/pkg/themereturn/xirr.go:56.4,58.1 2 1
github.com/raghavkgarg/mycase/pkg/themereturn/xirr.go:59.3,59.13 1 1
github.com/raghavkgarg/mycase/pkg/themereturn/xirr.go:63.2,64.1 2 1
github.com/raghavkgarg/mycase/pkg/themereturn/xirr.go:66.2,66.26 2 1
github.com/raghavkgarg/mycase/pkg/themereturn/xirr.go:67.3,69.1 3 1
github.com/raghavkgarg/mycase/pkg/themereturn/xirr.go:70.3,70.27 3 1
github.com/raghavkgarg/mycase/pkg/themereturn/xirr.go:71.4,71.9 1 0
github.com/raghavkgarg/mycase/pkg/themereturn/xirr.go:74.3,75.41 2 1
github.com/raghavkgarg/mycase/pkg/themereturn/xirr.go:76.4,77.1 1 1
github.com/raghavkgarg/mycase/pkg/themereturn/xirr.go:78.3,79.21 2 1
github.com/raghavkgarg/mycase/pkg/themereturn/xirr.go:80.4,81.9 2 0
github.com/raghavkgarg/mycase/pkg/themereturn/xirr.go:86.2,90.1 5 0
github.com/raghavkgarg/mycase/pkg/themereturn/xirr.go:91.2,91.20 5 0
github.com/raghavkgarg/mycase/pkg/themereturn/xirr.go:93.3,94.1 1 0
github.com/raghavkgarg/mycase/pkg/themereturn/xirr.go:96.2,96.16 1 0
github.com/raghavkgarg/mycase/pkg/themereturn/xirr.go:97.3,99.63 3 0
github.com/raghavkgarg/mycase/pkg/themereturn/xirr.go:100.4,101.1 1 0
github.com/raghavkgarg/mycase/pkg/themereturn/xirr.go:102.3,102.20 1 0
github.com/raghavkgarg/mycase/pkg/themereturn/xirr.go:103.4,105.1 2 0
github.com/raghavkgarg/mycase/pkg/themereturn/xirr.go:106.4,108.1 2 0
github.com/raghavkgarg/mycase/pkg/themereturn/xirr.go:111.2,111.32 1 0
github.com/raghavkgarg/mycase/pkg/stockpicker/bounds.go:17.2,17.16 1 1
github.com/raghavkgarg/mycase/pkg/stockpicker/bounds.go:18.3,19.1 1 1
github.com/raghavkgarg/mycase/pkg/stockpicker/bounds.go:20.2,20.16 1 1
github.com/raghavkgarg/mycase/pkg/stockpicker/bounds.go:21.3,22.1 1 1
github.com/raghavkgarg/mycase/pkg/stockpicker/bounds.go:23.2,23.12 1 1
github.com/raghavkgarg/mycase/pkg/stockpicker/bounds.go:28.2,28.20 1 1
github.com/raghavkgarg/mycase/pkg/stockpicker/bounds.go:29.3,30.1 1 0
github.com/raghavkgarg/mycase/pkg/stockpicker/bounds.go:31.2,32.19 2 1
github.com/raghavkgarg/mycase/pkg/stockpicker/bounds.go:33.3,34.1 1 1
github.com/raghavkgarg/mycase/pkg/stockpicker/bounds.go:35.3,36.1 1 1
github.com/raghavkgarg/mycase/pkg/stockpicker/bounds.go:37.2,37.42 1 1
github.com/raghavkgarg/mycase/pkg/stockpicker/cooldown.go:24.2,24.19 1 1
github.com/raghavkgarg/mycase/pkg/stockpicker/cooldown.go:25.3,26.1 1 0
github.com/raghavkgarg/mycase/pkg/stockpicker/cooldown.go:27.2,27.21 1 1
github.com/raghavkgarg/mycase/pkg/stockpicker/cooldown.go:28.3,29.1 1 0
github.com/raghavkgarg/mycase/pkg/stockpicker/cooldown.go:30.2,32.1 4 1
github.com/raghavkgarg/mycase/pkg/stockpicker/cooldown.go:34.2,35.16 4 1
github.com/raghavkgarg/mycase/pkg/stockpicker/cooldown.go:36.3,36.39 1 1
github.com/raghavkgarg/mycase/pkg/stockpicker/cooldown.go:37.4,38.1 3 1
github.com/raghavkgarg/mycase/pkg/stockpicker/cooldown.go:39.4,40.44 3 1
github.com/raghavkgarg/mycase/pkg/stockpicker/cooldown.go:41.5,42.77 2 1
github.com/raghavkgarg/mycase/pkg/stockpicker/cooldown.go:43.6,44.1 1 1
github.com/raghavkgarg/mycase/pkg/stockpicker/cooldown.go:50.2,52.38 3 1
github.com/raghavkgarg/mycase/pkg/stockpicker/cooldown.go:53.3,56.1 3 1
github.com/raghavkgarg/mycase/pkg/stockpicker/cooldown.go:57.3,58.35 3 1
github.com/raghavkgarg/mycase/pkg/stockpicker/cooldown.go:59.4,60.1 4 1
github.com/raghavkgarg/mycase/pkg/stockpicker/cooldown.go:61.4,63.44 4 1
github.com/raghavkgarg/mycase/pkg/stockpicker/cooldown.go:64.5,65.67 2 1
github.com/raghavkgarg/mycase/pkg/stockpicker/cooldown.go:66.6,67.1 1 1
github.com/raghavkgarg/mycase/pkg/stockpicker/cooldown.go:71.3,71.48 1 1
github.com/raghavkgarg/mycase/pkg/stockpicker/cooldown.go:72.4,73.1 1 1
github.com/raghavkgarg/mycase/pkg/stockpicker/cooldown.go:75.3,75.34 1 1
github.com/raghavkgarg/mycase/pkg/stockpicker/cooldown.go:76.4,77.19 2 1
github.com/raghavkgarg/mycase/pkg/stockpicker/cooldown.go:78.5,78.31 1 1
github.com/raghavkgarg/mycase/pkg/stockpicker/cooldown.go:80.6,80.57 1 1
github.com/raghavkgarg/mycase/pkg/stockpicker/cooldown.go:82.7,82.80 1 1
github.com/raghavkgarg/mycase/pkg/stockpicker/cooldown.go:83.8,84.1 1 1
github.com/raghavkgarg/mycase/pkg/stockpicker/cooldown.go:91.2,91.20 1 1
github.com/raghavkgarg/mycase/pkg/stockpicker/cooldown.go:96.2,97.16 2 1
github.com/raghavkgarg/mycase/pkg/stockpicker/cooldown.go:98.3,99.1 1 0
github.com/raghavkgarg/mycase/pkg/stockpicker/cooldown.go:100.2,101.1 4 1
github.com/raghavkgarg/mycase/pkg/stockpicker/cooldown.go:102.2,104.21 4 1
github.com/raghavkgarg/mycase/pkg/stockpicker/cooldown.go:105.3,106.64 2 1
github.com/raghavkgarg/mycase/pkg/stockpicker/cooldown.go:107.4,108.12 2 1
github.com/raghavkgarg/mycase/pkg/stockpicker/cooldown.go:110.3,110.21 1 1
github.com/raghavkgarg/mycase/pkg/stockpicker/cooldown.go:112.4,112.120 1 1
github.com/raghavkgarg/mycase/pkg/stockpicker/cooldown.go:113.5,113.10 1 1
github.com/raghavkgarg/mycase/pkg/stockpicker/cooldown.go:115.4,115.108 1 1
github.com/raghavkgarg/mycase/pkg/stockpicker/cooldown.go:116.5,117.23 2 1
github.com/raghavkgarg/mycase/pkg/stockpicker/cooldown.go:118.6,119.66 2 1
github.com/raghavkgarg/mycase/pkg/stockpicker/cooldown.go:120.7,121.1 1 1
github.com/raghavkgarg/mycase/pkg/stockpicker/cooldown.go:126.2,126.38 1 1
github.com/raghavkgarg/mycase/pkg/stockpicker/cooldown.go:127.3,128.1 1 0
github.com/raghavkgarg/mycase/pkg/stockpicker/cooldown.go:133.2,133.24 1 1
github.com/raghavkgarg/mycase/pkg/stockpicker/cooldown.go:134.3,135.1 1 1
github.com/raghavkgarg/mycase/pkg/stockpicker/cooldown.go:136.2,137.13 2 1
github.com/raghavkgarg/mycase/pkg/stockpicker/cooldown.go:138.3,139.1 1 1
github.com/raghavkgarg/mycase/pkg/stockpicker/cooldown.go:141.2,141.19 1 1
github.com/raghavkgarg/mycase/pkg/stockpicker/cooldown.go:142.3,143.1 1 0
github.com/raghavkgarg/mycase/pkg/stockpicker/cooldown.go:144.2,144.23 1 1
github.com/raghavkgarg/mycase/pkg/stockpicker/cooldown.go:145.3,146.1 1 0
github.com/raghavkgarg/mycase/pkg/stockpicker/cooldown.go:147.2,147.21 1 1
github.com/raghavkgarg/mycase/pkg/stockpicker/cooldown.go:148.3,149.1 1 0
github.com/raghavkgarg/mycase/pkg/stockpicker/cooldown.go:151.2,152.1 2 1
github.com/raghavkgarg/mycase/pkg/stockpicker/cooldown.go:153.2,153.35 2 1
github.com/raghavkgarg/mycase/pkg/stockpicker/cooldown.go:154.3,154.25 1 1
github.com/raghavkgarg/mycase/pkg/stockpicker/cooldown.go:156.4,157.1 1 1
github.com/raghavkgarg/mycase/pkg/stockpicker/cooldown.go:158.3,159.81 1 1
github.com/raghavkgarg/mycase/pkg/stockpicker/cooldown.go:162.2,162.18 1 1
github.com/raghavkgarg/mycase/pkg/stockpicker/diff.go:23.2,23.32 1 1
github.com/raghavkgarg/mycase/pkg/stockpicker/diff.go:24.3,25.1 1 0
github.com/raghavkgarg/mycase/pkg/stockpicker/diff.go:27.2,31.1 2 1
github.com/raghavkgarg/mycase/pkg/stockpicker/diff.go:34.2,34.39 2 1
github.com/raghavkgarg/mycase/pkg/stockpicker/diff.go:35.3,36.36 2 1
github.com/raghavkgarg/mycase/pkg/stockpicker/diff.go:37.4,37.25 1 0
github.com/raghavkgarg/mycase/pkg/stockpicker/diff.go:38.5,39.1 1 0
github.com/raghavkgarg/mycase/pkg/stockpicker/diff.go:41.3,41.147 1 1
github.com/raghavkgarg/mycase/pkg/stockpicker/diff.go:42.4,43.30 2 0
github.com/raghavkgarg/mycase/pkg/stockpicker/diff.go:44.5,45.1 1 0
github.com/raghavkgarg/mycase/pkg/stockpicker/diff.go:48.2,48.39 1 1
github.com/raghavkgarg/mycase/pkg/stockpicker/diff.go:49.3,50.59 2 1
github.com/raghavkgarg/mycase/pkg/stockpicker/diff.go:51.4,51.104 1 1
github.com/raghavkgarg/mycase/pkg/stockpicker/diff.go:52.5,53.1 1 1
github.com/raghavkgarg/mycase/pkg/stockpicker/diff.go:54.5,55.1 1 1
github.com/raghavkgarg/mycase/pkg/stockpicker/diff.go:60.2,60.39 1 1
github.com/raghavkgarg/mycase/pkg/stockpicker/diff.go:61.3,62.51 2 1
github.com/raghavkgarg/mycase/pkg/stockpicker/diff.go:63.4,64.1 1 0
github.com/raghavkgarg/mycase/pkg/stockpicker/diff.go:66.2,66.39 1 1
github.com/raghavkgarg/mycase/pkg/stockpicker/diff.go:67.3,68.51 2 1
github.com/raghavkgarg/mycase/pkg/stockpicker/diff.go:69.4,69.104 1 1
github.com/raghavkgarg/mycase/pkg/stockpicker/diff.go:70.5,71.1 1 1
github.com/raghavkgarg/mycase/pkg/stockpicker/diff.go:72.5,73.1 1 1
github.com/raghavkgarg/mycase/pkg/stockpicker/diff.go:77.2,83.1 7 1
github.com/raghavkgarg/mycase/pkg/stockpicker/diff.go:84.2,84.15 7 1
github.com/raghavkgarg/mycase/pkg/stockpicker/diff.go:88.2,88.17 1 0
github.com/raghavkgarg/mycase/pkg/stockpicker/diff.go:89.3,90.1 1 0
github.com/raghavkgarg/mycase/pkg/stockpicker/diff.go:91.2,93.30 1 0
github.com/raghavkgarg/mycase/pkg/stockpicker/diff.go:94.3,95.1 1 0
github.com/raghavkgarg/mycase/pkg/stockpicker/diff.go:97.2,98.41 2 0
github.com/raghavkgarg/mycase/pkg/stockpicker/diff.go:99.3,102.1 2 0
github.com/raghavkgarg/mycase/pkg/stockpicker/diff.go:103.2,103.35 1 0
github.com/raghavkgarg/mycase/pkg/stockpicker/diff.go:104.3,105.1 1 0
github.com/raghavkgarg/mycase/pkg/stockpicker/diff.go:106.2,106.37 1 0
github.com/raghavkgarg/mycase/pkg/stockpicker/diff.go:107.3,108.1 1 0
github.com/raghavkgarg/mycase/pkg/stockpicker/diff.go:109.2,109.31 1 0
github.com/raghavkgarg/mycase/pkg/stockpicker/diff.go:110.3,111.1 1 0
github.com/raghavkgarg/mycase/pkg/stockpicker/diff.go:112.2,112.33 1 0
github.com/raghavkgarg/mycase/pkg/stockpicker/diff.go:113.3,114.1 1 0
github.com/raghavkgarg/mycase/pkg/stockpicker/diff.go:115.2,115.36 1 0
github.com/raghavkgarg/mycase/pkg/stockpicker/diff.go:116.3,117.1 1 0
github.com/raghavkgarg/mycase/pkg/stockpicker/diff.go:118.2,118.31 1 0
github.com/raghavkgarg/mycase/pkg/stockpicker/diff.go:119.3,120.42 2 0
github.com/raghavkgarg/mycase/pkg/stockpicker/diff.go:121.4,122.1 1 0
github.com/raghavkgarg/mycase/pkg/stockpicker/diff.go:124.2,124.88 1 0
github.com/raghavkgarg/mycase/pkg/stockpicker/filters.go:21.2,23.16 3 0
github.com/raghavkgarg/mycase/pkg/stockpicker/filters.go:24.3,25.1 1 0
github.com/raghavkgarg/mycase/pkg/stockpicker/filters.go:27.2,44.1 3 0
github.com/raghavkgarg/mycase/pkg/stockpicker/filters.go:46.2,47.34 3 0
github.com/raghavkgarg/mycase/pkg/stockpicker/filters.go:48.3,49.1 1 0
github.com/raghavkgarg/mycase/pkg/stockpicker/filters.go:51.2,52.19 2 0
github.com/raghavkgarg/mycase/pkg/stockpicker/filters.go:53.3,55.1 2 0
github.com/raghavkgarg/mycase/pkg/stockpicker/filters.go:57.2,61.12 1 0
github.com/raghavkgarg/mycase/pkg/stockpicker/filters.go:66.2,66.33 1 0
github.com/raghavkgarg/mycase/pkg/stockpicker/filters.go:67.3,70.1 3 0
github.com/raghavkgarg/mycase/pkg/stockpicker/filters.go:80.2,80.30 1 1
github.com/raghavkgarg/mycase/pkg/stockpicker/filters.go:81.3,82.1 1 0
github.com/raghavkgarg/mycase/pkg/stockpicker/filters.go:83.2,83.33 1 1
github.com/raghavkgarg/mycase/pkg/stockpicker/filters.go:84.3,84.21 1 1
github.com/raghavkgarg/mycase/pkg/stockpicker/filters.go:85.4,85.12 1 1
github.com/raghavkgarg/mycase/pkg/stockpicker/filters.go:87.3,87.42 1 1
github.com/raghavkgarg/mycase/pkg/stockpicker/filters.go:88.4,90.1 2 1
github.com/raghavkgarg/mycase/pkg/stockpicker/filters.go:97.2,97.15 1 1
github.com/raghavkgarg/mycase/pkg/stockpicker/filters.go:98.3,99.1 1 1
github.com/raghavkgarg/mycase/pkg/stockpicker/filters.go:100.2,100.77 1 0
github.com/raghavkgarg/mycase/pkg/stockpicker/filters.go:101.3,102.17 2 0
github.com/raghavkgarg/mycase/pkg/stockpicker/filters.go:103.4,104.1 1 0
github.com/raghavkgarg/mycase/pkg/stockpicker/filters.go:106.2,106.14 1 0
github.com/raghavkgarg/mycase/pkg/stockpicker/filters.go:112.2,113.1 1 1
github.com/raghavkgarg/mycase/pkg/stockpicker/filters.go:117.2,117.19 1 1
github.com/raghavkgarg/mycase/pkg/stockpicker/filters.go:118.3,119.1 1 0
github.com/raghavkgarg/mycase/pkg/stockpicker/filters.go:120.2,122.28 3 1
github.com/raghavkgarg/mycase/pkg/stockpicker/filters.go:123.3,123.61 1 1
github.com/raghavkgarg/mycase/pkg/stockpicker/filters.go:124.4,124.24 1 1
github.com/raghavkgarg/mycase/pkg/stockpicker/filters.go:125.5,126.1 1 1
github.com/raghavkgarg/mycase/pkg/stockpicker/filters.go:128.4,129.1 1 0
github.com/raghavkgarg/mycase/pkg/stockpicker/filters.go:131.2,131.17 1 1
github.com/raghavkgarg/mycase/pkg/stockpicker/filters.go:135.2,135.14 1 1
github.com/raghavkgarg/mycase/pkg/stockpicker/filters.go:136.3,137.1 1 0
github.com/raghavkgarg/mycase/pkg/stockpicker/filters.go:140.2,140.38 1 1
github.com/raghavkgarg/mycase/pkg/stockpicker/filters.go:141.3,141.16 1 1
github.com/raghavkgarg/mycase/pkg/stockpicker/filters.go:142.4,143.1 1 0
github.com/raghavkgarg/mycase/pkg/stockpicker/filters.go:144.3,144.27 1 1
github.com/raghavkgarg/mycase/pkg/stockpicker/filters.go:145.4,146.1 1 0
github.com/raghavkgarg/mycase/pkg/stockpicker/filters.go:147.3,147.58 1 1
github.com/raghavkgarg/mycase/pkg/stockpicker/filters.go:148.4,149.19 2 0
github.com/raghavkgarg/mycase/pkg/stockpicker/filters.go:150.5,151.1 1 0
github.com/raghavkgarg/mycase/pkg/stockpicker/filters.go:153.3,153.20 1 1
github.com/raghavkgarg/mycase/pkg/stockpicker/filters.go:156.2,159.1 7 1
github.com/raghavkgarg/mycase/pkg/stockpicker/filters.go:160.2,163.48 7 1
github.com/raghavkgarg/mycase/pkg/stockpicker/filters.go:164.3,165.1 1 1
github.com/raghavkgarg/mycase/pkg/stockpicker/filters.go:166.2,170.22 5 1
github.com/raghavkgarg/mycase/pkg/stockpicker/filters.go:171.3,172.1 1 0
github.com/raghavkgarg/mycase/pkg/stockpicker/filters.go:173.2,173.39 1 1
github.com/raghavkgarg/mycase/pkg/stockpicker/filters.go:178.2,178.14 1 1
github.com/raghavkgarg/mycase/pkg/stockpicker/filters.go:179.3,180.1 1 0
github.com/raghavkgarg/mycase/pkg/stockpicker/filters.go:181.2,181.38 1 1
github.com/raghavkgarg/mycase/pkg/stockpicker/filters.go:182.3,182.16 1 0
github.com/raghavkgarg/mycase/pkg/stockpicker/filters.go:183.4,184.1 1 0
github.com/raghavkgarg/mycase/pkg/stockpicker/filters.go:185.3,185.27 1 0
github.com/raghavkgarg/mycase/pkg/stockpicker/filters.go:186.4,187.1 1 0
github.com/raghavkgarg/mycase/pkg/stockpicker/filters.go:188.3,188.20 1 0
github.com/raghavkgarg/mycase/pkg/stockpicker/filters.go:191.2,194.1 9 1
github.com/raghavkgarg/mycase/pkg/stockpicker/filters.go:195.2,198.1 9 1
github.com/raghavkgarg/mycase/pkg/stockpicker/filters.go:199.2,201.26 9 1
github.com/raghavkgarg/mycase/pkg/stockpicker/filters.go:202.3,205.49 4 1
github.com/raghavkgarg/mycase/pkg/stockpicker/filters.go:206.4,210.14 5 1
github.com/raghavkgarg/mycase/pkg/stockpicker/filters.go:211.5,213.1 2 1
github.com/raghavkgarg/mycase/pkg/stockpicker/filters.go:216.2,216.19 1 1
github.com/raghavkgarg/mycase/pkg/stockpicker/filters.go:217.3,218.1 1 1
github.com/raghavkgarg/mycase/pkg/stockpicker/filters.go:219.2,219.19 1 0
github.com/raghavkgarg/mycase/pkg/stockpicker/filters.go:224.2,224.84 1 1
github.com/raghavkgarg/mycase/pkg/stockpicker/filters.go:225.3,226.1 1 1
github.com/raghavkgarg/mycase/pkg/stockpicker/filters.go:227.2,227.80 1 1
github.com/raghavkgarg/mycase/pkg/stockpicker/filters.go:228.3,229.1 1 0
github.com/raghavkgarg/mycase/pkg/stockpicker/filters.go:230.2,230.14 1 1
github.com/raghavkgarg/mycase/pkg/stockpicker/filters.go:236.2,241.1 6 1
github.com/raghavkgarg/mycase/pkg/stockpicker/filters.go:242.2,242.39 6 1
github.com/raghavkgarg/mycase/pkg/stockpicker/filters.go:243.3,252.1 3 1
github.com/raghavkgarg/mycase/pkg/stockpicker/filters.go:253.3,254.28 3 1
github.com/raghavkgarg/mycase/pkg/stockpicker/filters.go:255.4,255.29 1 1
github.com/raghavkgarg/mycase/pkg/stockpicker/filters.go:256.5,257.1 1 1
github.com/raghavkgarg/mycase/pkg/stockpicker/filters.go:258.4,258.34 1 1
github.com/raghavkgarg/mycase/pkg/stockpicker/filters.go:260.3,260.27 1 1
github.com/raghavkgarg/mycase/pkg/stockpicker/filters.go:261.4,261.29 1 1
github.com/raghavkgarg/mycase/pkg/stockpicker/filters.go:262.5,263.1 1 0
github.com/raghavkgarg/mycase/pkg/stockpicker/filters.go:264.4,264.33 1 1
github.com/raghavkgarg/mycase/pkg/stockpicker/filters.go:266.3,266.26 1 1
github.com/raghavkgarg/mycase/pkg/stockpicker/filters.go:267.4,267.29 1 1
github.com/raghavkgarg/mycase/pkg/stockpicker/filters.go:268.5,269.1 1 0
github.com/raghavkgarg/mycase/pkg/stockpicker/filters.go:270.4,271.32 2 1
github.com/raghavkgarg/mycase/pkg/stockpicker/filters.go:273.3,273.29 1 1
github.com/raghavkgarg/mycase/pkg/stockpicker/filters.go:274.4,274.30 1 1
github.com/raghavkgarg/mycase/pkg/stockpicker/filters.go:275.5,276.1 1 0
github.com/raghavkgarg/mycase/pkg/stockpicker/filters.go:277.4,278.35 2 1
github.com/raghavkgarg/mycase/pkg/stockpicker/filters.go:280.3,280.27 1 1
github.com/raghavkgarg/mycase/pkg/stockpicker/filters.go:281.4,281.30 1 0
github.com/raghavkgarg/mycase/pkg/stockpicker/filters.go:282.5,283.1 1 0
github.com/raghavkgarg/mycase/pkg/stockpicker/filters.go:284.4,285.33 2 0
github.com/raghavkgarg/mycase/pkg/stockpicker/filters.go:288.3,289.32 2 1
github.com/raghavkgarg/mycase/pkg/stockpicker/filters.go:290.4,291.46 2 1
github.com/raghavkgarg/mycase/pkg/stockpicker/filters.go:292.5,293.1 1 1
github.com/raghavkgarg/mycase/pkg/stockpicker/filters.go:295.3,296.1 2 1
github.com/raghavkgarg/mycase/pkg/stockpicker/filters.go:297.3,297.26 2 1
github.com/raghavkgarg/mycase/pkg/stockpicker/filters.go:298.4,302.36 5 1
github.com/raghavkgarg/mycase/pkg/stockpicker/filters.go:303.5,304.1 1 1
github.com/raghavkgarg/mycase/pkg/stockpicker/filters.go:304.11,304.42 1 0
github.com/raghavkgarg/mycase/pkg/stockpicker/filters.go:305.5,306.1 1 0
github.com/raghavkgarg/mycase/pkg/stockpicker/filters.go:307.4,307.28 1 1
github.com/raghavkgarg/mycase/pkg/stockpicker/filters.go:312.2,312.35 1 1
github.com/raghavkgarg/mycase/pkg/stockpicker/filters.go:317.2,322.1 8 1
github.com/raghavkgarg/mycase/pkg/stockpicker/filters.go:323.2,332.1 8 1
github.com/raghavkgarg/mycase/pkg/stockpicker/filters.go:333.2,334.27 8 1
github.com/raghavkgarg/mycase/pkg/stockpicker/filters.go:335.3,335.28 1 1
github.com/raghavkgarg/mycase/pkg/stockpicker/filters.go:336.4,337.1 1 1
github.com/raghavkgarg/mycase/pkg/stockpicker/filters.go:338.3,338.33 1 1
github.com/raghavkgarg/mycase/pkg/stockpicker/filters.go:340.2,340.26 1 1
github.com/raghavkgarg/mycase/pkg/stockpicker/filters.go:341.3,341.28 1 1
github.com/raghavkgarg/mycase/pkg/stockpicker/filters.go:342.4,343.1 1 0
github.com/raghavkgarg/mycase/pkg/stockpicker/filters.go:344.3,344.32 1 1
github.com/raghavkgarg/mycase/pkg/stockpicker/filters.go:346.2,346.25 1 1
github.com/raghavkgarg/mycase/pkg/stockpicker/filters.go:347.3,347.28 1 1
github.com/raghavkgarg/mycase/pkg/stockpicker/filters.go:348.4,349.1 1 0
github.com/raghavkgarg/mycase/pkg/stockpicker/filters.go:350.3,351.31 2 1
github.com/raghavkgarg/mycase/pkg/stockpicker/filters.go:353.2,353.28 1 1
github.com/raghavkgarg/mycase/pkg/stockpicker/filters.go:354.3,354.29 1 1
github.com/raghavkgarg/mycase/pkg/stockpicker/filters.go:355.4,356.1 1 0
github.com/raghavkgarg/mycase/pkg/stockpicker/filters.go:357.3,358.34 2 1
github.com/raghavkgarg/mycase/pkg/stockpicker/filters.go:360.2,360.26 1 1
github.com/raghavkgarg/mycase/pkg/stockpicker/filters.go:361.3,361.29 1 0
github.com/raghavkgarg/mycase/pkg/stockpicker/filters.go:362.4,363.1 1 0
github.com/raghavkgarg/mycase/pkg/stockpicker/filters.go:364.3,365.32 2 0
github.com/raghavkgarg/mycase/pkg/stockpicker/filters.go:368.2,369.31 2 1
github.com/raghavkgarg/mycase/pkg/stockpicker/filters.go:370.3,371.45 2 1
github.com/raghavkgarg/mycase/pkg/stockpicker/filters.go:372.4,373.1 1 1
github.com/raghavkgarg/mycase/pkg/stockpicker/filters.go:375.2,376.1 5 1
github.com/raghavkgarg/mycase/pkg/stockpicker/filters.go:377.2,380.26 5 1
github.com/raghavkgarg/mycase/pkg/stockpicker/filters.go:381.3,382.15 2 1
github.com/raghavkgarg/mycase/pkg/stockpicker/filters.go:383.4,386.14 4 1
github.com/raghavkgarg/mycase/pkg/stockpicker/filters.go:387.5,388.37 2 1
github.com/raghavkgarg/mycase/pkg/stockpicker/filters.go:389.6,390.1 1 1
github.com/raghavkgarg/mycase/pkg/stockpicker/filters.go:390.12,390.43 1 0
github.com/raghavkgarg/mycase/pkg/stockpicker/filters.go:391.6,392.1 1 0
github.com/raghavkgarg/mycase/pkg/stockpicker/filters.go:393.5,394.17 2 1
github.com/raghavkgarg/mycase/pkg/stockpicker/filters.go:399.2,399.20 1 1
github.com/raghavkgarg/mycase/pkg/stockpicker/filters.go:400.3,401.1 1 1
github.com/raghavkgarg/mycase/pkg/stockpicker/filters.go:402.2,402.19 1 1
github.com/raghavkgarg/mycase/pkg/stockpicker/filters.go:408.2,409.9 2 1
github.com/raghavkgarg/mycase/pkg/stockpicker/filters.go:410.3,411.1 1 0
github.com/raghavkgarg/mycase/pkg/stockpicker/filters.go:412.2,412.29 1 1
github.com/raghavkgarg/mycase/pkg/stockpicker/filters.go:413.3,414.1 1 1
github.com/raghavkgarg/mycase/pkg/stockpicker/filters.go:416.2,416.90 1 1
github.com/raghavkgarg/mycase/pkg/stockpicker/filters.go:417.3,418.1 1 1
github.com/raghavkgarg/mycase/pkg/stockpicker/filters.go:420.2,420.33 1 1
github.com/raghavkgarg/mycase/pkg/stockpicker/filters.go:431.2,432.18 2 0
github.com/raghavkgarg/mycase/pkg/stockpicker/filters.go:433.3,434.1 1 0
github.com/raghavkgarg/mycase/pkg/stockpicker/filters.go:435.2,436.18 2 0
github.com/raghavkgarg/mycase/pkg/stockpicker/filters.go:437.3,438.1 1 0
github.com/raghavkgarg/mycase/pkg/stockpicker/filters.go:439.2,439.52 1 0
github.com/raghavkgarg/mycase/pkg/stockpicker/filters.go:440.3,442.1 2 0
github.com/raghavkgarg/mycase/pkg/stockpicker/filters.go:444.2,445.35 2 0
github.com/raghavkgarg/mycase/pkg/stockpicker/filters.go:446.3,447.1 1 0
github.com/raghavkgarg/mycase/pkg/stockpicker/filters.go:448.2,450.17 3 0
github.com/raghavkgarg/mycase/pkg/stockpicker/filters.go:451.3,452.1 1 0
github.com/raghavkgarg/mycase/pkg/stockpicker/filters.go:453.2,453.18 1 0
github.com/raghavkgarg/mycase/pkg/stockpicker/filters.go:454.3,456.1 2 0
github.com/raghavkgarg/mycase/pkg/stockpicker/filters.go:458.2,458.20 1 0
github.com/raghavkgarg/mycase/pkg/stockpicker/filters.go:459.3,461.1 2 0
github.com/raghavkgarg/mycase/pkg/stockpicker/filters.go:462.2,462.52 1 0
github.com/raghavkgarg/mycase/pkg/stockpicker/filters.go:463.3,465.1 2 0
github.com/raghavkgarg/mycase/pkg/stockpicker/filters.go:467.2,467.66 1 0
github.com/raghavkgarg/mycase/pkg/stockpicker/filters.go:468.3,470.1 2 0
github.com/raghavkgarg/mycase/pkg/stockpicker/filters.go:475.2,475.38 1 0
github.com/raghavkgarg/mycase/pkg/stockpicker/filters.go:476.3,476.37 1 0
github.com/raghavkgarg/mycase/pkg/stockpicker/filters.go:477.4,479.1 2 0
github.com/raghavkgarg/mycase/pkg/stockpicker/filters.go:481.3,485.67 5 0
github.com/raghavkgarg/mycase/pkg/stockpicker/filters.go:486.4,488.1 2 0
github.com/raghavkgarg/mycase/pkg/stockpicker/filters.go:491.2,491.17 1 0
github.com/raghavkgarg/mycase/pkg/stockpicker/filters.go:508.2,508.27 1 1
github.com/raghavkgarg/mycase/pkg/stockpicker/filters.go:509.3,510.1 1 0
github.com/raghavkgarg/mycase/pkg/stockpicker/filters.go:513.2,519.1 8 1
github.com/raghavkgarg/mycase/pkg/stockpicker/filters.go:520.2,521.22 8 1
github.com/raghavkgarg/mycase/pkg/stockpicker/filters.go:522.3,523.1 1 1
github.com/raghavkgarg/mycase/pkg/stockpicker/filters.go:525.2,525.16 1 1
github.com/raghavkgarg/mycase/pkg/stockpicker/filters.go:526.3,526.18 1 1
github.com/raghavkgarg/mycase/pkg/stockpicker/filters.go:527.4,528.1 1 0
github.com/raghavkgarg/mycase/pkg/stockpicker/filters.go:529.3,529.19 1 1
github.com/raghavkgarg/mycase/pkg/stockpicker/filters.go:530.4,531.1 1 1
github.com/raghavkgarg/mycase/pkg/stockpicker/filters.go:532.3,532.26 1 1
github.com/raghavkgarg/mycase/pkg/stockpicker/filters.go:533.4,534.1 1 0
github.com/raghavkgarg/mycase/pkg/stockpicker/filters.go:535.3,535.30 1 1
github.com/raghavkgarg/mycase/pkg/stockpicker/filters.go:536.4,537.1 1 0
github.com/raghavkgarg/mycase/pkg/stockpicker/filters.go:538.3,538.20 1 1
github.com/raghavkgarg/mycase/pkg/stockpicker/filters.go:539.4,540.1 1 0
github.com/raghavkgarg/mycase/pkg/stockpicker/filters.go:541.3,541.22 1 1
github.com/raghavkgarg/mycase/pkg/stockpicker/filters.go:542.4,543.1 1 0
github.com/raghavkgarg/mycase/pkg/stockpicker/filters.go:546.3,546.21 1 1
github.com/raghavkgarg/mycase/pkg/stockpicker/filters.go:550.2,551.76 1 1
github.com/raghavkgarg/mycase/pkg/stockpicker/filters.go:552.3,554.1 2 1
github.com/raghavkgarg/mycase/pkg/stockpicker/filters.go:557.2,558.35 2 1
github.com/raghavkgarg/mycase/pkg/stockpicker/filters.go:559.3,560.1 1 1
github.com/raghavkgarg/mycase/pkg/stockpicker/filters.go:561.2,562.56 2 1
github.com/raghavkgarg/mycase/pkg/stockpicker/filters.go:563.3,565.1 2 0
github.com/raghavkgarg/mycase/pkg/stockpicker/filters.go:568.2,568.48 1 1
github.com/raghavkgarg/mycase/pkg/stockpicker/filters.go:569.3,569.54 1 0
github.com/raghavkgarg/mycase/pkg/stockpicker/filters.go:570.4,571.23 2 0
github.com/raghavkgarg/mycase/pkg/stockpicker/filters.go:572.5,573.1 1 0
github.com/raghavkgarg/mycase/pkg/stockpicker/filters.go:574.5,575.1 1 0
github.com/raghavkgarg/mycase/pkg/stockpicker/filters.go:576.4,577.74 2 0
github.com/raghavkgarg/mycase/pkg/stockpicker/filters.go:578.5,579.1 1 0
github.com/raghavkgarg/mycase/pkg/stockpicker/filters.go:580.4,580.62 1 0
github.com/raghavkgarg/mycase/pkg/stockpicker/filters.go:581.5,583.1 2 0
github.com/raghavkgarg/mycase/pkg/stockpicker/filters.go:588.2,588.36 1 1
github.com/raghavkgarg/mycase/pkg/stockpicker/filters.go:589.3,589.145 1 0
github.com/raghavkgarg/mycase/pkg/stockpicker/filters.go:590.4,592.1 2 0
github.com/raghavkgarg/mycase/pkg/stockpicker/filters.go:596.2,596.104 1 1
github.com/raghavkgarg/mycase/pkg/stockpicker/filters.go:597.3,597.43 1 1
github.com/raghavkgarg/mycase/pkg/stockpicker/filters.go:600.4,601.20 2 1
github.com/raghavkgarg/mycase/pkg/stockpicker/filters.go:602.5,604.1 2 1
github.com/raghavkgarg/mycase/pkg/stockpicker/filters.go:605.10,605.64 1 1
github.com/raghavkgarg/mycase/pkg/stockpicker/filters.go:606.4,608.1 2 1
github.com/raghavkgarg/mycase/pkg/stockpicker/filters.go:612.2,612.32 1 1
github.com/raghavkgarg/mycase/pkg/stockpicker/filters.go:613.3,613.66 1 1
github.com/raghavkgarg/mycase/pkg/stockpicker/filters.go:614.4,616.1 2 1
github.com/raghavkgarg/mycase/pkg/stockpicker/filters.go:620.2,620.92 1 1
github.com/raghavkgarg/mycase/pkg/stockpicker/filters.go:621.3,623.1 2 0
github.com/raghavkgarg/mycase/pkg/stockpicker/filters.go:626.2,626.17 1 1
github.com/raghavkgarg/mycase/pkg/stockpicker/filters.go:627.3,627.43 1 1
github.com/raghavkgarg/mycase/pkg/stockpicker/filters.go:630.4,631.30 2 1
github.com/raghavkgarg/mycase/pkg/stockpicker/filters.go:632.5,633.1 1 1
github.com/raghavkgarg/mycase/pkg/stockpicker/filters.go:634.4,634.18 1 1
github.com/raghavkgarg/mycase/pkg/stockpicker/filters.go:635.5,636.1 1 0
github.com/raghavkgarg/mycase/pkg/stockpicker/filters.go:637.4,638.23 2 1
github.com/raghavkgarg/mycase/pkg/stockpicker/filters.go:639.5,640.20 2 1
github.com/raghavkgarg/mycase/pkg/stockpicker/filters.go:641.6,642.1 1 0
github.com/raghavkgarg/mycase/pkg/stockpicker/filters.go:643.5,643.107 1 1
github.com/raghavkgarg/mycase/pkg/stockpicker/filters.go:649.4,651.122 3 1
github.com/raghavkgarg/mycase/pkg/stockpicker/filters.go:652.5,653.1 1 1
github.com/raghavkgarg/mycase/pkg/stockpicker/filters.go:654.4,654.18 1 1
github.com/raghavkgarg/mycase/pkg/stockpicker/filters.go:655.5,656.1 1 0
github.com/raghavkgarg/mycase/pkg/stockpicker/filters.go:658.4,659.43 2 1
github.com/raghavkgarg/mycase/pkg/stockpicker/filters.go:660.5,661.1 1 0
github.com/raghavkgarg/mycase/pkg/stockpicker/filters.go:663.4,663.54 1 1
github.com/raghavkgarg/mycase/pkg/stockpicker/filters.go:664.5,666.1 2 1
github.com/raghavkgarg/mycase/pkg/stockpicker/filters.go:671.2,671.25 1 1
github.com/raghavkgarg/mycase/pkg/stockpicker/filters.go:672.3,673.31 2 0
github.com/raghavkgarg/mycase/pkg/stockpicker/filters.go:674.4,676.1 2 0
github.com/raghavkgarg/mycase/pkg/stockpicker/filters.go:680.2,680.29 1 1
github.com/raghavkgarg/mycase/pkg/stockpicker/filters.go:681.3,684.30 4 0
github.com/raghavkgarg/mycase/pkg/stockpicker/filters.go:685.4,687.21 3 0
github.com/raghavkgarg/mycase/pkg/stockpicker/filters.go:688.5,689.39 2 0
github.com/raghavkgarg/mycase/pkg/stockpicker/filters.go:690.6,691.1 1 0
github.com/raghavkgarg/mycase/pkg/stockpicker/filters.go:694.3,694.22 1 0
github.com/raghavkgarg/mycase/pkg/stockpicker/filters.go:695.4,697.1 2 0
github.com/raghavkgarg/mycase/pkg/stockpicker/filters.go:701.2,701.28 1 1
github.com/raghavkgarg/mycase/pkg/stockpicker/filters.go:702.3,703.1 2 0
github.com/raghavkgarg/mycase/pkg/stockpicker/filters.go:704.3,704.36 2 0
github.com/raghavkgarg/mycase/pkg/stockpicker/filters.go:705.4,706.16 2 0
github.com/raghavkgarg/mycase/pkg/stockpicker/filters.go:707.5,708.30 2 0
github.com/raghavkgarg/mycase/pkg/stockpicker/filters.go:709.6,710.27 2 0
github.com/raghavkgarg/mycase/pkg/stockpicker/filters.go:711.7,712.1 1 0
github.com/raghavkgarg/mycase/pkg/stockpicker/filters.go:716.3,716.49 1 0
github.com/raghavkgarg/mycase/pkg/stockpicker/filters.go:717.4,719.1 2 0
github.com/raghavkgarg/mycase/pkg/stockpicker/filters.go:723.2,723.34 1 1
github.com/raghavkgarg/mycase/pkg/stockpicker/filters.go:724.3,725.11 2 0
github.com/raghavkgarg/mycase/pkg/stockpicker/filters.go:726.4,726.17 1 0
github.com/raghavkgarg/mycase/pkg/stockpicker/filters.go:727.5,729.1 2 0
github.com/raghavkgarg/mycase/pkg/stockpicker/filters.go:732.4,733.12 2 0
github.com/raghavkgarg/mycase/pkg/stockpicker/filters.go:734.5,734.18 1 0
github.com/raghavkgarg/mycase/pkg/stockpicker/filters.go:735.6,737.1 2 0
github.com/raghavkgarg/mycase/pkg/stockpicker/filters.go:739.5,740.1 1 0
github.com/raghavkgarg/mycase/pkg/stockpicker/filters.go:745.2,745.61 1 1
github.com/raghavkgarg/mycase/pkg/stockpicker/filters.go:746.3,747.46 2 0
github.com/raghavkgarg/mycase/pkg/stockpicker/filters.go:748.4,750.1 2 0
github.com/raghavkgarg/mycase/pkg/stockpicker/filters.go:754.2,754.18 1 1
github.com/raghavkgarg/mycase/pkg/stockpicker/filters.go:755.3,756.42 2 1
github.com/raghavkgarg/mycase/pkg/stockpicker/filters.go:757.4,758.1 1 0
github.com/raghavkgarg/mycase/pkg/stockpicker/filters.go:759.3,760.20 2 1
github.com/raghavkgarg/mycase/pkg/stockpicker/filters.go:761.4,763.1 2 1
github.com/raghavkgarg/mycase/pkg/stockpicker/filters.go:767.2,767.16 1 1
github.com/raghavkgarg/mycase/pkg/stockpicker/filters.go:770.3,771.40 2 0
github.com/raghavkgarg/mycase/pkg/stockpicker/filters.go:772.4,773.1 1 0
github.com/raghavkgarg/mycase/pkg/stockpicker/filters.go:774.3,774.25 1 0
github.com/raghavkgarg/mycase/pkg/stockpicker/filters.go:775.4,776.53 2 0
github.com/raghavkgarg/mycase/pkg/stockpicker/filters.go:777.5,778.1 1 0
github.com/raghavkgarg/mycase/pkg/stockpicker/filters.go:779.4,781.56 3 0
github.com/raghavkgarg/mycase/pkg/stockpicker/filters.go:782.5,784.1 2 0
github.com/raghavkgarg/mycase/pkg/stockpicker/filters.go:788.3,788.43 1 0
github.com/raghavkgarg/mycase/pkg/stockpicker/filters.go:790.4,791.30 2 0
github.com/raghavkgarg/mycase/pkg/stockpicker/filters.go:792.5,793.1 1 0
github.com/raghavkgarg/mycase/pkg/stockpicker/filters.go:794.4,795.23 2 0
github.com/raghavkgarg/mycase/pkg/stockpicker/filters.go:796.5,797.20 2 0
github.com/raghavkgarg/mycase/pkg/stockpicker/filters.go:798.6,799.1 1 0
github.com/raghavkgarg/mycase/pkg/stockpicker/filters.go:800.5,800.107 1 0
github.com/raghavkgarg/mycase/pkg/stockpicker/filters.go:804.4,805.33 2 0
github.com/raghavkgarg/mycase/pkg/stockpicker/filters.go:806.5,807.1 1 0
github.com/raghavkgarg/mycase/pkg/stockpicker/filters.go:808.4,808.50 1 0
github.com/raghavkgarg/mycase/pkg/stockpicker/filters.go:809.5,810.26 2 0
github.com/raghavkgarg/mycase/pkg/stockpicker/filters.go:811.6,813.1 2 0
github.com/raghavkgarg/mycase/pkg/stockpicker/filters.go:818.3,818.77 1 1
github.com/raghavkgarg/mycase/pkg/stockpicker/filters.go:819.4,819.95 1 0
github.com/raghavkgarg/mycase/pkg/stockpicker/filters.go:820.5,822.1 2 0
github.com/raghavkgarg/mycase/pkg/stockpicker/filters.go:826.3,826.61 1 1
github.com/raghavkgarg/mycase/pkg/stockpicker/filters.go:827.4,828.46 2 1
github.com/raghavkgarg/mycase/pkg/stockpicker/filters.go:829.5,831.1 2 0
github.com/raghavkgarg/mycase/pkg/stockpicker/filters.go:838.3,839.18 2 1
github.com/raghavkgarg/mycase/pkg/stockpicker/filters.go:840.4,842.68 3 0
github.com/raghavkgarg/mycase/pkg/stockpicker/filters.go:843.5,844.1 1 0
github.com/raghavkgarg/mycase/pkg/stockpicker/filters.go:845.4,845.31 1 0
github.com/raghavkgarg/mycase/pkg/stockpicker/filters.go:846.5,848.1 2 0
github.com/raghavkgarg/mycase/pkg/stockpicker/filters.go:852.3,853.1 5 1
github.com/raghavkgarg/mycase/pkg/stockpicker/filters.go:855.3,858.19 5 1
github.com/raghavkgarg/mycase/pkg/stockpicker/filters.go:859.4,861.1 2 0
github.com/raghavkgarg/mycase/pkg/stockpicker/filters.go:862.3,863.1 3 1
github.com/raghavkgarg/mycase/pkg/stockpicker/filters.go:865.3,866.18 3 1
github.com/raghavkgarg/mycase/pkg/stockpicker/filters.go:867.4,869.68 3 1
github.com/raghavkgarg/mycase/pkg/stockpicker/filters.go:870.5,871.1 1 0
github.com/raghavkgarg/mycase/pkg/stockpicker/filters.go:872.4,872.31 1 1
github.com/raghavkgarg/mycase/pkg/stockpicker/filters.go:873.5,875.1 2 0
github.com/raghavkgarg/mycase/pkg/stockpicker/filters.go:880.3,881.18 2 1
github.com/raghavkgarg/mycase/pkg/stockpicker/filters.go:882.4,883.1 1 0
github.com/raghavkgarg/mycase/pkg/stockpicker/filters.go:884.3,884.15 1 1
github.com/raghavkgarg/mycase/pkg/stockpicker/filters.go:885.4,886.1 1 1
github.com/raghavkgarg/mycase/pkg/stockpicker/filters.go:887.3,887.15 1 1
github.com/raghavkgarg/mycase/pkg/stockpicker/filters.go:888.4,889.1 1 0
github.com/raghavkgarg/mycase/pkg/stockpicker/filters.go:891.3,892.17 2 1
github.com/raghavkgarg/mycase/pkg/stockpicker/filters.go:893.4,894.1 1 1
github.com/raghavkgarg/mycase/pkg/stockpicker/filters.go:896.3,896.31 1 1
github.com/raghavkgarg/mycase/pkg/stockpicker/filters.go:897.4,899.1 2 1
github.com/raghavkgarg/mycase/pkg/stockpicker/filters.go:902.3,902.138 1 1
github.com/raghavkgarg/mycase/pkg/stockpicker/filters.go:903.4,905.1 2 0
github.com/raghavkgarg/mycase/pkg/stockpicker/filters.go:908.2,908.17 1 1
github.com/raghavkgarg/mycase/pkg/stockpicker/filters.go:917.2,919.29 3 0
github.com/raghavkgarg/mycase/pkg/stockpicker/filters.go:920.3,921.15 2 0
github.com/raghavkgarg/mycase/pkg/stockpicker/filters.go:922.4,922.12 1 0
github.com/raghavkgarg/mycase/pkg/stockpicker/filters.go:924.3,925.41 2 0
github.com/raghavkgarg/mycase/pkg/stockpicker/filters.go:926.4,927.1 1 0
github.com/raghavkgarg/mycase/pkg/stockpicker/filters.go:929.2,929.24 1 0
github.com/raghavkgarg/mycase/pkg/stockpicker/filters.go:930.3,931.1 1 0
github.com/raghavkgarg/mycase/pkg/stockpicker/filters.go:932.2,932.24 1 0
github.com/raghavkgarg/mycase/pkg/stockpicker/filters.go:946.2,948.1 6 0
github.com/raghavkgarg/mycase/pkg/stockpicker/filters.go:949.2,950.1 6 0
github.com/raghavkgarg/mycase/pkg/stockpicker/filters.go:951.2,952.1 6 0
github.com/raghavkgarg/mycase/pkg/stockpicker/filters.go:954.2,955.37 6 0
github.com/raghavkgarg/mycase/pkg/stockpicker/filters.go:956.3,959.43 4 0
github.com/raghavkgarg/mycase/pkg/stockpicker/filters.go:960.4,961.1 1 0
github.com/raghavkgarg/mycase/pkg/stockpicker/filters.go:963.3,966.1 3 0
github.com/raghavkgarg/mycase/pkg/stockpicker/filters.go:967.3,968.32 3 0
github.com/raghavkgarg/mycase/pkg/stockpicker/filters.go:969.4,970.35 2 0
github.com/raghavkgarg/mycase/pkg/stockpicker/filters.go:971.5,971.13 1 0
github.com/raghavkgarg/mycase/pkg/stockpicker/filters.go:973.4,975.53 3 0
github.com/raghavkgarg/mycase/pkg/stockpicker/filters.go:978.3,978.42 1 0
github.com/raghavkgarg/mycase/pkg/stockpicker/filters.go:979.4,980.1 1 0
github.com/raghavkgarg/mycase/pkg/stockpicker/filters.go:982.3,983.31 2 0
github.com/raghavkgarg/mycase/pkg/stockpicker/filters.go:984.4,985.19 2 0
github.com/raghavkgarg/mycase/pkg/stockpicker/filters.go:986.5,987.1 1 0
github.com/raghavkgarg/mycase/pkg/stockpicker/filters.go:988.4,988.36 1 0
github.com/raghavkgarg/mycase/pkg/stockpicker/filters.go:992.2,992.31 1 0
github.com/raghavkgarg/mycase/pkg/stockpicker/filters.go:993.3,994.10 2 0
github.com/raghavkgarg/mycase/pkg/stockpicker/filters.go:995.4,996.12 2 0
github.com/raghavkgarg/mycase/pkg/stockpicker/filters.go:998.3,1000.30 3 0
github.com/raghavkgarg/mycase/pkg/stockpicker/filters.go:1001.4,1002.1 1 0
github.com/raghavkgarg/mycase/pkg/stockpicker/filters.go:1003.3,1004.15 2 0
github.com/raghavkgarg/mycase/pkg/stockpicker/filters.go:1005.4,1006.1 1 0
github.com/raghavkgarg/mycase/pkg/stockpicker/filters.go:1007.4,1008.1 1 0
github.com/raghavkgarg/mycase/pkg/stockpicker/filters.go:1011.2,1012.21 2 0
github.com/raghavkgarg/mycase/pkg/stockpicker/filters.go:1017.2,1017.23 1 1
github.com/raghavkgarg/mycase/pkg/stockpicker/filters.go:1018.3,1019.1 1 1
github.com/raghavkgarg/mycase/pkg/stockpicker/filters.go:1020.2,1022.44 3 1
github.com/raghavkgarg/mycase/pkg/stockpicker/filters.go:1023.3,1024.1 1 1
github.com/raghavkgarg/mycase/pkg/stockpicker/filters.go:1025.2,1027.30 3 1
github.com/raghavkgarg/mycase/pkg/stockpicker/filters.go:1033.2,1033.23 1 1
github.com/raghavkgarg/mycase/pkg/stockpicker/filters.go:1034.3,1035.1 1 0
github.com/raghavkgarg/mycase/pkg/stockpicker/filters.go:1036.2,1036.19 1 1
github.com/raghavkgarg/mycase/pkg/stockpicker/filters.go:1037.3,1038.1 1 0
github.com/raghavkgarg/mycase/pkg/stockpicker/filters.go:1040.2,1042.44 3 1
github.com/raghavkgarg/mycase/pkg/stockpicker/filters.go:1043.3,1044.1 1 1
github.com/raghavkgarg/mycase/pkg/stockpicker/filters.go:1045.2,1046.24 2 1
github.com/raghavkgarg/mycase/pkg/stockpicker/filters.go:1047.3,1048.1 1 0
github.com/raghavkgarg/mycase/pkg/stockpicker/filters.go:1050.2,1052.1 3 1
github.com/raghavkgarg/mycase/pkg/stockpicker/filters.go:1054.2,1054.22 3 1
github.com/raghavkgarg/mycase/pkg/stockpicker/filters.go:1055.3,1056.1 1 1
github.com/raghavkgarg/mycase/pkg/stockpicker/filters.go:1060.2,1060.39 1 1
github.com/raghavkgarg/mycase/pkg/stockpicker/filters.go:1061.3,1063.56 3 1
github.com/raghavkgarg/mycase/pkg/stockpicker/filters.go:1064.4,1065.1 1 1
github.com/raghavkgarg/mycase/pkg/stockpicker/filters.go:1066.3,1067.59 2 1
github.com/raghavkgarg/mycase/pkg/stockpicker/filters.go:1068.4,1069.1 1 1
github.com/raghavkgarg/mycase/pkg/stockpicker/filters.go:1072.2,1072.17 1 1
github.com/raghavkgarg/mycase/pkg/stockpicker/identity.go:17.2,24.1 2 1
github.com/raghavkgarg/mycase/pkg/stockpicker/identity.go:40.2,40.28 1 1
github.com/raghavkgarg/mycase/pkg/stockpicker/identity.go:41.3,42.1 1 1
github.com/raghavkgarg/mycase/pkg/stockpicker/identity.go:43.2,43.26 1 1
github.com/raghavkgarg/mycase/pkg/stockpicker/identity.go:44.3,45.1 1 1
github.com/raghavkgarg/mycase/pkg/stockpicker/identity.go:46.2,46.19 1 1
github.com/raghavkgarg/mycase/pkg/stockpicker/identity.go:54.2,55.1 1 1
github.com/raghavkgarg/mycase/pkg/stockpicker/identity.go:61.2,62.1 1 0
github.com/raghavkgarg/mycase/pkg/stockpicker/incubator.go:40.2,42.52 3 0
github.com/raghavkgarg/mycase/pkg/stockpicker/incubator.go:43.3,45.1 2 0
github.com/raghavkgarg/mycase/pkg/stockpicker/incubator.go:47.2,48.31 2 0
github.com/raghavkgarg/mycase/pkg/stockpicker/incubator.go:49.3,50.15 2 0
github.com/raghavkgarg/mycase/pkg/stockpicker/incubator.go:51.4,51.12 1 0
github.com/raghavkgarg/mycase/pkg/stockpicker/incubator.go:53.3,56.1 5 0
github.com/raghavkgarg/mycase/pkg/stockpicker/incubator.go:57.3,58.42 5 0
github.com/raghavkgarg/mycase/pkg/stockpicker/incubator.go:59.4,62.34 4 0
github.com/raghavkgarg/mycase/pkg/stockpicker/incubator.go:63.5,63.19 1 0
github.com/raghavkgarg/mycase/pkg/stockpicker/incubator.go:64.6,65.1 1 0
github.com/raghavkgarg/mycase/pkg/stockpicker/incubator.go:68.3,70.1 3 0
github.com/raghavkgarg/mycase/pkg/stockpicker/incubator.go:71.3,82.5 3 0
github.com/raghavkgarg/mycase/pkg/stockpicker/incubator.go:86.2,86.45 1 0
github.com/raghavkgarg/mycase/pkg/stockpicker/incubator.go:87.3,87.70 1 0
github.com/raghavkgarg/mycase/pkg/stockpicker/incubator.go:88.4,89.1 1 0
github.com/raghavkgarg/mycase/pkg/stockpicker/incubator.go:90.3,90.59 1 0
github.com/raghavkgarg/mycase/pkg/stockpicker/incubator.go:94.2,94.26 1 0
github.com/raghavkgarg/mycase/pkg/stockpicker/incubator.go:95.3,96.1 1 0
github.com/raghavkgarg/mycase/pkg/stockpicker/incubator.go:98.2,98.19 1 0
github.com/raghavkgarg/mycase/pkg/stockpicker/incubator.go:99.3,99.66 1 0
github.com/raghavkgarg/mycase/pkg/stockpicker/incubator.go:100.4,101.1 1 0
github.com/raghavkgarg/mycase/pkg/stockpicker/incubator.go:102.3,103.17 2 0
github.com/raghavkgarg/mycase/pkg/stockpicker/incubator.go:104.4,105.1 1 0
github.com/raghavkgarg/mycase/pkg/stockpicker/incubator.go:106.3,107.1 5 0
github.com/raghavkgarg/mycase/pkg/stockpicker/incubator.go:108.3,110.1 5 0
github.com/raghavkgarg/mycase/pkg/stockpicker/incubator.go:111.3,115.32 5 0
github.com/raghavkgarg/mycase/pkg/stockpicker/incubator.go:116.4,128.1 1 0
github.com/raghavkgarg/mycase/pkg/stockpicker/incubator.go:129.3,129.89 1 0
github.com/raghavkgarg/mycase/pkg/stockpicker/incubator.go:132.2,132.24 1 0
github.com/raghavkgarg/mycase/pkg/stockpicker/io.go:23.2,26.20 4 0
github.com/raghavkgarg/mycase/pkg/stockpicker/io.go:27.3,28.1 1 0
github.com/raghavkgarg/mycase/pkg/stockpicker/io.go:29.3,30.1 1 0
github.com/raghavkgarg/mycase/pkg/stockpicker/io.go:31.2,35.42 5 0
github.com/raghavkgarg/mycase/pkg/stockpicker/io.go:36.3,37.1 1 0
github.com/raghavkgarg/mycase/pkg/stockpicker/io.go:44.3,45.1 1 0
github.com/raghavkgarg/mycase/pkg/stockpicker/io.go:46.2,47.86 2 0
github.com/raghavkgarg/mycase/pkg/stockpicker/io.go:52.2,53.34 2 0
github.com/raghavkgarg/mycase/pkg/stockpicker/io.go:54.3,55.1 1 0
github.com/raghavkgarg/mycase/pkg/stockpicker/io.go:56.2,64.39 9 0
github.com/raghavkgarg/mycase/pkg/stockpicker/io.go:65.3,66.1 1 0
github.com/raghavkgarg/mycase/pkg/stockpicker/io.go:67.2,67.29 1 0
github.com/raghavkgarg/mycase/pkg/stockpicker/io.go:68.3,69.1 1 0
github.com/raghavkgarg/mycase/pkg/stockpicker/io.go:70.2,70.37 1 0
github.com/raghavkgarg/mycase/pkg/stockpicker/io.go:71.3,72.1 1 0
github.com/raghavkgarg/mycase/pkg/stockpicker/io.go:73.2,73.41 1 0
github.com/raghavkgarg/mycase/pkg/stockpicker/io.go:74.3,75.1 1 0
github.com/raghavkgarg/mycase/pkg/stockpicker/io.go:76.2,76.28 1 0
github.com/raghavkgarg/mycase/pkg/stockpicker/io.go:77.3,78.1 1 0
github.com/raghavkgarg/mycase/pkg/stockpicker/io.go:79.2,79.34 1 0
github.com/raghavkgarg/mycase/pkg/stockpicker/io.go:80.3,81.1 1 0
github.com/raghavkgarg/mycase/pkg/stockpicker/io.go:82.2,82.37 1 0
github.com/raghavkgarg/mycase/pkg/stockpicker/io.go:83.3,84.1 1 0
github.com/raghavkgarg/mycase/pkg/stockpicker/io.go:85.2,85.30 1 0
github.com/raghavkgarg/mycase/pkg/stockpicker/io.go:86.3,87.1 1 0
github.com/raghavkgarg/mycase/pkg/stockpicker/io.go:88.2,88.16 1 0
github.com/raghavkgarg/mycase/pkg/stockpicker/io.go:90.3,93.104 4 0
github.com/raghavkgarg/mycase/pkg/stockpicker/io.go:95.3,95.49 1 0
github.com/raghavkgarg/mycase/pkg/stockpicker/io.go:96.4,97.1 1 0
github.com/raghavkgarg/mycase/pkg/stockpicker/io.go:98.3,98.42 1 0
github.com/raghavkgarg/mycase/pkg/stockpicker/io.go:99.4,100.1 1 0
github.com/raghavkgarg/mycase/pkg/stockpicker/io.go:101.3,101.43 1 0
github.com/raghavkgarg/mycase/pkg/stockpicker/io.go:102.4,103.1 1 0
github.com/raghavkgarg/mycase/pkg/stockpicker/io.go:104.3,104.110 1 0
github.com/raghavkgarg/mycase/pkg/stockpicker/io.go:106.2,106.67 1 0
github.com/raghavkgarg/mycase/pkg/stockpicker/io.go:120.2,126.1 7 0
github.com/raghavkgarg/mycase/pkg/stockpicker/io.go:127.2,128.33 7 0
github.com/raghavkgarg/mycase/pkg/stockpicker/io.go:129.3,131.1 9 0
github.com/raghavkgarg/mycase/pkg/stockpicker/io.go:132.3,138.1 9 0
github.com/raghavkgarg/mycase/pkg/stockpicker/io.go:139.3,139.42 9 0
github.com/raghavkgarg/mycase/pkg/stockpicker/io.go:140.4,145.1 5 0
github.com/raghavkgarg/mycase/pkg/stockpicker/io.go:147.3,151.47 5 0
github.com/raghavkgarg/mycase/pkg/stockpicker/io.go:152.4,154.1 2 0
github.com/raghavkgarg/mycase/pkg/stockpicker/io.go:156.3,159.4 1 0
github.com/raghavkgarg/mycase/pkg/stockpicker/io.go:161.2,162.29 2 0
github.com/raghavkgarg/mycase/pkg/stockpicker/io.go:163.3,168.1 4 0
github.com/raghavkgarg/mycase/pkg/stockpicker/io.go:169.3,170.1 1 0
github.com/raghavkgarg/mycase/pkg/stockpicker/io.go:171.2,171.179 1 0
github.com/raghavkgarg/mycase/pkg/stockpicker/io.go:185.2,191.1 7 0
github.com/raghavkgarg/mycase/pkg/stockpicker/io.go:192.2,193.33 7 0
github.com/raghavkgarg/mycase/pkg/stockpicker/io.go:194.3,196.1 10 0
github.com/raghavkgarg/mycase/pkg/stockpicker/io.go:197.3,198.1 10 0
github.com/raghavkgarg/mycase/pkg/stockpicker/io.go:199.3,201.1 10 0
github.com/raghavkgarg/mycase/pkg/stockpicker/io.go:202.3,206.1 10 0
github.com/raghavkgarg/mycase/pkg/stockpicker/io.go:207.3,207.47 10 0
github.com/raghavkgarg/mycase/pkg/stockpicker/io.go:208.4,211.39 4 0
github.com/raghavkgarg/mycase/pkg/stockpicker/io.go:212.5,213.1 1 0
github.com/raghavkgarg/mycase/pkg/stockpicker/io.go:216.3,221.4 1 0
github.com/raghavkgarg/mycase/pkg/stockpicker/io.go:223.2,224.29 2 0
github.com/raghavkgarg/mycase/pkg/stockpicker/io.go:225.3,230.1 4 0
github.com/raghavkgarg/mycase/pkg/stockpicker/io.go:231.3,232.1 1 0
github.com/raghavkgarg/mycase/pkg/stockpicker/io.go:233.2,233.146 1 0
github.com/raghavkgarg/mycase/pkg/stockpicker/io.go:247.2,253.1 7 0
github.com/raghavkgarg/mycase/pkg/stockpicker/io.go:254.2,255.33 7 0
github.com/raghavkgarg/mycase/pkg/stockpicker/io.go:256.3,258.1 5 0
github.com/raghavkgarg/mycase/pkg/stockpicker/io.go:259.3,261.20 5 0
github.com/raghavkgarg/mycase/pkg/stockpicker/io.go:262.4,263.1 1 0
github.com/raghavkgarg/mycase/pkg/stockpicker/io.go:264.3,265.1 7 0
github.com/raghavkgarg/mycase/pkg/stockpicker/io.go:266.3,271.1 7 0
github.com/raghavkgarg/mycase/pkg/stockpicker/io.go:272.3,272.47 7 0
github.com/raghavkgarg/mycase/pkg/stockpicker/io.go:273.4,278.1 5 0
github.com/raghavkgarg/mycase/pkg/stockpicker/io.go:280.3,282.4 1 0
github.com/raghavkgarg/mycase/pkg/stockpicker/io.go:284.2,285.29 2 0
github.com/raghavkgarg/mycase/pkg/stockpicker/io.go:286.3,292.1 4 0
github.com/raghavkgarg/mycase/pkg/stockpicker/io.go:293.3,295.1 1 0
github.com/raghavkgarg/mycase/pkg/stockpicker/io.go:296.2,297.1 6 0
github.com/raghavkgarg/mycase/pkg/stockpicker/io.go:299.2,304.33 6 0
github.com/raghavkgarg/mycase/pkg/stockpicker/io.go:305.3,306.16 2 0
github.com/raghavkgarg/mycase/pkg/stockpicker/io.go:307.4,307.12 1 0
github.com/raghavkgarg/mycase/pkg/stockpicker/io.go:309.3,310.29 2 0
github.com/raghavkgarg/mycase/pkg/stockpicker/io.go:311.4,312.1 1 0
github.com/raghavkgarg/mycase/pkg/stockpicker/io.go:313.3,314.29 2 0
github.com/raghavkgarg/mycase/pkg/stockpicker/io.go:315.4,316.1 1 0
github.com/raghavkgarg/mycase/pkg/stockpicker/io.go:317.3,318.29 2 0
github.com/raghavkgarg/mycase/pkg/stockpicker/io.go:319.4,320.1 1 0
github.com/raghavkgarg/mycase/pkg/stockpicker/io.go:321.3,322.34 2 0
github.com/raghavkgarg/mycase/pkg/stockpicker/io.go:323.4,324.1 1 0
github.com/raghavkgarg/mycase/pkg/stockpicker/io.go:325.3,326.29 2 0
github.com/raghavkgarg/mycase/pkg/stockpicker/io.go:327.4,328.1 1 0
github.com/raghavkgarg/mycase/pkg/stockpicker/io.go:330.3,332.70 2 0
github.com/raghavkgarg/mycase/pkg/stockpicker/io.go:334.2,334.124 1 0
github.com/raghavkgarg/mycase/pkg/stockpicker/io.go:345.2,350.1 7 0
github.com/raghavkgarg/mycase/pkg/stockpicker/io.go:351.2,352.35 7 0
github.com/raghavkgarg/mycase/pkg/stockpicker/io.go:353.3,355.1 5 0
github.com/raghavkgarg/mycase/pkg/stockpicker/io.go:356.3,358.1 5 0
github.com/raghavkgarg/mycase/pkg/stockpicker/io.go:359.3,360.1 5 0
github.com/raghavkgarg/mycase/pkg/stockpicker/io.go:361.2,362.29 2 0
github.com/raghavkgarg/mycase/pkg/stockpicker/io.go:363.3,367.1 4 0
github.com/raghavkgarg/mycase/pkg/stockpicker/io.go:368.3,369.1 1 0
github.com/raghavkgarg/mycase/pkg/stockpicker/io.go:370.2,370.90 1 0
github.com/raghavkgarg/mycase/pkg/stockpicker/io.go:375.2,375.28 1 0
github.com/raghavkgarg/mycase/pkg/stockpicker/io.go:376.3,377.1 1 0
github.com/raghavkgarg/mycase/pkg/stockpicker/io.go:379.2,381.53 3 0
github.com/raghavkgarg/mycase/pkg/stockpicker/io.go:382.3,384.1 2 0
github.com/raghavkgarg/mycase/pkg/stockpicker/io.go:386.2,388.1 4 0
github.com/raghavkgarg/mycase/pkg/stockpicker/io.go:389.2,390.16 4 0
github.com/raghavkgarg/mycase/pkg/stockpicker/io.go:391.3,393.1 2 0
github.com/raghavkgarg/mycase/pkg/stockpicker/io.go:394.2,395.1 10 0
github.com/raghavkgarg/mycase/pkg/stockpicker/io.go:396.2,403.1 10 0
github.com/raghavkgarg/mycase/pkg/stockpicker/io.go:405.2,406.56 10 0
github.com/raghavkgarg/mycase/pkg/stockpicker/io.go:407.3,408.1 1 0
github.com/raghavkgarg/mycase/pkg/stockpicker/io.go:409.2,410.1 3 0
github.com/raghavkgarg/mycase/pkg/stockpicker/io.go:411.2,412.74 3 0
github.com/raghavkgarg/mycase/pkg/stockpicker/io.go:413.3,414.1 1 0
github.com/raghavkgarg/mycase/pkg/stockpicker/io.go:416.2,421.1 6 0
github.com/raghavkgarg/mycase/pkg/stockpicker/io.go:422.2,422.35 6 0
github.com/raghavkgarg/mycase/pkg/stockpicker/io.go:423.3,425.16 3 0
github.com/raghavkgarg/mycase/pkg/stockpicker/io.go:426.4,427.1 1 0
github.com/raghavkgarg/mycase/pkg/stockpicker/io.go:428.3,429.21 2 0
github.com/raghavkgarg/mycase/pkg/stockpicker/io.go:430.4,431.1 1 0
github.com/raghavkgarg/mycase/pkg/stockpicker/io.go:433.4,434.23 2 0
github.com/raghavkgarg/mycase/pkg/stockpicker/io.go:435.5,435.63 1 0
github.com/raghavkgarg/mycase/pkg/stockpicker/io.go:436.6,437.54 2 0
github.com/raghavkgarg/mycase/pkg/stockpicker/io.go:438.7,439.1 1 0
github.com/raghavkgarg/mycase/pkg/stockpicker/io.go:441.5,441.59 1 0
github.com/raghavkgarg/mycase/pkg/stockpicker/io.go:445.3,448.63 4 0
github.com/raghavkgarg/mycase/pkg/stockpicker/io.go:449.4,451.1 2 0
github.com/raghavkgarg/mycase/pkg/stockpicker/io.go:451.10,451.77 1 0
github.com/raghavkgarg/mycase/pkg/stockpicker/io.go:452.4,454.1 2 0
github.com/raghavkgarg/mycase/pkg/stockpicker/io.go:456.3,458.47 3 0
github.com/raghavkgarg/mycase/pkg/stockpicker/io.go:459.4,463.30 5 0
github.com/raghavkgarg/mycase/pkg/stockpicker/io.go:464.5,465.1 1 0
github.com/raghavkgarg/mycase/pkg/stockpicker/io.go:466.4,467.30 2 0
github.com/raghavkgarg/mycase/pkg/stockpicker/io.go:468.5,469.1 1 0
github.com/raghavkgarg/mycase/pkg/stockpicker/io.go:470.4,471.30 2 0
github.com/raghavkgarg/mycase/pkg/stockpicker/io.go:472.5,473.1 1 0
github.com/raghavkgarg/mycase/pkg/stockpicker/io.go:474.4,475.35 2 0
github.com/raghavkgarg/mycase/pkg/stockpicker/io.go:476.5,477.1 1 0
github.com/raghavkgarg/mycase/pkg/stockpicker/io.go:478.4,479.30 2 0
github.com/raghavkgarg/mycase/pkg/stockpicker/io.go:480.5,481.1 1 0
github.com/raghavkgarg/mycase/pkg/stockpicker/io.go:482.4,482.156 1 0
github.com/raghavkgarg/mycase/pkg/stockpicker/io.go:484.3,485.17 2 0
github.com/raghavkgarg/mycase/pkg/stockpicker/io.go:486.4,487.21 2 0
github.com/raghavkgarg/mycase/pkg/stockpicker/io.go:488.5,488.68 1 0
github.com/raghavkgarg/mycase/pkg/stockpicker/io.go:489.6,490.1 1 0
github.com/raghavkgarg/mycase/pkg/stockpicker/io.go:491.6,492.1 1 0
github.com/raghavkgarg/mycase/pkg/stockpicker/io.go:494.4,494.116 1 0
github.com/raghavkgarg/mycase/pkg/stockpicker/io.go:496.4,497.1 1 0
github.com/raghavkgarg/mycase/pkg/stockpicker/io.go:499.3,500.28 2 0
github.com/raghavkgarg/mycase/pkg/stockpicker/io.go:501.4,502.1 1 0
github.com/raghavkgarg/mycase/pkg/stockpicker/io.go:503.3,504.1 5 0
github.com/raghavkgarg/mycase/pkg/stockpicker/io.go:505.3,508.67 5 0
github.com/raghavkgarg/mycase/pkg/stockpicker/io.go:509.4,509.41 1 0
github.com/raghavkgarg/mycase/pkg/stockpicker/io.go:510.5,511.1 1 0
github.com/raghavkgarg/mycase/pkg/stockpicker/io.go:511.11,511.48 1 0
github.com/raghavkgarg/mycase/pkg/stockpicker/io.go:512.5,513.1 1 0
github.com/raghavkgarg/mycase/pkg/stockpicker/io.go:516.3,517.20 2 0
github.com/raghavkgarg/mycase/pkg/stockpicker/io.go:518.4,519.1 1 0
github.com/raghavkgarg/mycase/pkg/stockpicker/io.go:520.4,521.1 1 0
github.com/raghavkgarg/mycase/pkg/stockpicker/io.go:524.3,528.57 5 0
github.com/raghavkgarg/mycase/pkg/stockpicker/io.go:529.4,531.48 3 0
github.com/raghavkgarg/mycase/pkg/stockpicker/io.go:531.50,531.100 1 0
github.com/raghavkgarg/mycase/pkg/stockpicker/io.go:532.4,533.53 2 0
github.com/raghavkgarg/mycase/pkg/stockpicker/io.go:535.3,536.22 2 0
github.com/raghavkgarg/mycase/pkg/stockpicker/io.go:537.4,538.1 1 0
github.com/raghavkgarg/mycase/pkg/stockpicker/io.go:540.3,540.28 1 0
github.com/raghavkgarg/mycase/pkg/stockpicker/io.go:541.4,542.13 2 0
github.com/raghavkgarg/mycase/pkg/stockpicker/io.go:543.5,543.47 1 0
github.com/raghavkgarg/mycase/pkg/stockpicker/io.go:544.6,545.1 1 0
github.com/raghavkgarg/mycase/pkg/stockpicker/io.go:545.12,545.54 1 0
github.com/raghavkgarg/mycase/pkg/stockpicker/io.go:546.6,547.1 1 0
github.com/raghavkgarg/mycase/pkg/stockpicker/io.go:550.4,550.23 1 0
github.com/raghavkgarg/mycase/pkg/stockpicker/io.go:551.5,552.1 1 0
github.com/raghavkgarg/mycase/pkg/stockpicker/io.go:553.5,554.1 1 0
github.com/raghavkgarg/mycase/pkg/stockpicker/io.go:558.3,559.41 2 0
github.com/raghavkgarg/mycase/pkg/stockpicker/io.go:560.4,561.1 1 0
github.com/raghavkgarg/mycase/pkg/stockpicker/io.go:562.3,563.16 2 0
github.com/raghavkgarg/mycase/pkg/stockpicker/io.go:564.4,564.58 1 0
github.com/raghavkgarg/mycase/pkg/stockpicker/io.go:565.5,566.1 1 0
github.com/raghavkgarg/mycase/pkg/stockpicker/io.go:567.5,568.1 1 0
github.com/raghavkgarg/mycase/pkg/stockpicker/io.go:570.3,570.46 1 0
github.com/raghavkgarg/mycase/pkg/stockpicker/io.go:571.4,572.1 1 0
github.com/raghavkgarg/mycase/pkg/stockpicker/io.go:573.3,573.43 1 0
github.com/raghavkgarg/mycase/pkg/stockpicker/io.go:574.4,575.1 1 0
github.com/raghavkgarg/mycase/pkg/stockpicker/io.go:576.3,576.20 1 0
github.com/raghavkgarg/mycase/pkg/stockpicker/io.go:577.4,578.1 1 0
github.com/raghavkgarg/mycase/pkg/stockpicker/io.go:579.3,579.24 1 0
github.com/raghavkgarg/mycase/pkg/stockpicker/io.go:580.4,581.1 1 0
github.com/raghavkgarg/mycase/pkg/stockpicker/io.go:584.3,585.11 2 0
github.com/raghavkgarg/mycase/pkg/stockpicker/io.go:586.4,588.1 2 0
github.com/raghavkgarg/mycase/pkg/stockpicker/io.go:588.10,588.37 1 0
github.com/raghavkgarg/mycase/pkg/stockpicker/io.go:589.4,590.1 1 0
github.com/raghavkgarg/mycase/pkg/stockpicker/io.go:593.3,595.20 3 0
github.com/raghavkgarg/mycase/pkg/stockpicker/io.go:596.4,597.1 1 0
github.com/raghavkgarg/mycase/pkg/stockpicker/io.go:599.3,600.51 2 0
github.com/raghavkgarg/mycase/pkg/stockpicker/io.go:601.4,603.1 2 0
github.com/raghavkgarg/mycase/pkg/stockpicker/io.go:605.3,605.33 1 0
github.com/raghavkgarg/mycase/pkg/stockpicker/io.go:606.4,607.1 1 0
github.com/raghavkgarg/mycase/pkg/stockpicker/io.go:608.4,609.1 1 0
github.com/raghavkgarg/mycase/pkg/stockpicker/io.go:612.3,613.13 2 0
github.com/raghavkgarg/mycase/pkg/stockpicker/io.go:614.4,616.1 2 0
github.com/raghavkgarg/mycase/pkg/stockpicker/io.go:617.4,618.1 1 0
github.com/raghavkgarg/mycase/pkg/stockpicker/io.go:621.3,625.1 5 0
github.com/raghavkgarg/mycase/pkg/stockpicker/io.go:626.3,626.67 5 0
github.com/raghavkgarg/mycase/pkg/stockpicker/io.go:627.4,631.1 4 0
github.com/raghavkgarg/mycase/pkg/stockpicker/io.go:631.10,631.81 1 0
github.com/raghavkgarg/mycase/pkg/stockpicker/io.go:632.4,636.1 4 0
github.com/raghavkgarg/mycase/pkg/stockpicker/io.go:638.3,640.1 4 0
github.com/raghavkgarg/mycase/pkg/stockpicker/io.go:641.3,642.20 4 0
github.com/raghavkgarg/mycase/pkg/stockpicker/io.go:643.4,644.1 1 0
github.com/raghavkgarg/mycase/pkg/stockpicker/io.go:645.3,646.1 5 0
github.com/raghavkgarg/mycase/pkg/stockpicker/io.go:647.3,649.1 5 0
github.com/raghavkgarg/mycase/pkg/stockpicker/io.go:650.3,651.49 5 0
github.com/raghavkgarg/mycase/pkg/stockpicker/io.go:652.4,653.1 1 0
github.com/raghavkgarg/mycase/pkg/stockpicker/io.go:653.10,653.63 1 0
github.com/raghavkgarg/mycase/pkg/stockpicker/io.go:654.4,655.1 1 0
github.com/raghavkgarg/mycase/pkg/stockpicker/io.go:656.3,656.76 1 0
github.com/raghavkgarg/mycase/pkg/stockpicker/io.go:658.2,659.1 2 0
github.com/raghavkgarg/mycase/pkg/stockpicker/io.go:660.2,660.69 2 0
github.com/raghavkgarg/mycase/pkg/stockpicker/io.go:665.2,666.47 2 0
github.com/raghavkgarg/mycase/pkg/stockpicker/io.go:667.3,668.1 1 0
github.com/raghavkgarg/mycase/pkg/stockpicker/io.go:670.2,671.16 2 0
github.com/raghavkgarg/mycase/pkg/stockpicker/io.go:672.3,673.1 1 0
github.com/raghavkgarg/mycase/pkg/stockpicker/io.go:674.2,675.1 3 0
github.com/raghavkgarg/mycase/pkg/stockpicker/io.go:676.2,677.67 3 0
github.com/raghavkgarg/mycase/pkg/stockpicker/io.go:678.3,679.1 1 0
github.com/raghavkgarg/mycase/pkg/stockpicker/io.go:681.2,681.33 1 0
github.com/raghavkgarg/mycase/pkg/stockpicker/io.go:682.3,683.62 2 0
github.com/raghavkgarg/mycase/pkg/stockpicker/io.go:684.4,685.1 1 0
github.com/raghavkgarg/mycase/pkg/stockpicker/io.go:687.2,688.39 2 0
github.com/raghavkgarg/mycase/pkg/stockpicker/io.go:689.3,690.1 1 0
github.com/raghavkgarg/mycase/pkg/stockpicker/io.go:692.2,693.12 2 0
github.com/raghavkgarg/mycase/pkg/stockpicker/loader.go:27.2,27.35 1 1
github.com/raghavkgarg/mycase/pkg/stockpicker/loader.go:28.3,29.1 1 1
github.com/raghavkgarg/mycase/pkg/stockpicker/loader.go:30.2,34.1 6 1
github.com/raghavkgarg/mycase/pkg/stockpicker/loader.go:35.2,36.30 6 1
github.com/raghavkgarg/mycase/pkg/stockpicker/loader.go:37.3,37.34 1 1
github.com/raghavkgarg/mycase/pkg/stockpicker/loader.go:38.4,39.1 1 1
github.com/raghavkgarg/mycase/pkg/stockpicker/loader.go:41.2,41.36 1 1
github.com/raghavkgarg/mycase/pkg/stockpicker/loader.go:42.3,43.1 1 0
github.com/raghavkgarg/mycase/pkg/stockpicker/loader.go:45.2,47.30 3 1
github.com/raghavkgarg/mycase/pkg/stockpicker/loader.go:48.3,48.38 1 1
github.com/raghavkgarg/mycase/pkg/stockpicker/loader.go:49.4,50.1 1 0
github.com/raghavkgarg/mycase/pkg/stockpicker/loader.go:53.2,56.1 2 1
github.com/raghavkgarg/mycase/pkg/stockpicker/loader.go:57.2,57.75 2 1
github.com/raghavkgarg/mycase/pkg/stockpicker/loader.go:58.3,59.1 1 1
github.com/raghavkgarg/mycase/pkg/stockpicker/loader.go:61.2,61.32 1 1
github.com/raghavkgarg/mycase/pkg/stockpicker/loader.go:62.3,62.59 1 1
github.com/raghavkgarg/mycase/pkg/stockpicker/loader.go:63.4,63.37 1 1
github.com/raghavkgarg/mycase/pkg/stockpicker/loader.go:64.5,65.1 1 0
github.com/raghavkgarg/mycase/pkg/stockpicker/loader.go:69.2,69.14 1 1
github.com/raghavkgarg/mycase/pkg/stockpicker/loader.go:73.2,73.32 1 1
github.com/raghavkgarg/mycase/pkg/stockpicker/loader.go:74.3,76.69 3 0
github.com/raghavkgarg/mycase/pkg/stockpicker/loader.go:77.4,78.1 1 0
github.com/raghavkgarg/mycase/pkg/stockpicker/loader.go:79.3,79.20 1 0
github.com/raghavkgarg/mycase/pkg/stockpicker/loader.go:82.2,83.16 2 1
github.com/raghavkgarg/mycase/pkg/stockpicker/loader.go:84.3,85.1 1 0
github.com/raghavkgarg/mycase/pkg/stockpicker/loader.go:86.2,87.1 4 1
github.com/raghavkgarg/mycase/pkg/stockpicker/loader.go:88.2,90.36 4 1
github.com/raghavkgarg/mycase/pkg/stockpicker/loader.go:91.3,92.1 1 0
github.com/raghavkgarg/mycase/pkg/stockpicker/loader.go:94.2,95.31 2 1
github.com/raghavkgarg/mycase/pkg/stockpicker/loader.go:96.3,97.47 2 1
github.com/raghavkgarg/mycase/pkg/stockpicker/loader.go:98.4,99.9 2 1
github.com/raghavkgarg/mycase/pkg/stockpicker/loader.go:103.2,103.21 1 1
github.com/raghavkgarg/mycase/pkg/stockpicker/loader.go:104.3,105.1 1 0
github.com/raghavkgarg/mycase/pkg/stockpicker/loader.go:107.2,107.37 1 1
github.com/raghavkgarg/mycase/pkg/stockpicker/loader.go:108.3,108.30 1 1
github.com/raghavkgarg/mycase/pkg/stockpicker/loader.go:109.4,110.20 2 1
github.com/raghavkgarg/mycase/pkg/stockpicker/loader.go:111.5,111.155 1 1
github.com/raghavkgarg/mycase/pkg/stockpicker/loader.go:112.6,113.1 1 0
github.com/raghavkgarg/mycase/pkg/stockpicker/loader.go:118.2,118.14 1 1
github.com/raghavkgarg/mycase/pkg/stockpicker/loader.go:123.2,124.44 2 1
github.com/raghavkgarg/mycase/pkg/stockpicker/loader.go:125.3,126.1 1 0
github.com/raghavkgarg/mycase/pkg/stockpicker/loader.go:127.2,127.26 1 1
github.com/raghavkgarg/mycase/pkg/stockpicker/loader.go:128.3,129.1 1 0
github.com/raghavkgarg/mycase/pkg/stockpicker/loader.go:130.2,130.45 1 1
github.com/raghavkgarg/mycase/pkg/stockpicker/loader.go:134.2,134.32 1 1
github.com/raghavkgarg/mycase/pkg/stockpicker/loader.go:135.3,138.69 4 0
github.com/raghavkgarg/mycase/pkg/stockpicker/loader.go:139.4,140.1 1 0
github.com/raghavkgarg/mycase/pkg/stockpicker/loader.go:141.3,141.20 1 0
github.com/raghavkgarg/mycase/pkg/stockpicker/loader.go:144.2,145.16 2 1
github.com/raghavkgarg/mycase/pkg/stockpicker/loader.go:146.3,147.1 1 0
github.com/raghavkgarg/mycase/pkg/stockpicker/loader.go:148.2,149.1 4 1
github.com/raghavkgarg/mycase/pkg/stockpicker/loader.go:150.2,152.16 4 1
github.com/raghavkgarg/mycase/pkg/stockpicker/loader.go:153.3,154.1 1 0
github.com/raghavkgarg/mycase/pkg/stockpicker/loader.go:156.2,158.22 3 1
github.com/raghavkgarg/mycase/pkg/stockpicker/loader.go:159.3,160.1 1 1
github.com/raghavkgarg/mycase/pkg/stockpicker/loader.go:162.2,162.21 1 1
github.com/raghavkgarg/mycase/pkg/stockpicker/loader.go:163.3,164.1 1 0
github.com/raghavkgarg/mycase/pkg/stockpicker/loader.go:166.2,169.37 4 1
github.com/raghavkgarg/mycase/pkg/stockpicker/loader.go:170.3,170.30 1 1
github.com/raghavkgarg/mycase/pkg/stockpicker/loader.go:171.4,172.20 2 1
github.com/raghavkgarg/mycase/pkg/stockpicker/loader.go:173.5,173.30 1 1
github.com/raghavkgarg/mycase/pkg/stockpicker/loader.go:174.6,174.14 1 0
github.com/raghavkgarg/mycase/pkg/stockpicker/loader.go:176.5,176.198 1 1
github.com/raghavkgarg/mycase/pkg/stockpicker/loader.go:177.6,177.18 1 1
github.com/raghavkgarg/mycase/pkg/stockpicker/loader.go:178.7,179.1 1 1
github.com/raghavkgarg/mycase/pkg/stockpicker/loader.go:180.7,181.1 1 1
github.com/raghavkgarg/mycase/pkg/stockpicker/loader.go:183.5,184.51 2 1
github.com/raghavkgarg/mycase/pkg/stockpicker/loader.go:185.6,185.64 1 1
github.com/raghavkgarg/mycase/pkg/stockpicker/loader.go:186.7,187.1 1 1
github.com/raghavkgarg/mycase/pkg/stockpicker/loader.go:193.2,193.30 1 1
github.com/raghavkgarg/mycase/pkg/stockpicker/loader.go:197.2,201.1 9 1
github.com/raghavkgarg/mycase/pkg/stockpicker/loader.go:202.2,204.1 9 1
github.com/raghavkgarg/mycase/pkg/stockpicker/loader.go:205.2,207.16 9 1
github.com/raghavkgarg/mycase/pkg/stockpicker/loader.go:208.3,209.1 1 0
github.com/raghavkgarg/mycase/pkg/stockpicker/loader.go:210.3,212.17 3 1
github.com/raghavkgarg/mycase/pkg/stockpicker/loader.go:213.4,214.1 1 1
github.com/raghavkgarg/mycase/pkg/stockpicker/loader.go:215.4,216.40 2 0
github.com/raghavkgarg/mycase/pkg/stockpicker/loader.go:217.5,218.1 1 0
github.com/raghavkgarg/mycase/pkg/stockpicker/loader.go:219.5,220.20 2 0
github.com/raghavkgarg/mycase/pkg/stockpicker/loader.go:221.6,222.1 1 0
github.com/raghavkgarg/mycase/pkg/stockpicker/loader.go:223.6,225.21 3 0
github.com/raghavkgarg/mycase/pkg/stockpicker/loader.go:226.7,227.1 1 0
github.com/raghavkgarg/mycase/pkg/stockpicker/loader.go:228.7,229.27 2 0
github.com/raghavkgarg/mycase/pkg/stockpicker/loader.go:230.8,230.60 1 0
github.com/raghavkgarg/mycase/pkg/stockpicker/loader.go:231.9,232.1 1 0
github.com/raghavkgarg/mycase/pkg/stockpicker/loader.go:241.2,241.21 1 1
github.com/raghavkgarg/mycase/pkg/stockpicker/loader.go:242.3,242.85 1 1
github.com/raghavkgarg/mycase/pkg/stockpicker/loader.go:243.4,244.66 2 1
github.com/raghavkgarg/mycase/pkg/stockpicker/loader.go:245.5,249.1 3 1
github.com/raghavkgarg/mycase/pkg/stockpicker/loader.go:253.2,253.21 1 1
github.com/raghavkgarg/mycase/pkg/stockpicker/loader.go:254.3,255.1 1 0
github.com/raghavkgarg/mycase/pkg/stockpicker/loader.go:257.2,259.22 3 1
github.com/raghavkgarg/mycase/pkg/stockpicker/loader.go:260.3,261.1 1 1
github.com/raghavkgarg/mycase/pkg/stockpicker/loader.go:263.2,263.21 1 1
github.com/raghavkgarg/mycase/pkg/stockpicker/loader.go:264.3,265.1 1 0
github.com/raghavkgarg/mycase/pkg/stockpicker/loader.go:267.2,270.37 4 1
github.com/raghavkgarg/mycase/pkg/stockpicker/loader.go:271.3,271.30 1 1
github.com/raghavkgarg/mycase/pkg/stockpicker/loader.go:272.4,273.17 2 1
github.com/raghavkgarg/mycase/pkg/stockpicker/loader.go:274.5,274.27 1 1
github.com/raghavkgarg/mycase/pkg/stockpicker/loader.go:275.6,275.14 1 0
github.com/raghavkgarg/mycase/pkg/stockpicker/loader.go:277.5,278.13 2 1
github.com/raghavkgarg/mycase/pkg/stockpicker/loader.go:279.6,280.1 1 0
github.com/raghavkgarg/mycase/pkg/stockpicker/loader.go:281.6,282.1 1 1
github.com/raghavkgarg/mycase/pkg/stockpicker/loader.go:283.5,284.51 2 1
github.com/raghavkgarg/mycase/pkg/stockpicker/loader.go:285.6,285.64 1 1
github.com/raghavkgarg/mycase/pkg/stockpicker/loader.go:286.7,287.1 1 1
github.com/raghavkgarg/mycase/pkg/stockpicker/loader.go:293.2,293.30 1 1
github.com/raghavkgarg/mycase/pkg/stockpicker/loader.go:300.2,301.27 2 1
github.com/raghavkgarg/mycase/pkg/stockpicker/loader.go:302.3,303.17 2 1
github.com/raghavkgarg/mycase/pkg/stockpicker/loader.go:305.4,305.23 1 1
github.com/raghavkgarg/mycase/pkg/stockpicker/loader.go:306.5,307.1 1 1
github.com/raghavkgarg/mycase/pkg/stockpicker/loader.go:309.4,309.23 1 1
github.com/raghavkgarg/mycase/pkg/stockpicker/loader.go:310.5,311.1 1 1
github.com/raghavkgarg/mycase/pkg/stockpicker/loader.go:314.2,314.29 1 1
github.com/raghavkgarg/mycase/pkg/stockpicker/loader.go:319.2,321.1 2 1
github.com/raghavkgarg/mycase/pkg/stockpicker/loader.go:325.2,325.20 1 0
github.com/raghavkgarg/mycase/pkg/stockpicker/loader.go:326.3,328.17 3 0
github.com/raghavkgarg/mycase/pkg/stockpicker/loader.go:329.4,330.1 1 0
github.com/raghavkgarg/mycase/pkg/stockpicker/loader.go:331.3,336.9 2 0
github.com/raghavkgarg/mycase/pkg/stockpicker/loader.go:339.2,340.16 2 0
github.com/raghavkgarg/mycase/pkg/stockpicker/loader.go:341.3,342.1 1 0
github.com/raghavkgarg/mycase/pkg/stockpicker/loader.go:344.2,344.62 1 0
github.com/raghavkgarg/mycase/pkg/stockpicker/loader.go:345.3,346.1 1 0
github.com/raghavkgarg/mycase/pkg/stockpicker/loader.go:347.2,347.24 1 0
github.com/raghavkgarg/mycase/pkg/stockpicker/loader.go:348.3,349.1 1 0
github.com/raghavkgarg/mycase/pkg/stockpicker/loader.go:351.2,354.1 4 0
github.com/raghavkgarg/mycase/pkg/stockpicker/loader.go:355.2,355.34 4 0
github.com/raghavkgarg/mycase/pkg/stockpicker/loader.go:356.3,357.19 2 0
github.com/raghavkgarg/mycase/pkg/stockpicker/loader.go:358.4,358.12 1 0
github.com/raghavkgarg/mycase/pkg/stockpicker/loader.go:362.3,364.19 3 0
github.com/raghavkgarg/mycase/pkg/stockpicker/loader.go:366.4,366.55 1 0
github.com/raghavkgarg/mycase/pkg/stockpicker/loader.go:368.4,368.68 1 0
github.com/raghavkgarg/mycase/pkg/stockpicker/loader.go:370.4,370.33 1 0
github.com/raghavkgarg/mycase/pkg/stockpicker/loader.go:373.3,373.37 1 0
github.com/raghavkgarg/mycase/pkg/stockpicker/loader.go:374.4,376.11 3 0
github.com/raghavkgarg/mycase/pkg/stockpicker/loader.go:377.5,378.1 1 0
github.com/raghavkgarg/mycase/pkg/stockpicker/loader.go:380.4,382.18 3 0
github.com/raghavkgarg/mycase/pkg/stockpicker/loader.go:383.5,384.1 1 0
github.com/raghavkgarg/mycase/pkg/stockpicker/loader.go:385.4,386.1 2 0
github.com/raghavkgarg/mycase/pkg/stockpicker/loader.go:387.4,387.30 2 0
github.com/raghavkgarg/mycase/pkg/stockpicker/loader.go:388.5,388.17 1 0
github.com/raghavkgarg/mycase/pkg/stockpicker/loader.go:389.6,391.1 2 0
github.com/raghavkgarg/mycase/pkg/stockpicker/loader.go:393.4,393.32 1 0
github.com/raghavkgarg/mycase/pkg/stockpicker/loader.go:394.5,394.36 1 0
github.com/raghavkgarg/mycase/pkg/stockpicker/loader.go:395.6,396.1 1 0
github.com/raghavkgarg/mycase/pkg/stockpicker/loader.go:401.2,402.1 3 0
github.com/raghavkgarg/mycase/pkg/stockpicker/loader.go:403.2,404.23 3 0
github.com/raghavkgarg/mycase/pkg/stockpicker/loader.go:405.3,406.1 1 0
github.com/raghavkgarg/mycase/pkg/stockpicker/loader.go:408.2,412.8 1 0
github.com/raghavkgarg/mycase/pkg/stockpicker/loader.go:419.2,422.1 4 0
github.com/raghavkgarg/mycase/pkg/stockpicker/loader.go:423.2,427.1 4 0
github.com/raghavkgarg/mycase/pkg/stockpicker/loader.go:429.2,429.80 4 0
github.com/raghavkgarg/mycase/pkg/stockpicker/loader.go:430.3,433.1 4 0
github.com/raghavkgarg/mycase/pkg/stockpicker/loader.go:434.3,434.25 4 0
github.com/raghavkgarg/mycase/pkg/stockpicker/loader.go:435.4,435.17 1 0
github.com/raghavkgarg/mycase/pkg/stockpicker/loader.go:436.5,436.27 1 0
github.com/raghavkgarg/mycase/pkg/stockpicker/loader.go:437.6,439.1 2 0
github.com/raghavkgarg/mycase/pkg/stockpicker/loader.go:443.3,443.29 1 0
github.com/raghavkgarg/mycase/pkg/stockpicker/loader.go:444.4,445.1 1 0
github.com/raghavkgarg/mycase/pkg/stockpicker/loader.go:446.3,447.1 2 0
github.com/raghavkgarg/mycase/pkg/stockpicker/loader.go:448.3,448.13 2 0
github.com/raghavkgarg/mycase/pkg/stockpicker/loader.go:449.4,451.1 2 0
github.com/raghavkgarg/mycase/pkg/stockpicker/loader.go:453.3,455.28 3 0
github.com/raghavkgarg/mycase/pkg/stockpicker/loader.go:456.4,456.70 1 0
github.com/raghavkgarg/mycase/pkg/stockpicker/loader.go:457.5,458.1 1 0
github.com/raghavkgarg/mycase/pkg/stockpicker/loader.go:459.5,460.1 1 0
github.com/raghavkgarg/mycase/pkg/stockpicker/loader.go:462.3,462.27 1 0
github.com/raghavkgarg/mycase/pkg/stockpicker/loader.go:466.2,469.32 4 0
github.com/raghavkgarg/mycase/pkg/stockpicker/loader.go:470.3,472.1 2 0
github.com/raghavkgarg/mycase/pkg/stockpicker/loader.go:475.2,478.73 3 0
github.com/raghavkgarg/mycase/pkg/stockpicker/loader.go:479.3,480.10 2 0
github.com/raghavkgarg/mycase/pkg/stockpicker/loader.go:482.4,482.19 1 0
github.com/raghavkgarg/mycase/pkg/stockpicker/loader.go:483.38,483.38 0 0
github.com/raghavkgarg/mycase/pkg/stockpicker/loader.go:486.3,487.40 2 0
github.com/raghavkgarg/mycase/pkg/stockpicker/loader.go:488.4,490.1 2 0
github.com/raghavkgarg/mycase/pkg/stockpicker/loader.go:491.3,491.31 1 0
github.com/raghavkgarg/mycase/pkg/stockpicker/loader.go:494.2,497.1 5 0
github.com/raghavkgarg/mycase/pkg/stockpicker/loader.go:498.2,499.1 5 0
github.com/raghavkgarg/mycase/pkg/stockpicker/loader.go:500.2,500.25 5 0
github.com/raghavkgarg/mycase/pkg/stockpicker/loader.go:501.3,503.21 3 0
github.com/raghavkgarg/mycase/pkg/stockpicker/loader.go:504.4,507.1 1 0
github.com/raghavkgarg/mycase/pkg/stockpicker/loader.go:508.4,510.1 1 0
github.com/raghavkgarg/mycase/pkg/stockpicker/loader.go:513.2,513.44 1 0
github.com/raghavkgarg/mycase/pkg/stockpicker/loader.go:519.2,522.1 4 0
github.com/raghavkgarg/mycase/pkg/stockpicker/loader.go:523.2,527.1 4 0
github.com/raghavkgarg/mycase/pkg/stockpicker/loader.go:529.2,529.80 4 0
github.com/raghavkgarg/mycase/pkg/stockpicker/loader.go:530.3,533.1 4 0
github.com/raghavkgarg/mycase/pkg/stockpicker/loader.go:534.3,534.25 4 0
github.com/raghavkgarg/mycase/pkg/stockpicker/loader.go:535.4,535.17 1 0
github.com/raghavkgarg/mycase/pkg/stockpicker/loader.go:536.5,536.27 1 0
github.com/raghavkgarg/mycase/pkg/stockpicker/loader.go:537.6,539.1 2 0
github.com/raghavkgarg/mycase/pkg/stockpicker/loader.go:543.3,543.29 1 0
github.com/raghavkgarg/mycase/pkg/stockpicker/loader.go:544.4,545.1 1 0
github.com/raghavkgarg/mycase/pkg/stockpicker/loader.go:546.3,547.1 2 0
github.com/raghavkgarg/mycase/pkg/stockpicker/loader.go:548.3,548.13 2 0
github.com/raghavkgarg/mycase/pkg/stockpicker/loader.go:549.4,551.1 2 0
github.com/raghavkgarg/mycase/pkg/stockpicker/loader.go:553.3,555.28 3 0
github.com/raghavkgarg/mycase/pkg/stockpicker/loader.go:556.4,556.70 1 0
github.com/raghavkgarg/mycase/pkg/stockpicker/loader.go:557.5,558.1 1 0
github.com/raghavkgarg/mycase/pkg/stockpicker/loader.go:559.5,560.1 1 0
github.com/raghavkgarg/mycase/pkg/stockpicker/loader.go:562.3,562.27 1 0
github.com/raghavkgarg/mycase/pkg/stockpicker/loader.go:566.2,569.32 4 0
github.com/raghavkgarg/mycase/pkg/stockpicker/loader.go:570.3,572.1 2 0
github.com/raghavkgarg/mycase/pkg/stockpicker/loader.go:575.2,578.73 3 0
github.com/raghavkgarg/mycase/pkg/stockpicker/loader.go:579.3,580.10 2 0
github.com/raghavkgarg/mycase/pkg/stockpicker/loader.go:582.4,582.19 1 0
github.com/raghavkgarg/mycase/pkg/stockpicker/loader.go:583.38,583.38 0 0
github.com/raghavkgarg/mycase/pkg/stockpicker/loader.go:586.3,587.40 2 0
github.com/raghavkgarg/mycase/pkg/stockpicker/loader.go:588.4,590.1 2 0
github.com/raghavkgarg/mycase/pkg/stockpicker/loader.go:591.3,591.31 1 0
github.com/raghavkgarg/mycase/pkg/stockpicker/loader.go:594.2,597.1 5 0
github.com/raghavkgarg/mycase/pkg/stockpicker/loader.go:598.2,599.44 5 0
github.com/raghavkgarg/mycase/pkg/stockpicker/loader.go:604.2,607.1 5 1
github.com/raghavkgarg/mycase/pkg/stockpicker/loader.go:608.2,609.25 5 1
github.com/raghavkgarg/mycase/pkg/stockpicker/loader.go:610.3,610.21 1 1
github.com/raghavkgarg/mycase/pkg/stockpicker/loader.go:611.4,612.1 1 0
github.com/raghavkgarg/mycase/pkg/stockpicker/loader.go:613.4,614.1 1 1
github.com/raghavkgarg/mycase/pkg/stockpicker/loader.go:615.3,615.51 1 1
github.com/raghavkgarg/mycase/pkg/stockpicker/loader.go:616.4,617.1 1 0
github.com/raghavkgarg/mycase/pkg/stockpicker/loader.go:618.3,618.32 1 1
github.com/raghavkgarg/mycase/pkg/stockpicker/loader.go:619.4,620.11 2 1
github.com/raghavkgarg/mycase/pkg/stockpicker/loader.go:622.5,622.26 1 0
github.com/raghavkgarg/mycase/pkg/stockpicker/loader.go:623.41,623.41 0 1
github.com/raghavkgarg/mycase/pkg/stockpicker/loader.go:629.2,631.14 3 1
github.com/raghavkgarg/mycase/pkg/stockpicker/loader.go:632.3,632.74 1 1
github.com/raghavkgarg/mycase/pkg/stockpicker/loader.go:633.4,635.1 2 1
github.com/raghavkgarg/mycase/pkg/stockpicker/loader.go:637.2,637.24 1 1
github.com/raghavkgarg/mycase/pkg/stockpicker/loader.go:638.3,639.1 1 1
github.com/raghavkgarg/mycase/pkg/stockpicker/loader.go:641.2,641.14 1 1
github.com/raghavkgarg/mycase/pkg/stockpicker/loader.go:642.3,644.18 3 1
github.com/raghavkgarg/mycase/pkg/stockpicker/loader.go:645.4,647.20 3 1
github.com/raghavkgarg/mycase/pkg/stockpicker/loader.go:648.5,649.42 2 0
github.com/raghavkgarg/mycase/pkg/stockpicker/loader.go:650.6,651.1 1 0
github.com/raghavkgarg/mycase/pkg/stockpicker/loader.go:653.4,653.24 1 1
github.com/raghavkgarg/mycase/pkg/stockpicker/loader.go:654.5,656.1 2 0
github.com/raghavkgarg/mycase/pkg/stockpicker/loader.go:660.2,660.80 1 1
github.com/raghavkgarg/mycase/pkg/stockpicker/loader.go:665.2,667.16 3 0
github.com/raghavkgarg/mycase/pkg/stockpicker/loader.go:668.3,669.1 1 0
github.com/raghavkgarg/mycase/pkg/stockpicker/loader.go:671.2,672.31 2 0
github.com/raghavkgarg/mycase/pkg/stockpicker/loader.go:673.3,674.41 2 0
github.com/raghavkgarg/mycase/pkg/stockpicker/loader.go:675.4,676.1 1 0
github.com/raghavkgarg/mycase/pkg/stockpicker/loader.go:677.4,678.1 1 0
github.com/raghavkgarg/mycase/pkg/stockpicker/loader.go:681.2,681.49 1 0
github.com/raghavkgarg/mycase/pkg/stockpicker/rationale.go:22.2,23.1 3 0
github.com/raghavkgarg/mycase/pkg/stockpicker/rationale.go:24.2,25.46 3 0
github.com/raghavkgarg/mycase/pkg/stockpicker/rationale.go:26.3,27.1 1 0
github.com/raghavkgarg/mycase/pkg/stockpicker/rationale.go:28.2,29.24 2 0
github.com/raghavkgarg/mycase/pkg/stockpicker/rationale.go:30.3,31.1 1 0
github.com/raghavkgarg/mycase/pkg/stockpicker/rationale.go:33.2,33.29 1 0
github.com/raghavkgarg/mycase/pkg/stockpicker/rationale.go:34.3,35.35 2 0
github.com/raghavkgarg/mycase/pkg/stockpicker/rationale.go:36.4,37.19 2 0
github.com/raghavkgarg/mycase/pkg/stockpicker/rationale.go:38.5,39.1 1 0
github.com/raghavkgarg/mycase/pkg/stockpicker/rationale.go:40.5,41.1 1 0
github.com/raghavkgarg/mycase/pkg/stockpicker/rationale.go:43.4,44.1 1 0
github.com/raghavkgarg/mycase/pkg/stockpicker/rationale.go:46.3,47.66 2 0
github.com/raghavkgarg/mycase/pkg/stockpicker/rationale.go:48.4,49.1 1 0
github.com/raghavkgarg/mycase/pkg/stockpicker/rationale.go:50.3,51.50 2 0
github.com/raghavkgarg/mycase/pkg/stockpicker/rationale.go:52.4,53.1 1 0
github.com/raghavkgarg/mycase/pkg/stockpicker/rationale.go:54.4,55.1 1 0
github.com/raghavkgarg/mycase/pkg/stockpicker/rationale.go:57.3,58.35 2 0
github.com/raghavkgarg/mycase/pkg/stockpicker/rationale.go:59.4,59.27 1 0
github.com/raghavkgarg/mycase/pkg/stockpicker/rationale.go:60.5,61.1 1 0
github.com/raghavkgarg/mycase/pkg/stockpicker/rationale.go:61.11,61.34 1 0
github.com/raghavkgarg/mycase/pkg/stockpicker/rationale.go:62.5,63.1 1 0
github.com/raghavkgarg/mycase/pkg/stockpicker/rationale.go:64.5,65.1 1 0
github.com/raghavkgarg/mycase/pkg/stockpicker/rationale.go:67.4,68.1 1 0
github.com/raghavkgarg/mycase/pkg/stockpicker/rationale.go:70.3,71.1 2 0
github.com/raghavkgarg/mycase/pkg/stockpicker/rationale.go:72.3,72.49 2 0
github.com/raghavkgarg/mycase/pkg/stockpicker/rationale.go:73.4,76.26 4 0
github.com/raghavkgarg/mycase/pkg/stockpicker/rationale.go:77.5,77.51 1 0
github.com/raghavkgarg/mycase/pkg/stockpicker/rationale.go:78.6,79.1 1 0
github.com/raghavkgarg/mycase/pkg/stockpicker/rationale.go:80.5,80.49 1 0
github.com/raghavkgarg/mycase/pkg/stockpicker/rationale.go:81.6,82.1 1 0
github.com/raghavkgarg/mycase/pkg/stockpicker/rationale.go:84.4,86.19 3 0
github.com/raghavkgarg/mycase/pkg/stockpicker/rationale.go:87.5,88.1 1 0
github.com/raghavkgarg/mycase/pkg/stockpicker/rationale.go:89.4,89.256 1 0
github.com/raghavkgarg/mycase/pkg/stockpicker/rationale.go:91.4,92.1 1 0
github.com/raghavkgarg/mycase/pkg/stockpicker/rationale.go:94.3,94.33 1 0
github.com/raghavkgarg/mycase/pkg/stockpicker/rationale.go:95.4,96.1 1 0
github.com/raghavkgarg/mycase/pkg/stockpicker/rationale.go:96.10,96.27 1 0
github.com/raghavkgarg/mycase/pkg/stockpicker/rationale.go:97.4,98.1 1 0
github.com/raghavkgarg/mycase/pkg/stockpicker/rationale.go:98.10,98.26 1 0
github.com/raghavkgarg/mycase/pkg/stockpicker/rationale.go:99.4,100.1 1 0
github.com/raghavkgarg/mycase/pkg/stockpicker/rationale.go:101.4,102.1 1 0
github.com/raghavkgarg/mycase/pkg/stockpicker/rationale.go:103.3,103.51 1 0
github.com/raghavkgarg/mycase/pkg/stockpicker/rationale.go:104.4,105.1 1 0
github.com/raghavkgarg/mycase/pkg/stockpicker/rationale.go:105.10,105.37 1 0
github.com/raghavkgarg/mycase/pkg/stockpicker/rationale.go:106.4,107.1 1 0
github.com/raghavkgarg/mycase/pkg/stockpicker/rationale.go:107.10,107.35 1 0
github.com/raghavkgarg/mycase/pkg/stockpicker/rationale.go:108.4,109.1 1 0
github.com/raghavkgarg/mycase/pkg/stockpicker/rationale.go:110.3,110.33 1 0
github.com/raghavkgarg/mycase/pkg/stockpicker/rationale.go:111.4,112.1 1 0
github.com/raghavkgarg/mycase/pkg/stockpicker/rationale.go:112.10,112.37 1 0
github.com/raghavkgarg/mycase/pkg/stockpicker/rationale.go:113.4,114.1 1 0
github.com/raghavkgarg/mycase/pkg/stockpicker/rationale.go:114.10,114.38 1 0
github.com/raghavkgarg/mycase/pkg/stockpicker/rationale.go:115.4,116.1 1 0
github.com/raghavkgarg/mycase/pkg/stockpicker/rationale.go:117.3,117.22 1 0
github.com/raghavkgarg/mycase/pkg/stockpicker/rationale.go:118.4,119.1 1 0
github.com/raghavkgarg/mycase/pkg/stockpicker/rationale.go:120.3,120.35 1 0
github.com/raghavkgarg/mycase/pkg/stockpicker/rationale.go:121.4,122.1 1 0
github.com/raghavkgarg/mycase/pkg/stockpicker/rationale.go:125.2,125.18 1 0
github.com/raghavkgarg/mycase/pkg/stockpicker/retry.go:23.2,26.1 4 0
github.com/raghavkgarg/mycase/pkg/stockpicker/retry.go:28.2,28.53 4 0
github.com/raghavkgarg/mycase/pkg/stockpicker/retry.go:29.3,29.21 1 0
github.com/raghavkgarg/mycase/pkg/stockpicker/retry.go:30.4,31.1 1 0
github.com/raghavkgarg/mycase/pkg/stockpicker/retry.go:32.3,33.22 2 0
github.com/raghavkgarg/mycase/pkg/stockpicker/retry.go:34.4,35.1 1 0
github.com/raghavkgarg/mycase/pkg/stockpicker/retry.go:36.3,38.111 3 0
github.com/raghavkgarg/mycase/pkg/stockpicker/retry.go:41.2,42.16 2 0
github.com/raghavkgarg/mycase/pkg/stockpicker/retry.go:43.3,44.1 1 0
github.com/raghavkgarg/mycase/pkg/stockpicker/retry.go:46.2,47.52 2 0
github.com/raghavkgarg/mycase/pkg/stockpicker/retry.go:48.3,49.1 1 0
github.com/raghavkgarg/mycase/pkg/stockpicker/retry.go:52.2,53.36 2 0
github.com/raghavkgarg/mycase/pkg/stockpicker/retry.go:54.3,54.35 1 0
github.com/raghavkgarg/mycase/pkg/stockpicker/retry.go:55.4,55.12 1 0
github.com/raghavkgarg/mycase/pkg/stockpicker/retry.go:57.3,57.195 1 0
github.com/raghavkgarg/mycase/pkg/stockpicker/retry.go:58.4,59.1 1 0
github.com/raghavkgarg/mycase/pkg/stockpicker/retry.go:61.2,62.1 2 0
github.com/raghavkgarg/mycase/pkg/stockpicker/retry.go:63.2,63.29 2 0
github.com/raghavkgarg/mycase/pkg/stockpicker/retry.go:64.3,67.1 2 0
github.com/raghavkgarg/mycase/pkg/stockpicker/retry.go:69.2,71.1 4 0
github.com/raghavkgarg/mycase/pkg/stockpicker/retry.go:73.2,74.1 4 0
github.com/raghavkgarg/mycase/pkg/stockpicker/retry.go:76.2,77.25 4 0
github.com/raghavkgarg/mycase/pkg/stockpicker/retry.go:78.3,80.18 3 0
github.com/raghavkgarg/mycase/pkg/stockpicker/retry.go:81.4,82.1 1 0
github.com/raghavkgarg/mycase/pkg/stockpicker/retry.go:85.2,86.16 2 0
github.com/raghavkgarg/mycase/pkg/stockpicker/retry.go:87.3,88.1 1 0
github.com/raghavkgarg/mycase/pkg/stockpicker/retry.go:91.2,93.32 3 0
github.com/raghavkgarg/mycase/pkg/stockpicker/retry.go:94.3,95.1 1 0
github.com/raghavkgarg/mycase/pkg/stockpicker/retry.go:97.2,98.65 2 0
github.com/raghavkgarg/mycase/pkg/stockpicker/retry.go:99.3,100.1 1 0
github.com/raghavkgarg/mycase/pkg/stockpicker/retry.go:101.3,102.1 1 0
github.com/raghavkgarg/mycase/pkg/stockpicker/retry.go:103.2,104.30 2 0
github.com/raghavkgarg/mycase/pkg/stockpicker/retry.go:105.3,106.1 1 0
github.com/raghavkgarg/mycase/pkg/stockpicker/retry.go:109.2,112.22 4 0
github.com/raghavkgarg/mycase/pkg/stockpicker/retry.go:113.3,114.1 1 0
github.com/raghavkgarg/mycase/pkg/stockpicker/retry.go:117.2,118.20 2 0
github.com/raghavkgarg/mycase/pkg/stockpicker/retry.go:119.3,119.64 1 0
github.com/raghavkgarg/mycase/pkg/stockpicker/retry.go:120.4,121.1 1 0
github.com/raghavkgarg/mycase/pkg/stockpicker/retry.go:124.2,126.34 3 0
github.com/raghavkgarg/mycase/pkg/stockpicker/retry.go:127.3,127.34 1 0
github.com/raghavkgarg/mycase/pkg/stockpicker/retry.go:128.4,130.17 3 0
github.com/raghavkgarg/mycase/pkg/stockpicker/retry.go:131.5,132.1 1 0
github.com/raghavkgarg/mycase/pkg/stockpicker/retry.go:134.4,134.22 1 0
github.com/raghavkgarg/mycase/pkg/stockpicker/retry.go:135.5,138.1 10 0
github.com/raghavkgarg/mycase/pkg/stockpicker/retry.go:139.5,144.1 10 0
github.com/raghavkgarg/mycase/pkg/stockpicker/retry.go:145.5,146.45 10 0
github.com/raghavkgarg/mycase/pkg/stockpicker/retry.go:147.6,147.56 1 0
github.com/raghavkgarg/mycase/pkg/stockpicker/retry.go:148.7,149.1 1 0
github.com/raghavkgarg/mycase/pkg/stockpicker/retry.go:150.6,150.53 1 0
github.com/raghavkgarg/mycase/pkg/stockpicker/retry.go:151.7,152.1 1 0
github.com/raghavkgarg/mycase/pkg/stockpicker/retry.go:153.6,153.56 1 0
github.com/raghavkgarg/mycase/pkg/stockpicker/retry.go:154.7,155.1 1 0
github.com/raghavkgarg/mycase/pkg/stockpicker/retry.go:156.6,156.54 1 0
github.com/raghavkgarg/mycase/pkg/stockpicker/retry.go:157.7,158.1 1 0
github.com/raghavkgarg/mycase/pkg/stockpicker/retry.go:161.5,168.1 8 0
github.com/raghavkgarg/mycase/pkg/stockpicker/retry.go:169.5,184.1 8 0
github.com/raghavkgarg/mycase/pkg/stockpicker/retry.go:186.5,187.21 2 0
github.com/raghavkgarg/mycase/pkg/stockpicker/retry.go:188.6,189.1 1 0
github.com/raghavkgarg/mycase/pkg/stockpicker/retry.go:190.5,196.1 1 0
github.com/raghavkgarg/mycase/pkg/stockpicker/retry.go:199.4,205.1 1 0
github.com/raghavkgarg/mycase/pkg/stockpicker/retry.go:210.2,211.36 2 0
github.com/raghavkgarg/mycase/pkg/stockpicker/retry.go:212.3,212.21 1 0
github.com/raghavkgarg/mycase/pkg/stockpicker/retry.go:213.4,214.1 1 0
github.com/raghavkgarg/mycase/pkg/stockpicker/retry.go:216.2,217.1 3 0
github.com/raghavkgarg/mycase/pkg/stockpicker/retry.go:219.2,220.16 3 0
github.com/raghavkgarg/mycase/pkg/stockpicker/retry.go:221.3,222.1 1 0
github.com/raghavkgarg/mycase/pkg/stockpicker/retry.go:223.2,224.1 10 0
github.com/raghavkgarg/mycase/pkg/stockpicker/retry.go:225.2,233.1 10 0
github.com/raghavkgarg/mycase/pkg/stockpicker/retry.go:234.2,234.19 10 0
github.com/raghavkgarg/mycase/pkg/stockpicker/run.go:49.2,51.1 2 0
github.com/raghavkgarg/mycase/pkg/stockpicker/run.go:59.2,60.64 2 0
github.com/raghavkgarg/mycase/pkg/stockpicker/run.go:61.3,62.1 1 0
github.com/raghavkgarg/mycase/pkg/stockpicker/run.go:64.2,65.27 2 0
github.com/raghavkgarg/mycase/pkg/stockpicker/run.go:67.3,68.17 2 0
github.com/raghavkgarg/mycase/pkg/stockpicker/run.go:69.4,70.1 1 0
github.com/raghavkgarg/mycase/pkg/stockpicker/run.go:71.3,72.12 2 0
github.com/raghavkgarg/mycase/pkg/stockpicker/run.go:74.2,74.16 1 0
github.com/raghavkgarg/mycase/pkg/stockpicker/run.go:75.3,76.1 1 0
github.com/raghavkgarg/mycase/pkg/stockpicker/run.go:81.2,83.22 3 0
github.com/raghavkgarg/mycase/pkg/stockpicker/run.go:84.3,84.26 1 0
github.com/raghavkgarg/mycase/pkg/stockpicker/run.go:85.4,86.1 1 0
github.com/raghavkgarg/mycase/pkg/stockpicker/run.go:87.4,88.1 1 0
github.com/raghavkgarg/mycase/pkg/stockpicker/run.go:90.2,91.1 5 0
github.com/raghavkgarg/mycase/pkg/stockpicker/run.go:92.2,93.1 5 0
github.com/raghavkgarg/mycase/pkg/stockpicker/run.go:95.2,97.39 5 0
github.com/raghavkgarg/mycase/pkg/stockpicker/run.go:98.3,98.24 1 0
github.com/raghavkgarg/mycase/pkg/stockpicker/run.go:99.4,101.1 2 0
github.com/raghavkgarg/mycase/pkg/stockpicker/run.go:103.2,103.31 1 0
github.com/raghavkgarg/mycase/pkg/stockpicker/run.go:104.3,104.24 1 0
github.com/raghavkgarg/mycase/pkg/stockpicker/run.go:105.4,107.1 2 0
github.com/raghavkgarg/mycase/pkg/stockpicker/run.go:110.2,111.26 2 0
github.com/raghavkgarg/mycase/pkg/stockpicker/run.go:112.3,114.1 2 0
github.com/raghavkgarg/mycase/pkg/stockpicker/run.go:116.2,117.16 2 0
github.com/raghavkgarg/mycase/pkg/stockpicker/run.go:118.3,119.1 1 0
github.com/raghavkgarg/mycase/pkg/stockpicker/run.go:121.2,122.16 2 0
github.com/raghavkgarg/mycase/pkg/stockpicker/run.go:123.3,124.1 1 0
github.com/raghavkgarg/mycase/pkg/stockpicker/run.go:125.2,125.28 1 0
github.com/raghavkgarg/mycase/pkg/stockpicker/run.go:126.3,126.34 1 0
github.com/raghavkgarg/mycase/pkg/stockpicker/run.go:127.4,127.46 1 0
github.com/raghavkgarg/mycase/pkg/stockpicker/run.go:128.5,129.1 1 0
github.com/raghavkgarg/mycase/pkg/stockpicker/run.go:130.4,130.50 1 0
github.com/raghavkgarg/mycase/pkg/stockpicker/run.go:131.5,132.1 1 0
github.com/raghavkgarg/mycase/pkg/stockpicker/run.go:134.3,134.29 1 0
github.com/raghavkgarg/mycase/pkg/stockpicker/run.go:135.4,136.1 1 0
github.com/raghavkgarg/mycase/pkg/stockpicker/run.go:137.3,137.31 1 0
github.com/raghavkgarg/mycase/pkg/stockpicker/run.go:138.4,139.1 1 0
github.com/raghavkgarg/mycase/pkg/stockpicker/run.go:140.3,140.33 1 0
github.com/raghavkgarg/mycase/pkg/stockpicker/run.go:141.4,142.1 1 0
github.com/raghavkgarg/mycase/pkg/stockpicker/run.go:143.3,143.28 1 0
github.com/raghavkgarg/mycase/pkg/stockpicker/run.go:144.4,145.1 1 0
github.com/raghavkgarg/mycase/pkg/stockpicker/run.go:148.2,149.16 2 0
github.com/raghavkgarg/mycase/pkg/stockpicker/run.go:150.3,151.1 1 0
github.com/raghavkgarg/mycase/pkg/stockpicker/run.go:156.2,157.1 2 0
github.com/raghavkgarg/mycase/pkg/stockpicker/run.go:159.2,159.33 2 0
github.com/raghavkgarg/mycase/pkg/stockpicker/run.go:160.3,160.26 1 0
github.com/raghavkgarg/mycase/pkg/stockpicker/run.go:161.4,161.62 1 0
github.com/raghavkgarg/mycase/pkg/stockpicker/run.go:162.5,164.1 2 0
github.com/raghavkgarg/mycase/pkg/stockpicker/run.go:168.2,171.1 4 0
github.com/raghavkgarg/mycase/pkg/stockpicker/run.go:174.2,174.31 4 0
github.com/raghavkgarg/mycase/pkg/stockpicker/run.go:175.3,176.1 1 0
github.com/raghavkgarg/mycase/pkg/stockpicker/run.go:178.2,178.42 1 0
github.com/raghavkgarg/mycase/pkg/stockpicker/run.go:180.3,181.1 1 0
github.com/raghavkgarg/mycase/pkg/stockpicker/run.go:181.9,181.35 1 0
github.com/raghavkgarg/mycase/pkg/stockpicker/run.go:182.3,183.1 1 0
github.com/raghavkgarg/mycase/pkg/stockpicker/run.go:184.3,185.1 1 0
github.com/raghavkgarg/mycase/pkg/stockpicker/run.go:187.2,187.26 1 0
github.com/raghavkgarg/mycase/pkg/stockpicker/run.go:188.3,190.1 2 0
github.com/raghavkgarg/mycase/pkg/stockpicker/run.go:194.2,194.93 1 0
github.com/raghavkgarg/mycase/pkg/stockpicker/run.go:195.3,196.23 2 0
github.com/raghavkgarg/mycase/pkg/stockpicker/run.go:197.4,198.1 1 0
github.com/raghavkgarg/mycase/pkg/stockpicker/run.go:199.3,199.67 1 0
github.com/raghavkgarg/mycase/pkg/stockpicker/run.go:203.2,206.31 4 0
github.com/raghavkgarg/mycase/pkg/stockpicker/run.go:207.3,209.63 3 0
github.com/raghavkgarg/mycase/pkg/stockpicker/run.go:210.4,211.1 1 0
github.com/raghavkgarg/mycase/pkg/stockpicker/run.go:212.3,212.66 1 0
github.com/raghavkgarg/mycase/pkg/stockpicker/run.go:213.4,214.1 1 0
github.com/raghavkgarg/mycase/pkg/stockpicker/run.go:215.4,216.1 1 0
github.com/raghavkgarg/mycase/pkg/stockpicker/run.go:219.2,222.1 5 0
github.com/raghavkgarg/mycase/pkg/stockpicker/run.go:226.2,227.22 5 0
github.com/raghavkgarg/mycase/pkg/stockpicker/run.go:228.3,229.1 1 0
github.com/raghavkgarg/mycase/pkg/stockpicker/run.go:230.2,231.26 2 0
github.com/raghavkgarg/mycase/pkg/stockpicker/run.go:232.3,233.1 1 0
github.com/raghavkgarg/mycase/pkg/stockpicker/run.go:235.2,241.1 2 0
github.com/raghavkgarg/mycase/pkg/stockpicker/run.go:243.2,243.32 2 0
github.com/raghavkgarg/mycase/pkg/stockpicker/run.go:244.3,247.1 3 0
github.com/raghavkgarg/mycase/pkg/stockpicker/run.go:247.9,247.35 1 0
github.com/raghavkgarg/mycase/pkg/stockpicker/run.go:248.3,251.1 3 0
github.com/raghavkgarg/mycase/pkg/stockpicker/run.go:251.9,251.41 1 0
github.com/raghavkgarg/mycase/pkg/stockpicker/run.go:252.3,255.1 3 0
github.com/raghavkgarg/mycase/pkg/stockpicker/run.go:255.9,255.75 1 0
github.com/raghavkgarg/mycase/pkg/stockpicker/run.go:256.3,259.1 3 0
github.com/raghavkgarg/mycase/pkg/stockpicker/run.go:259.9,259.49 1 0
github.com/raghavkgarg/mycase/pkg/stockpicker/run.go:260.3,263.1 3 0
github.com/raghavkgarg/mycase/pkg/stockpicker/run.go:264.3,266.1 2 0
github.com/raghavkgarg/mycase/pkg/stockpicker/run.go:268.2,268.47 1 0
github.com/raghavkgarg/mycase/pkg/stockpicker/run.go:269.3,270.1 1 0
github.com/raghavkgarg/mycase/pkg/stockpicker/run.go:272.2,272.32 1 0
github.com/raghavkgarg/mycase/pkg/stockpicker/run.go:273.3,274.28 2 0
github.com/raghavkgarg/mycase/pkg/stockpicker/run.go:275.4,276.1 1 0
github.com/raghavkgarg/mycase/pkg/stockpicker/run.go:277.9,277.75 1 0
github.com/raghavkgarg/mycase/pkg/stockpicker/run.go:278.3,279.28 2 0
github.com/raghavkgarg/mycase/pkg/stockpicker/run.go:280.4,281.1 1 0
github.com/raghavkgarg/mycase/pkg/stockpicker/run.go:282.9,282.107 1 0
github.com/raghavkgarg/mycase/pkg/stockpicker/run.go:283.3,284.68 2 0
github.com/raghavkgarg/mycase/pkg/stockpicker/run.go:285.4,286.1 1 0
github.com/raghavkgarg/mycase/pkg/stockpicker/run.go:288.3,289.1 1 0
github.com/raghavkgarg/mycase/pkg/stockpicker/run.go:291.2,293.41 3 0
github.com/raghavkgarg/mycase/pkg/stockpicker/run.go:294.3,296.1 2 0
github.com/raghavkgarg/mycase/pkg/stockpicker/run.go:299.2,299.51 1 0
github.com/raghavkgarg/mycase/pkg/stockpicker/run.go:300.3,301.1 1 0
github.com/raghavkgarg/mycase/pkg/stockpicker/run.go:307.2,308.20 2 0
github.com/raghavkgarg/mycase/pkg/stockpicker/run.go:309.3,310.1 1 0
github.com/raghavkgarg/mycase/pkg/stockpicker/run.go:311.2,312.34 2 0
github.com/raghavkgarg/mycase/pkg/stockpicker/run.go:313.3,314.1 1 0
github.com/raghavkgarg/mycase/pkg/stockpicker/run.go:314.9,314.39 1 0
github.com/raghavkgarg/mycase/pkg/stockpicker/run.go:315.3,316.1 1 0
github.com/raghavkgarg/mycase/pkg/stockpicker/run.go:317.2,318.33 2 0
github.com/raghavkgarg/mycase/pkg/stockpicker/run.go:319.3,320.1 1 0
github.com/raghavkgarg/mycase/pkg/stockpicker/run.go:321.2,322.31 2 0
github.com/raghavkgarg/mycase/pkg/stockpicker/run.go:323.3,324.1 1 0
github.com/raghavkgarg/mycase/pkg/stockpicker/run.go:325.2,325.39 1 0
github.com/raghavkgarg/mycase/pkg/stockpicker/run.go:326.3,327.1 1 0
github.com/raghavkgarg/mycase/pkg/stockpicker/run.go:328.2,329.36 2 0
github.com/raghavkgarg/mycase/pkg/stockpicker/run.go:330.3,332.20 3 0
github.com/raghavkgarg/mycase/pkg/stockpicker/run.go:333.4,333.68 1 0
github.com/raghavkgarg/mycase/pkg/stockpicker/run.go:334.5,335.1 1 0
github.com/raghavkgarg/mycase/pkg/stockpicker/run.go:336.5,337.1 1 0
github.com/raghavkgarg/mycase/pkg/stockpicker/run.go:339.3,341.24 3 0
github.com/raghavkgarg/mycase/pkg/stockpicker/run.go:342.4,343.1 1 0
github.com/raghavkgarg/mycase/pkg/stockpicker/run.go:344.3,346.63 3 0
github.com/raghavkgarg/mycase/pkg/stockpicker/run.go:347.4,353.27 7 0
github.com/raghavkgarg/mycase/pkg/stockpicker/run.go:354.5,354.71 1 0
github.com/raghavkgarg/mycase/pkg/stockpicker/run.go:355.6,356.1 1 0
github.com/raghavkgarg/mycase/pkg/stockpicker/run.go:358.4,359.37 2 0
github.com/raghavkgarg/mycase/pkg/stockpicker/run.go:361.3,363.47 3 0
github.com/raghavkgarg/mycase/pkg/stockpicker/run.go:364.4,367.1 3 0
github.com/raghavkgarg/mycase/pkg/stockpicker/run.go:368.3,387.1 1 0
github.com/raghavkgarg/mycase/pkg/stockpicker/run.go:389.2,398.1 2 0
github.com/raghavkgarg/mycase/pkg/stockpicker/run.go:399.2,399.115 2 0
github.com/raghavkgarg/mycase/pkg/stockpicker/run.go:400.3,401.1 1 0
github.com/raghavkgarg/mycase/pkg/stockpicker/run.go:402.2,402.65 1 0
github.com/raghavkgarg/mycase/pkg/stockpicker/run.go:403.3,404.1 1 0
github.com/raghavkgarg/mycase/pkg/stockpicker/run.go:407.2,407.33 1 0
github.com/raghavkgarg/mycase/pkg/stockpicker/run.go:408.3,408.47 1 0
github.com/raghavkgarg/mycase/pkg/stockpicker/run.go:409.4,410.66 2 0
github.com/raghavkgarg/mycase/pkg/stockpicker/run.go:411.5,411.47 1 0
github.com/raghavkgarg/mycase/pkg/stockpicker/run.go:412.6,413.1 1 0
github.com/raghavkgarg/mycase/pkg/stockpicker/run.go:415.5,416.1 1 0
github.com/raghavkgarg/mycase/pkg/stockpicker/run.go:417.4,421.32 5 0
github.com/raghavkgarg/mycase/pkg/stockpicker/run.go:425.2,426.179 2 0
github.com/raghavkgarg/mycase/pkg/stockpicker/run.go:427.3,428.1 1 0
github.com/raghavkgarg/mycase/pkg/stockpicker/run.go:430.2,431.19 2 0
github.com/raghavkgarg/mycase/pkg/stockpicker/run.go:432.3,433.26 2 0
github.com/raghavkgarg/mycase/pkg/stockpicker/run.go:434.4,436.1 2 0
github.com/raghavkgarg/mycase/pkg/stockpicker/run.go:437.4,438.1 1 0
github.com/raghavkgarg/mycase/pkg/stockpicker/run.go:440.2,440.80 1 0
github.com/raghavkgarg/mycase/pkg/stockpicker/run.go:441.3,442.1 1 0
github.com/raghavkgarg/mycase/pkg/stockpicker/run.go:447.2,447.68 1 0
github.com/raghavkgarg/mycase/pkg/stockpicker/run.go:448.3,450.1 2 0
github.com/raghavkgarg/mycase/pkg/stockpicker/run.go:452.2,452.53 1 0
github.com/raghavkgarg/mycase/pkg/stockpicker/run.go:453.3,456.1 3 0
github.com/raghavkgarg/mycase/pkg/stockpicker/run.go:459.2,466.1 2 0
github.com/raghavkgarg/mycase/pkg/stockpicker/run.go:467.2,467.33 2 0
github.com/raghavkgarg/mycase/pkg/stockpicker/run.go:468.3,468.35 1 0
github.com/raghavkgarg/mycase/pkg/stockpicker/run.go:469.4,470.1 1 0
github.com/raghavkgarg/mycase/pkg/stockpicker/run.go:471.3,471.39 1 0
github.com/raghavkgarg/mycase/pkg/stockpicker/run.go:472.4,473.1 1 0
github.com/raghavkgarg/mycase/pkg/stockpicker/run.go:474.3,477.51 4 0
github.com/raghavkgarg/mycase/pkg/stockpicker/run.go:478.4,481.1 3 0
github.com/raghavkgarg/mycase/pkg/stockpicker/run.go:482.3,493.1 1 0
github.com/raghavkgarg/mycase/pkg/stockpicker/run.go:495.2,496.1 2 0
github.com/raghavkgarg/mycase/pkg/stockpicker/run.go:497.2,497.20 2 0
github.com/raghavkgarg/mycase/pkg/stockpicker/run.go:507.2,508.15 2 0
github.com/raghavkgarg/mycase/pkg/stockpicker/run.go:509.3,510.1 1 0
github.com/raghavkgarg/mycase/pkg/stockpicker/run.go:511.2,512.34 2 0
github.com/raghavkgarg/mycase/pkg/stockpicker/run.go:513.3,514.1 1 0
github.com/raghavkgarg/mycase/pkg/stockpicker/run.go:515.2,516.25 2 0
github.com/raghavkgarg/mycase/pkg/stockpicker/run.go:517.3,518.1 1 0
github.com/raghavkgarg/mycase/pkg/stockpicker/run.go:519.2,519.12 1 0
github.com/raghavkgarg/mycase/pkg/stockpicker/run.go:528.2,529.15 2 0
github.com/raghavkgarg/mycase/pkg/stockpicker/run.go:530.3,531.1 1 0
github.com/raghavkgarg/mycase/pkg/stockpicker/run.go:532.2,533.34 2 0
github.com/raghavkgarg/mycase/pkg/stockpicker/run.go:534.3,535.1 1 0
github.com/raghavkgarg/mycase/pkg/stockpicker/run.go:536.2,537.25 2 0
github.com/raghavkgarg/mycase/pkg/stockpicker/run.go:538.3,539.1 1 0
github.com/raghavkgarg/mycase/pkg/stockpicker/run.go:540.2,540.12 1 0
github.com/raghavkgarg/mycase/pkg/stockpicker/run.go:547.2,548.33 2 0
github.com/raghavkgarg/mycase/pkg/stockpicker/run.go:549.3,550.1 1 0
github.com/raghavkgarg/mycase/pkg/stockpicker/run.go:551.2,551.12 1 0
github.com/raghavkgarg/mycase/pkg/stockpicker/run.go:558.2,558.16 1 0
github.com/raghavkgarg/mycase/pkg/stockpicker/run.go:562.3,563.57 1 0
github.com/raghavkgarg/mycase/pkg/stockpicker/run.go:565.3,565.83 1 0
github.com/raghavkgarg/mycase/pkg/stockpicker/run.go:569.3,569.88 1 0
github.com/raghavkgarg/mycase/pkg/stockpicker/run.go:575.2,575.20 1 0
github.com/raghavkgarg/mycase/pkg/stockpicker/run.go:576.3,578.1 2 0
github.com/raghavkgarg/mycase/pkg/stockpicker/run.go:579.2,580.49 2 0
github.com/raghavkgarg/mycase/pkg/stockpicker/run.go:586.2,586.20 1 0
github.com/raghavkgarg/mycase/pkg/stockpicker/run.go:587.3,588.1 1 0
github.com/raghavkgarg/mycase/pkg/stockpicker/run.go:589.2,589.67 1 0
github.com/raghavkgarg/mycase/pkg/stockpicker/run.go:594.2,596.16 3 0
github.com/raghavkgarg/mycase/pkg/stockpicker/run.go:597.3,598.1 1 0
github.com/raghavkgarg/mycase/pkg/stockpicker/run.go:600.2,601.31 2 0
github.com/raghavkgarg/mycase/pkg/stockpicker/run.go:602.3,603.41 2 0
github.com/raghavkgarg/mycase/pkg/stockpicker/run.go:604.4,605.1 1 0
github.com/raghavkgarg/mycase/pkg/stockpicker/run.go:606.4,607.1 1 0
github.com/raghavkgarg/mycase/pkg/stockpicker/run.go:610.2,610.49 1 0
github.com/raghavkgarg/mycase/pkg/stockpicker/run.go:618.2,619.25 2 0
github.com/raghavkgarg/mycase/pkg/stockpicker/run.go:620.3,621.1 1 0
github.com/raghavkgarg/mycase/pkg/stockpicker/run.go:622.2,623.28 2 0
github.com/raghavkgarg/mycase/pkg/stockpicker/run.go:624.3,624.98 1 0
github.com/raghavkgarg/mycase/pkg/stockpicker/run.go:625.4,625.36 1 0
github.com/raghavkgarg/mycase/pkg/stockpicker/run.go:626.5,626.124 1 0
github.com/raghavkgarg/mycase/pkg/stockpicker/run.go:627.6,628.1 1 0
github.com/raghavkgarg/mycase/pkg/stockpicker/run.go:632.2,632.23 1 0
github.com/raghavkgarg/mycase/pkg/stockpicker/run.go:633.3,634.1 1 0
github.com/raghavkgarg/mycase/pkg/stockpicker/run.go:636.2,639.16 4 0
github.com/raghavkgarg/mycase/pkg/stockpicker/run.go:640.3,643.1 3 0
github.com/raghavkgarg/mycase/pkg/stockpicker/run.go:645.2,646.28 2 0
github.com/raghavkgarg/mycase/pkg/stockpicker/run.go:647.3,649.32 3 0
github.com/raghavkgarg/mycase/pkg/stockpicker/run.go:650.4,651.1 1 0
github.com/raghavkgarg/mycase/pkg/stockpicker/run.go:651.10,651.46 1 0
github.com/raghavkgarg/mycase/pkg/stockpicker/run.go:652.4,653.1 1 0
github.com/raghavkgarg/mycase/pkg/stockpicker/run.go:654.3,654.22 1 0
github.com/raghavkgarg/mycase/pkg/stockpicker/run.go:655.4,663.1 8 0
github.com/raghavkgarg/mycase/pkg/stockpicker/run.go:665.2,665.122 1 0
github.com/raghavkgarg/mycase/pkg/stockpicker/scoring.go:31.2,32.1 5 0
github.com/raghavkgarg/mycase/pkg/stockpicker/scoring.go:34.2,37.42 5 0
github.com/raghavkgarg/mycase/pkg/stockpicker/scoring.go:38.3,39.1 1 0
github.com/raghavkgarg/mycase/pkg/stockpicker/scoring.go:40.3,41.1 1 0
github.com/raghavkgarg/mycase/pkg/stockpicker/scoring.go:44.2,50.1 13 0
github.com/raghavkgarg/mycase/pkg/stockpicker/scoring.go:51.2,57.1 13 0
github.com/raghavkgarg/mycase/pkg/stockpicker/scoring.go:58.2,58.31 13 0
github.com/raghavkgarg/mycase/pkg/stockpicker/scoring.go:59.3,61.1 5 0
github.com/raghavkgarg/mycase/pkg/stockpicker/scoring.go:63.3,65.32 5 0
github.com/raghavkgarg/mycase/pkg/stockpicker/scoring.go:66.4,67.1 1 0
github.com/raghavkgarg/mycase/pkg/stockpicker/scoring.go:68.3,68.32 1 0
github.com/raghavkgarg/mycase/pkg/stockpicker/scoring.go:69.4,70.1 1 0
github.com/raghavkgarg/mycase/pkg/stockpicker/scoring.go:73.3,74.25 2 0
github.com/raghavkgarg/mycase/pkg/stockpicker/scoring.go:75.4,76.1 1 0
github.com/raghavkgarg/mycase/pkg/stockpicker/scoring.go:77.3,79.17 3 0
github.com/raghavkgarg/mycase/pkg/stockpicker/scoring.go:80.4,81.1 1 0
github.com/raghavkgarg/mycase/pkg/stockpicker/scoring.go:82.3,83.23 2 0
github.com/raghavkgarg/mycase/pkg/stockpicker/scoring.go:84.4,85.1 1 0
github.com/raghavkgarg/mycase/pkg/stockpicker/scoring.go:86.3,86.23 1 0
github.com/raghavkgarg/mycase/pkg/stockpicker/scoring.go:87.4,88.1 1 0
github.com/raghavkgarg/mycase/pkg/stockpicker/scoring.go:91.3,92.53 2 0
github.com/raghavkgarg/mycase/pkg/stockpicker/scoring.go:93.4,94.1 1 0
github.com/raghavkgarg/mycase/pkg/stockpicker/scoring.go:95.3,96.24 2 0
github.com/raghavkgarg/mycase/pkg/stockpicker/scoring.go:97.4,98.1 1 0
github.com/raghavkgarg/mycase/pkg/stockpicker/scoring.go:99.3,100.22 2 0
github.com/raghavkgarg/mycase/pkg/stockpicker/scoring.go:101.4,102.1 1 0
github.com/raghavkgarg/mycase/pkg/stockpicker/scoring.go:103.3,103.22 1 0
github.com/raghavkgarg/mycase/pkg/stockpicker/scoring.go:104.4,105.1 1 0
github.com/raghavkgarg/mycase/pkg/stockpicker/scoring.go:108.3,110.24 3 0
github.com/raghavkgarg/mycase/pkg/stockpicker/scoring.go:111.4,112.1 1 0
github.com/raghavkgarg/mycase/pkg/stockpicker/scoring.go:113.3,113.24 1 0
github.com/raghavkgarg/mycase/pkg/stockpicker/scoring.go:114.4,115.1 1 0
github.com/raghavkgarg/mycase/pkg/stockpicker/scoring.go:118.3,119.24 2 0
github.com/raghavkgarg/mycase/pkg/stockpicker/scoring.go:120.4,122.1 2 0
github.com/raghavkgarg/mycase/pkg/stockpicker/scoring.go:123.3,124.24 2 0
github.com/raghavkgarg/mycase/pkg/stockpicker/scoring.go:125.4,126.1 1 0
github.com/raghavkgarg/mycase/pkg/stockpicker/scoring.go:127.3,127.24 1 0
github.com/raghavkgarg/mycase/pkg/stockpicker/scoring.go:128.4,129.1 1 0
github.com/raghavkgarg/mycase/pkg/stockpicker/scoring.go:132.3,133.28 2 0
github.com/raghavkgarg/mycase/pkg/stockpicker/scoring.go:134.4,135.1 1 0
github.com/raghavkgarg/mycase/pkg/stockpicker/scoring.go:136.3,138.21 3 0
github.com/raghavkgarg/mycase/pkg/stockpicker/scoring.go:139.4,140.1 1 0
github.com/raghavkgarg/mycase/pkg/stockpicker/scoring.go:141.3,141.21 1 0
github.com/raghavkgarg/mycase/pkg/stockpicker/scoring.go:142.4,143.1 1 0
github.com/raghavkgarg/mycase/pkg/stockpicker/scoring.go:146.2,147.31 2 0
github.com/raghavkgarg/mycase/pkg/stockpicker/scoring.go:148.3,154.1 7 0
github.com/raghavkgarg/mycase/pkg/stockpicker/scoring.go:155.3,155.25 7 0
github.com/raghavkgarg/mycase/pkg/stockpicker/scoring.go:156.4,156.41 1 0
github.com/raghavkgarg/mycase/pkg/stockpicker/scoring.go:157.5,158.1 1 0
github.com/raghavkgarg/mycase/pkg/stockpicker/scoring.go:159.4,159.48 1 0
github.com/raghavkgarg/mycase/pkg/stockpicker/scoring.go:160.5,161.1 1 0
github.com/raghavkgarg/mycase/pkg/stockpicker/scoring.go:162.4,162.38 1 0
github.com/raghavkgarg/mycase/pkg/stockpicker/scoring.go:163.5,164.1 1 0
github.com/raghavkgarg/mycase/pkg/stockpicker/scoring.go:165.4,165.39 1 0
github.com/raghavkgarg/mycase/pkg/stockpicker/scoring.go:166.5,167.1 1 0
github.com/raghavkgarg/mycase/pkg/stockpicker/scoring.go:168.4,168.49 1 0
github.com/raghavkgarg/mycase/pkg/stockpicker/scoring.go:169.5,170.1 1 0
github.com/raghavkgarg/mycase/pkg/stockpicker/scoring.go:171.4,171.51 1 0
github.com/raghavkgarg/mycase/pkg/stockpicker/scoring.go:172.5,173.1 1 0
github.com/raghavkgarg/mycase/pkg/stockpicker/scoring.go:176.3,182.1 7 0
github.com/raghavkgarg/mycase/pkg/stockpicker/scoring.go:183.3,183.74 7 0
github.com/raghavkgarg/mycase/pkg/stockpicker/scoring.go:187.2,187.45 1 0
github.com/raghavkgarg/mycase/pkg/stockpicker/scoring.go:188.3,190.37 3 0
github.com/raghavkgarg/mycase/pkg/stockpicker/scoring.go:191.4,192.1 1 0
github.com/raghavkgarg/mycase/pkg/stockpicker/scoring.go:193.3,193.25 1 0
github.com/raghavkgarg/mycase/pkg/stockpicker/scoring.go:196.2,196.15 1 0
github.com/raghavkgarg/mycase/pkg/stockpicker/scoring.go:201.2,201.22 1 1
github.com/raghavkgarg/mycase/pkg/stockpicker/scoring.go:202.3,203.1 1 1
github.com/raghavkgarg/mycase/pkg/stockpicker/scoring.go:204.2,205.20 2 1
github.com/raghavkgarg/mycase/pkg/stockpicker/scoring.go:206.3,207.1 1 1
github.com/raghavkgarg/mycase/pkg/stockpicker/scoring.go:208.3,209.1 1 1
github.com/raghavkgarg/mycase/pkg/stockpicker/scoring.go:210.2,210.15 1 1
github.com/raghavkgarg/mycase/pkg/stockpicker/scoring.go:211.3,212.1 1 1
github.com/raghavkgarg/mycase/pkg/stockpicker/scoring.go:213.2,213.23 1 1
github.com/raghavkgarg/mycase/pkg/stockpicker/scoring.go:214.3,215.1 1 1
github.com/raghavkgarg/mycase/pkg/stockpicker/scoring.go:216.2,216.14 1 1
github.com/raghavkgarg/mycase/pkg/stockpicker/scoring.go:227.2,228.1 12 0
github.com/raghavkgarg/mycase/pkg/stockpicker/scoring.go:230.2,239.1 12 0
github.com/raghavkgarg/mycase/pkg/stockpicker/scoring.go:241.2,242.31 12 0
github.com/raghavkgarg/mycase/pkg/stockpicker/scoring.go:243.3,245.16 3 0
github.com/raghavkgarg/mycase/pkg/stockpicker/scoring.go:246.4,247.1 1 0
github.com/raghavkgarg/mycase/pkg/stockpicker/scoring.go:248.3,249.28 2 0
github.com/raghavkgarg/mycase/pkg/stockpicker/scoring.go:250.4,251.1 1 0
github.com/raghavkgarg/mycase/pkg/stockpicker/scoring.go:253.2,255.37 3 0
github.com/raghavkgarg/mycase/pkg/stockpicker/scoring.go:256.3,256.22 1 0
github.com/raghavkgarg/mycase/pkg/stockpicker/scoring.go:257.4,260.1 5 0
github.com/raghavkgarg/mycase/pkg/stockpicker/scoring.go:261.4,262.29 5 0
github.com/raghavkgarg/mycase/pkg/stockpicker/scoring.go:263.5,265.1 2 0
github.com/raghavkgarg/mycase/pkg/stockpicker/scoring.go:266.4,267.18 2 0
github.com/raghavkgarg/mycase/pkg/stockpicker/scoring.go:268.5,269.1 1 0
github.com/raghavkgarg/mycase/pkg/stockpicker/scoring.go:270.4,270.29 1 0
github.com/raghavkgarg/mycase/pkg/stockpicker/scoring.go:274.2,283.1 10 0
github.com/raghavkgarg/mycase/pkg/stockpicker/scoring.go:284.2,284.31 10 0
github.com/raghavkgarg/mycase/pkg/stockpicker/scoring.go:285.3,287.1 3 0
github.com/raghavkgarg/mycase/pkg/stockpicker/scoring.go:289.3,289.43 3 0
github.com/raghavkgarg/mycase/pkg/stockpicker/scoring.go:290.4,291.15 2 0
github.com/raghavkgarg/mycase/pkg/stockpicker/scoring.go:292.5,293.1 1 0
github.com/raghavkgarg/mycase/pkg/stockpicker/scoring.go:294.4,294.24 1 0
github.com/raghavkgarg/mycase/pkg/stockpicker/scoring.go:296.4,297.11 2 0
github.com/raghavkgarg/mycase/pkg/stockpicker/scoring.go:298.5,299.1 1 0
github.com/raghavkgarg/mycase/pkg/stockpicker/scoring.go:300.4,300.19 1 0
github.com/raghavkgarg/mycase/pkg/stockpicker/scoring.go:302.3,302.25 1 0
github.com/raghavkgarg/mycase/pkg/stockpicker/scoring.go:303.4,304.1 1 0
github.com/raghavkgarg/mycase/pkg/stockpicker/scoring.go:305.3,305.25 1 0
github.com/raghavkgarg/mycase/pkg/stockpicker/scoring.go:306.4,307.1 1 0
github.com/raghavkgarg/mycase/pkg/stockpicker/scoring.go:310.3,311.29 2 0
github.com/raghavkgarg/mycase/pkg/stockpicker/scoring.go:312.4,313.1 1 0
github.com/raghavkgarg/mycase/pkg/stockpicker/scoring.go:314.3,315.28 2 0
github.com/raghavkgarg/mycase/pkg/stockpicker/scoring.go:316.4,317.1 1 0
github.com/raghavkgarg/mycase/pkg/stockpicker/scoring.go:318.3,318.28 1 0
github.com/raghavkgarg/mycase/pkg/stockpicker/scoring.go:319.4,320.1 1 0
github.com/raghavkgarg/mycase/pkg/stockpicker/scoring.go:323.3,324.16 2 0
github.com/raghavkgarg/mycase/pkg/stockpicker/scoring.go:325.4,326.1 1 0
github.com/raghavkgarg/mycase/pkg/stockpicker/scoring.go:327.3,330.26 4 0
github.com/raghavkgarg/mycase/pkg/stockpicker/scoring.go:331.4,332.1 1 0
github.com/raghavkgarg/mycase/pkg/stockpicker/scoring.go:333.3,334.15 2 0
github.com/raghavkgarg/mycase/pkg/stockpicker/scoring.go:335.4,336.1 1 0
github.com/raghavkgarg/mycase/pkg/stockpicker/scoring.go:337.3,337.15 1 0
github.com/raghavkgarg/mycase/pkg/stockpicker/scoring.go:338.4,339.1 1 0
github.com/raghavkgarg/mycase/pkg/stockpicker/scoring.go:342.3,344.27 3 0
github.com/raghavkgarg/mycase/pkg/stockpicker/scoring.go:345.4,346.1 1 0
github.com/raghavkgarg/mycase/pkg/stockpicker/scoring.go:347.3,347.27 1 0
github.com/raghavkgarg/mycase/pkg/stockpicker/scoring.go:348.4,349.1 1 0
github.com/raghavkgarg/mycase/pkg/stockpicker/scoring.go:352.3,353.49 2 0
github.com/raghavkgarg/mycase/pkg/stockpicker/scoring.go:354.4,355.1 1 0
github.com/raghavkgarg/mycase/pkg/stockpicker/scoring.go:356.3,357.26 2 0
github.com/raghavkgarg/mycase/pkg/stockpicker/scoring.go:358.4,359.1 1 0
github.com/raghavkgarg/mycase/pkg/stockpicker/scoring.go:360.3,360.26 1 0
github.com/raghavkgarg/mycase/pkg/stockpicker/scoring.go:361.4,362.1 1 0
github.com/raghavkgarg/mycase/pkg/stockpicker/scoring.go:365.3,366.44 2 0
github.com/raghavkgarg/mycase/pkg/stockpicker/scoring.go:367.4,368.1 1 0
github.com/raghavkgarg/mycase/pkg/stockpicker/scoring.go:369.3,370.20 2 0
github.com/raghavkgarg/mycase/pkg/stockpicker/scoring.go:371.4,372.1 1 0
github.com/raghavkgarg/mycase/pkg/stockpicker/scoring.go:373.3,373.20 1 0
github.com/raghavkgarg/mycase/pkg/stockpicker/scoring.go:374.4,375.1 1 0
github.com/raghavkgarg/mycase/pkg/stockpicker/scoring.go:378.3,380.28 3 0
github.com/raghavkgarg/mycase/pkg/stockpicker/scoring.go:381.4,382.1 1 0
github.com/raghavkgarg/mycase/pkg/stockpicker/scoring.go:383.3,383.28 1 0
github.com/raghavkgarg/mycase/pkg/stockpicker/scoring.go:384.4,385.1 1 0
github.com/raghavkgarg/mycase/pkg/stockpicker/scoring.go:388.3,389.42 2 0
github.com/raghavkgarg/mycase/pkg/stockpicker/scoring.go:390.4,391.1 1 0
github.com/raghavkgarg/mycase/pkg/stockpicker/scoring.go:392.3,392.42 1 0
github.com/raghavkgarg/mycase/pkg/stockpicker/scoring.go:393.4,394.1 1 0
github.com/raghavkgarg/mycase/pkg/stockpicker/scoring.go:397.3,398.56 2 0
github.com/raghavkgarg/mycase/pkg/stockpicker/scoring.go:399.4,400.1 1 0
github.com/raghavkgarg/mycase/pkg/stockpicker/scoring.go:401.3,402.26 2 0
github.com/raghavkgarg/mycase/pkg/stockpicker/scoring.go:403.4,404.1 1 0
github.com/raghavkgarg/mycase/pkg/stockpicker/scoring.go:405.3,405.26 1 0
github.com/raghavkgarg/mycase/pkg/stockpicker/scoring.go:406.4,407.1 1 0
github.com/raghavkgarg/mycase/pkg/stockpicker/scoring.go:410.2,411.31 2 0
github.com/raghavkgarg/mycase/pkg/stockpicker/scoring.go:412.3,421.1 10 0
github.com/raghavkgarg/mycase/pkg/stockpicker/scoring.go:422.3,422.25 10 0
github.com/raghavkgarg/mycase/pkg/stockpicker/scoring.go:423.4,423.41 1 0
github.com/raghavkgarg/mycase/pkg/stockpicker/scoring.go:424.5,425.1 1 0
github.com/raghavkgarg/mycase/pkg/stockpicker/scoring.go:426.4,426.50 1 0
github.com/raghavkgarg/mycase/pkg/stockpicker/scoring.go:427.5,428.1 1 0
github.com/raghavkgarg/mycase/pkg/stockpicker/scoring.go:429.4,429.47 1 0
github.com/raghavkgarg/mycase/pkg/stockpicker/scoring.go:430.5,431.1 1 0
github.com/raghavkgarg/mycase/pkg/stockpicker/scoring.go:432.4,432.47 1 0
github.com/raghavkgarg/mycase/pkg/stockpicker/scoring.go:433.5,434.1 1 0
github.com/raghavkgarg/mycase/pkg/stockpicker/scoring.go:435.4,435.50 1 0
github.com/raghavkgarg/mycase/pkg/stockpicker/scoring.go:436.5,437.1 1 0
github.com/raghavkgarg/mycase/pkg/stockpicker/scoring.go:438.4,438.43 1 0
github.com/raghavkgarg/mycase/pkg/stockpicker/scoring.go:439.5,440.1 1 0
github.com/raghavkgarg/mycase/pkg/stockpicker/scoring.go:441.4,441.51 1 0
github.com/raghavkgarg/mycase/pkg/stockpicker/scoring.go:442.5,443.1 1 0
github.com/raghavkgarg/mycase/pkg/stockpicker/scoring.go:444.4,444.50 1 0
github.com/raghavkgarg/mycase/pkg/stockpicker/scoring.go:445.5,446.1 1 0
github.com/raghavkgarg/mycase/pkg/stockpicker/scoring.go:447.4,447.51 1 0
github.com/raghavkgarg/mycase/pkg/stockpicker/scoring.go:448.5,449.1 1 0
github.com/raghavkgarg/mycase/pkg/stockpicker/scoring.go:452.3,461.1 10 0
github.com/raghavkgarg/mycase/pkg/stockpicker/scoring.go:462.3,462.103 10 0
github.com/raghavkgarg/mycase/pkg/stockpicker/scoring.go:466.2,466.45 1 0
github.com/raghavkgarg/mycase/pkg/stockpicker/scoring.go:467.3,469.37 3 0
github.com/raghavkgarg/mycase/pkg/stockpicker/scoring.go:470.4,471.1 1 0
github.com/raghavkgarg/mycase/pkg/stockpicker/scoring.go:472.3,472.25 1 0
github.com/raghavkgarg/mycase/pkg/stockpicker/scoring.go:475.2,475.15 1 0
github.com/raghavkgarg/mycase/pkg/stockpicker/scoring.go:489.2,490.1 1 0
github.com/raghavkgarg/mycase/pkg/stockpicker/scoring.go:507.2,508.23 2 0
github.com/raghavkgarg/mycase/pkg/stockpicker/scoring.go:509.3,510.1 1 0
github.com/raghavkgarg/mycase/pkg/stockpicker/scoring.go:511.2,512.1 6 0
github.com/raghavkgarg/mycase/pkg/stockpicker/scoring.go:513.2,514.1 6 0
github.com/raghavkgarg/mycase/pkg/stockpicker/scoring.go:515.2,518.1 6 0
github.com/raghavkgarg/mycase/pkg/stockpicker/scoring.go:519.2,519.37 6 0
github.com/raghavkgarg/mycase/pkg/stockpicker/scoring.go:520.3,522.1 5 0
github.com/raghavkgarg/mycase/pkg/stockpicker/scoring.go:523.3,525.16 5 0
github.com/raghavkgarg/mycase/pkg/stockpicker/scoring.go:526.4,527.1 1 0
github.com/raghavkgarg/mycase/pkg/stockpicker/scoring.go:529.3,530.44 2 0
github.com/raghavkgarg/mycase/pkg/stockpicker/scoring.go:531.4,532.1 1 0
github.com/raghavkgarg/mycase/pkg/stockpicker/scoring.go:533.3,535.1 4 0
github.com/raghavkgarg/mycase/pkg/stockpicker/scoring.go:536.3,537.70 4 0
github.com/raghavkgarg/mycase/pkg/stockpicker/scoring.go:538.4,539.1 1 0
github.com/raghavkgarg/mycase/pkg/stockpicker/scoring.go:540.3,546.1 3 0
github.com/raghavkgarg/mycase/pkg/stockpicker/scoring.go:548.3,548.63 3 0
github.com/raghavkgarg/mycase/pkg/stockpicker/scoring.go:549.4,549.47 1 0
github.com/raghavkgarg/mycase/pkg/stockpicker/scoring.go:550.5,550.71 1 0
github.com/raghavkgarg/mycase/pkg/stockpicker/scoring.go:551.6,552.20 2 0
github.com/raghavkgarg/mycase/pkg/stockpicker/scoring.go:553.7,554.1 1 0
github.com/raghavkgarg/mycase/pkg/stockpicker/scoring.go:555.7,556.1 1 0
github.com/raghavkgarg/mycase/pkg/stockpicker/scoring.go:557.6,557.14 1 0
github.com/raghavkgarg/mycase/pkg/stockpicker/scoring.go:563.3,564.25 2 0
github.com/raghavkgarg/mycase/pkg/stockpicker/scoring.go:565.4,565.96 1 0
github.com/raghavkgarg/mycase/pkg/stockpicker/scoring.go:566.5,567.13 2 0
github.com/raghavkgarg/mycase/pkg/stockpicker/scoring.go:569.4,569.99 1 0
github.com/raghavkgarg/mycase/pkg/stockpicker/scoring.go:570.5,571.13 2 0
github.com/raghavkgarg/mycase/pkg/stockpicker/scoring.go:575.3,576.34 2 0
github.com/raghavkgarg/mycase/pkg/stockpicker/scoring.go:577.4,578.12 2 0
github.com/raghavkgarg/mycase/pkg/stockpicker/scoring.go:580.3,582.55 3 0
github.com/raghavkgarg/mycase/pkg/stockpicker/scoring.go:585.2,586.154 2 0
github.com/raghavkgarg/mycase/pkg/stockpicker/scoring.go:598.2,598.28 1 1
github.com/raghavkgarg/mycase/pkg/stockpicker/scoring.go:599.3,600.1 1 0
github.com/raghavkgarg/mycase/pkg/stockpicker/scoring.go:601.2,601.20 1 1
github.com/raghavkgarg/mycase/pkg/stockpicker/scoring.go:602.3,603.1 1 0
github.com/raghavkgarg/mycase/pkg/stockpicker/scoring.go:604.2,604.37 1 1
github.com/raghavkgarg/mycase/pkg/stockpicker/scoring.go:605.3,606.29 2 1
github.com/raghavkgarg/mycase/pkg/stockpicker/scoring.go:607.4,608.1 1 1
github.com/raghavkgarg/mycase/pkg/stockpicker/scoring.go:611.2,611.37 1 1
github.com/raghavkgarg/mycase/pkg/stockpicker/scoring.go:612.3,613.34 2 1
github.com/raghavkgarg/mycase/pkg/stockpicker/scoring.go:614.4,615.17 2 1
github.com/raghavkgarg/mycase/pkg/stockpicker/scoring.go:616.5,617.1 1 0
github.com/raghavkgarg/mycase/pkg/stockpicker/scoring.go:618.4,618.29 1 1
github.com/raghavkgarg/mycase/pkg/stockpicker/scoring.go:620.3,620.29 1 1
github.com/raghavkgarg/mycase/pkg/stockpicker/scoring.go:621.4,622.32 2 1
github.com/raghavkgarg/mycase/pkg/stockpicker/scoring.go:623.5,624.1 1 1
github.com/raghavkgarg/mycase/pkg/stockpicker/scoring.go:629.2,630.33 2 1
github.com/raghavkgarg/mycase/pkg/stockpicker/scoring.go:631.3,632.1 1 1
github.com/raghavkgarg/mycase/pkg/stockpicker/scoring.go:633.2,633.13 1 1
github.com/raghavkgarg/mycase/pkg/stockpicker/scoring.go:634.3,634.34 1 1
github.com/raghavkgarg/mycase/pkg/stockpicker/scoring.go:635.4,636.1 1 1
github.com/raghavkgarg/mycase/pkg/stockpicker/scoring.go:640.2,640.15 1 1
github.com/raghavkgarg/mycase/pkg/stockpicker/scoring.go:642.3,642.34 1 1
github.com/raghavkgarg/mycase/pkg/stockpicker/scoring.go:643.4,643.29 1 1
github.com/raghavkgarg/mycase/pkg/stockpicker/scoring.go:644.5,645.1 1 1
github.com/raghavkgarg/mycase/pkg/stockpicker/scoring.go:649.3,650.1 5 1
github.com/raghavkgarg/mycase/pkg/stockpicker/scoring.go:652.3,655.34 5 1
github.com/raghavkgarg/mycase/pkg/stockpicker/scoring.go:656.4,657.34 2 1
github.com/raghavkgarg/mycase/pkg/stockpicker/scoring.go:658.5,659.1 1 1
github.com/raghavkgarg/mycase/pkg/stockpicker/scoring.go:660.4,661.17 2 1
github.com/raghavkgarg/mycase/pkg/stockpicker/scoring.go:662.5,663.1 1 0
github.com/raghavkgarg/mycase/pkg/stockpicker/scoring.go:664.4,664.33 1 1
github.com/raghavkgarg/mycase/pkg/stockpicker/scoring.go:666.3,666.35 1 1
github.com/raghavkgarg/mycase/pkg/stockpicker/scoring.go:667.4,667.29 1 1
github.com/raghavkgarg/mycase/pkg/stockpicker/scoring.go:668.5,669.1 1 1
github.com/raghavkgarg/mycase/pkg/stockpicker/scoring.go:672.3,672.20 1 1
github.com/raghavkgarg/mycase/pkg/stockpicker/scoring.go:673.4,673.64 1 1
github.com/raghavkgarg/mycase/pkg/stockpicker/scoring.go:674.5,674.10 1 1
github.com/raghavkgarg/mycase/pkg/stockpicker/scoring.go:676.4,676.39 1 1
github.com/raghavkgarg/mycase/pkg/stockpicker/scoring.go:677.5,677.10 1 1
github.com/raghavkgarg/mycase/pkg/stockpicker/scoring.go:692.2,695.33 4 0
github.com/raghavkgarg/mycase/pkg/stockpicker/scoring.go:696.3,697.1 1 0
github.com/raghavkgarg/mycase/pkg/stockpicker/scoring.go:698.2,698.33 1 0
github.com/raghavkgarg/mycase/pkg/stockpicker/scoring.go:699.3,699.19 1 0
github.com/raghavkgarg/mycase/pkg/stockpicker/scoring.go:700.4,701.1 1 0
github.com/raghavkgarg/mycase/pkg/stockpicker/scoring.go:702.4,703.1 1 0
github.com/raghavkgarg/mycase/pkg/stockpicker/scoring.go:706.2,707.22 2 0
github.com/raghavkgarg/mycase/pkg/stockpicker/scoring.go:708.3,709.1 1 0
github.com/raghavkgarg/mycase/pkg/stockpicker/scoring.go:710.2,711.17 2 0
github.com/raghavkgarg/mycase/pkg/stockpicker/scoring.go:712.3,713.1 1 0
github.com/raghavkgarg/mycase/pkg/stockpicker/scoring.go:715.2,716.1 3 0
github.com/raghavkgarg/mycase/pkg/stockpicker/scoring.go:718.2,719.1 3 0
github.com/raghavkgarg/mycase/pkg/stockpicker/scoring.go:720.2,720.21 3 0
github.com/raghavkgarg/mycase/pkg/stockpicker/scoring.go:734.2,735.1 1 0
github.com/raghavkgarg/mycase/pkg/stockpicker/scoring.go:752.2,753.23 2 1
github.com/raghavkgarg/mycase/pkg/stockpicker/scoring.go:754.3,755.1 1 0
github.com/raghavkgarg/mycase/pkg/stockpicker/scoring.go:756.2,757.1 6 1
github.com/raghavkgarg/mycase/pkg/stockpicker/scoring.go:758.2,759.1 6 1
github.com/raghavkgarg/mycase/pkg/stockpicker/scoring.go:761.2,764.1 6 1
github.com/raghavkgarg/mycase/pkg/stockpicker/scoring.go:765.2,765.37 6 1
github.com/raghavkgarg/mycase/pkg/stockpicker/scoring.go:766.3,768.1 5 1
github.com/raghavkgarg/mycase/pkg/stockpicker/scoring.go:769.3,771.16 5 1
github.com/raghavkgarg/mycase/pkg/stockpicker/scoring.go:772.4,773.1 1 0
github.com/raghavkgarg/mycase/pkg/stockpicker/scoring.go:775.3,778.39 4 1
github.com/raghavkgarg/mycase/pkg/stockpicker/scoring.go:779.4,780.1 1 1
github.com/raghavkgarg/mycase/pkg/stockpicker/scoring.go:781.3,782.24 2 1
github.com/raghavkgarg/mycase/pkg/stockpicker/scoring.go:783.4,784.1 1 0
github.com/raghavkgarg/mycase/pkg/stockpicker/scoring.go:785.3,786.1 3 1
github.com/raghavkgarg/mycase/pkg/stockpicker/scoring.go:787.3,788.44 3 1
github.com/raghavkgarg/mycase/pkg/stockpicker/scoring.go:789.4,790.1 1 0
github.com/raghavkgarg/mycase/pkg/stockpicker/scoring.go:791.3,792.70 2 1
github.com/raghavkgarg/mycase/pkg/stockpicker/scoring.go:793.4,794.1 1 0
github.com/raghavkgarg/mycase/pkg/stockpicker/scoring.go:795.3,802.1 2 1
github.com/raghavkgarg/mycase/pkg/stockpicker/scoring.go:804.3,804.63 2 1
github.com/raghavkgarg/mycase/pkg/stockpicker/scoring.go:805.4,805.47 1 1
github.com/raghavkgarg/mycase/pkg/stockpicker/scoring.go:806.5,806.71 1 1
github.com/raghavkgarg/mycase/pkg/stockpicker/scoring.go:807.6,808.20 2 1
github.com/raghavkgarg/mycase/pkg/stockpicker/scoring.go:809.7,810.1 1 1
github.com/raghavkgarg/mycase/pkg/stockpicker/scoring.go:811.7,812.1 1 1
github.com/raghavkgarg/mycase/pkg/stockpicker/scoring.go:813.6,813.14 1 1
github.com/raghavkgarg/mycase/pkg/stockpicker/scoring.go:819.3,820.25 2 1
github.com/raghavkgarg/mycase/pkg/stockpicker/scoring.go:821.4,821.97 1 1
github.com/raghavkgarg/mycase/pkg/stockpicker/scoring.go:822.5,823.13 2 1
github.com/raghavkgarg/mycase/pkg/stockpicker/scoring.go:825.4,825.100 1 1
github.com/raghavkgarg/mycase/pkg/stockpicker/scoring.go:826.5,827.13 2 0
github.com/raghavkgarg/mycase/pkg/stockpicker/scoring.go:831.3,832.34 2 1
github.com/raghavkgarg/mycase/pkg/stockpicker/scoring.go:833.4,834.12 2 1
github.com/raghavkgarg/mycase/pkg/stockpicker/scoring.go:836.3,838.55 3 1
github.com/raghavkgarg/mycase/pkg/stockpicker/scoring.go:842.2,845.154 4 1
github.com/raghavkgarg/mycase/pkg/stockpicker/scoring.go:857.2,860.33 4 0
github.com/raghavkgarg/mycase/pkg/stockpicker/scoring.go:861.3,862.1 1 0
github.com/raghavkgarg/mycase/pkg/stockpicker/scoring.go:863.2,863.33 1 0
github.com/raghavkgarg/mycase/pkg/stockpicker/scoring.go:864.3,864.19 1 0
github.com/raghavkgarg/mycase/pkg/stockpicker/scoring.go:865.4,866.1 1 0
github.com/raghavkgarg/mycase/pkg/stockpicker/scoring.go:867.4,868.1 1 0
github.com/raghavkgarg/mycase/pkg/stockpicker/scoring.go:870.2,871.22 2 0
github.com/raghavkgarg/mycase/pkg/stockpicker/scoring.go:872.3,873.1 1 0
github.com/raghavkgarg/mycase/pkg/stockpicker/scoring.go:874.2,874.71 1 0
github.com/raghavkgarg/mycase/pkg/stockpicker/scoring.go:875.3,876.32 2 0
github.com/raghavkgarg/mycase/pkg/stockpicker/scoring.go:877.4,878.1 1 0
github.com/raghavkgarg/mycase/pkg/stockpicker/scoring.go:880.2,881.17 2 0
github.com/raghavkgarg/mycase/pkg/stockpicker/scoring.go:882.3,883.1 1 0
github.com/raghavkgarg/mycase/pkg/stockpicker/scoring.go:885.2,886.1 3 0
github.com/raghavkgarg/mycase/pkg/stockpicker/scoring.go:888.2,889.1 3 0
github.com/raghavkgarg/mycase/pkg/stockpicker/scoring.go:890.2,890.21 3 0
github.com/raghavkgarg/mycase/pkg/stockpicker/scoring.go:905.2,906.1 1 0
github.com/raghavkgarg/mycase/pkg/stockpicker/scoring.go:924.2,927.1 6 0
github.com/raghavkgarg/mycase/pkg/stockpicker/scoring.go:929.2,931.45 6 0
github.com/raghavkgarg/mycase/pkg/stockpicker/scoring.go:932.3,933.1 1 0
github.com/raghavkgarg/mycase/pkg/stockpicker/scoring.go:935.2,935.37 1 0
github.com/raghavkgarg/mycase/pkg/stockpicker/scoring.go:936.3,938.1 2 0
github.com/raghavkgarg/mycase/pkg/stockpicker/scoring.go:940.2,944.145 5 0
github.com/raghavkgarg/mycase/pkg/stockpicker/scoring.go:957.2,959.1 4 0
github.com/raghavkgarg/mycase/pkg/stockpicker/scoring.go:961.2,962.1 4 0
github.com/raghavkgarg/mycase/pkg/stockpicker/scoring.go:963.2,964.1 4 0
github.com/raghavkgarg/mycase/pkg/stockpicker/scoring.go:968.2,969.16 2 0
github.com/raghavkgarg/mycase/pkg/stockpicker/scoring.go:970.3,971.1 1 0
github.com/raghavkgarg/mycase/pkg/stockpicker/scoring.go:972.2,973.16 2 0
github.com/raghavkgarg/mycase/pkg/stockpicker/scoring.go:974.3,975.1 1 0
github.com/raghavkgarg/mycase/pkg/stockpicker/scoring.go:976.2,977.1 4 0
github.com/raghavkgarg/mycase/pkg/stockpicker/scoring.go:978.2,980.36 4 0
github.com/raghavkgarg/mycase/pkg/stockpicker/scoring.go:981.3,982.1 1 0
github.com/raghavkgarg/mycase/pkg/stockpicker/scoring.go:984.2,986.31 3 0
github.com/raghavkgarg/mycase/pkg/stockpicker/scoring.go:987.3,988.17 2 0
github.com/raghavkgarg/mycase/pkg/stockpicker/scoring.go:990.4,990.17 1 0
github.com/raghavkgarg/mycase/pkg/stockpicker/scoring.go:992.4,992.17 1 0
github.com/raghavkgarg/mycase/pkg/stockpicker/scoring.go:996.2,996.40 1 0
github.com/raghavkgarg/mycase/pkg/stockpicker/scoring.go:997.3,998.1 1 0
github.com/raghavkgarg/mycase/pkg/stockpicker/scoring.go:1000.2,1000.34 1 0
github.com/raghavkgarg/mycase/pkg/stockpicker/scoring.go:1001.3,1001.51 1 0
github.com/raghavkgarg/mycase/pkg/stockpicker/scoring.go:1002.4,1004.72 3 0
github.com/raghavkgarg/mycase/pkg/stockpicker/scoring.go:1005.5,1006.1 1 0
github.com/raghavkgarg/mycase/pkg/stockpicker/scoring.go:1010.2,1010.28 1 0
github.com/raghavkgarg/mycase/pkg/stockpicker/scoring.go:1011.3,1011.19 1 0
github.com/raghavkgarg/mycase/pkg/stockpicker/scoring.go:1012.4,1013.1 1 0
github.com/raghavkgarg/mycase/pkg/stockpicker/scoring.go:1015.2,1015.16 1 0
github.com/raghavkgarg/mycase/pkg/stockpicker/scoring.go:1026.2,1027.1 1 1
github.com/raghavkgarg/mycase/pkg/stockpicker/scoring.go:1043.2,1049.1 2 1
github.com/raghavkgarg/mycase/pkg/stockpicker/scoring.go:1050.2,1050.30 2 1
github.com/raghavkgarg/mycase/pkg/stockpicker/scoring.go:1051.3,1052.27 2 1
github.com/raghavkgarg/mycase/pkg/stockpicker/scoring.go:1053.4,1054.1 1 1
github.com/raghavkgarg/mycase/pkg/stockpicker/scoring.go:1055.3,1055.33 1 1
github.com/raghavkgarg/mycase/pkg/stockpicker/scoring.go:1056.4,1057.1 1 1
github.com/raghavkgarg/mycase/pkg/stockpicker/scoring.go:1058.3,1058.32 1 1
github.com/raghavkgarg/mycase/pkg/stockpicker/scoring.go:1059.4,1060.1 1 1
github.com/raghavkgarg/mycase/pkg/stockpicker/scoring.go:1061.3,1061.31 1 1
github.com/raghavkgarg/mycase/pkg/stockpicker/scoring.go:1062.4,1063.1 1 0
github.com/raghavkgarg/mycase/pkg/stockpicker/scoring.go:1064.3,1065.49 2 1
github.com/raghavkgarg/mycase/pkg/stockpicker/scoring.go:1067.2,1067.12 1 1
github.com/raghavkgarg/mycase/pkg/stockpicker/scoring.go:1081.2,1082.1 1 1
github.com/raghavkgarg/mycase/pkg/stockpicker/scoring.go:1096.2,1096.29 1 1
github.com/raghavkgarg/mycase/pkg/stockpicker/scoring.go:1097.3,1098.43 2 1
github.com/raghavkgarg/mycase/pkg/stockpicker/scoring.go:1099.4,1100.61 2 1
github.com/raghavkgarg/mycase/pkg/stockpicker/scoring.go:1101.5,1103.1 2 1
github.com/raghavkgarg/mycase/pkg/stockpicker/scoring.go:1104.5,1105.82 2 1
github.com/raghavkgarg/mycase/pkg/stockpicker/scoring.go:1106.6,1107.1 1 1
github.com/raghavkgarg/mycase/pkg/stockpicker/scoring.go:1108.5,1108.114 1 1
github.com/raghavkgarg/mycase/pkg/stockpicker/scoring.go:1109.6,1110.14 2 1
github.com/raghavkgarg/mycase/pkg/stockpicker/scoring.go:1112.5,1113.54 2 1
github.com/raghavkgarg/mycase/pkg/stockpicker/scoring.go:1116.3,1116.26 1 1
github.com/raghavkgarg/mycase/pkg/stockpicker/scoring.go:1119.2,1120.50 2 1
github.com/raghavkgarg/mycase/pkg/stockpicker/scoring.go:1121.3,1122.1 1 0
github.com/raghavkgarg/mycase/pkg/stockpicker/scoring.go:1126.2,1127.27 2 1
github.com/raghavkgarg/mycase/pkg/stockpicker/scoring.go:1128.3,1129.1 1 1
github.com/raghavkgarg/mycase/pkg/stockpicker/scoring.go:1134.2,1135.72 2 1
github.com/raghavkgarg/mycase/pkg/stockpicker/scoring.go:1136.3,1136.43 1 1
github.com/raghavkgarg/mycase/pkg/stockpicker/scoring.go:1137.4,1138.42 2 1
github.com/raghavkgarg/mycase/pkg/stockpicker/scoring.go:1139.5,1139.13 1 1
github.com/raghavkgarg/mycase/pkg/stockpicker/scoring.go:1141.4,1141.61 1 1
github.com/raghavkgarg/mycase/pkg/stockpicker/scoring.go:1142.5,1142.80 1 1
github.com/raghavkgarg/mycase/pkg/stockpicker/scoring.go:1143.6,1144.22 2 1
github.com/raghavkgarg/mycase/pkg/stockpicker/scoring.go:1145.7,1148.1 2 1
github.com/raghavkgarg/mycase/pkg/stockpicker/scoring.go:1154.2,1156.1 3 1
github.com/raghavkgarg/mycase/pkg/stockpicker/scoring.go:1158.2,1158.42 3 1
github.com/raghavkgarg/mycase/pkg/stockpicker/scoring.go:1159.3,1160.18 2 1
github.com/raghavkgarg/mycase/pkg/stockpicker/scoring.go:1161.4,1161.9 1 1
github.com/raghavkgarg/mycase/pkg/stockpicker/scoring.go:1163.3,1163.60 1 1
github.com/raghavkgarg/mycase/pkg/stockpicker/scoring.go:1164.4,1167.1 3 1
github.com/raghavkgarg/mycase/pkg/stockpicker/scoring.go:1171.2,1175.1 3 1
github.com/raghavkgarg/mycase/pkg/stockpicker/scoring.go:1176.2,1177.42 3 1
github.com/raghavkgarg/mycase/pkg/stockpicker/scoring.go:1178.3,1179.41 2 1
github.com/raghavkgarg/mycase/pkg/stockpicker/scoring.go:1180.4,1180.12 1 1
github.com/raghavkgarg/mycase/pkg/stockpicker/scoring.go:1182.3,1182.60 1 1
github.com/raghavkgarg/mycase/pkg/stockpicker/scoring.go:1183.4,1183.68 1 1
github.com/raghavkgarg/mycase/pkg/stockpicker/scoring.go:1184.5,1185.31 2 1
github.com/raghavkgarg/mycase/pkg/stockpicker/scoring.go:1186.6,1187.1 1 1
github.com/raghavkgarg/mycase/pkg/stockpicker/scoring.go:1188.5,1192.7 1 1
github.com/raghavkgarg/mycase/pkg/stockpicker/scoring.go:1201.2,1202.42 2 1
github.com/raghavkgarg/mycase/pkg/stockpicker/scoring.go:1203.3,1204.43 2 1
github.com/raghavkgarg/mycase/pkg/stockpicker/scoring.go:1205.4,1205.9 1 1
github.com/raghavkgarg/mycase/pkg/stockpicker/scoring.go:1207.3,1207.26 1 1
github.com/raghavkgarg/mycase/pkg/stockpicker/scoring.go:1208.4,1208.12 1 1
github.com/raghavkgarg/mycase/pkg/stockpicker/scoring.go:1210.3,1210.61 1 1
github.com/raghavkgarg/mycase/pkg/stockpicker/scoring.go:1211.4,1212.86 2 1
github.com/raghavkgarg/mycase/pkg/stockpicker/scoring.go:1213.5,1215.28 3 1
github.com/raghavkgarg/mycase/pkg/stockpicker/scoring.go:1216.6,1217.54 2 1
github.com/raghavkgarg/mycase/pkg/stockpicker/scoring.go:1218.7,1220.1 2 1
github.com/raghavkgarg/mycase/pkg/stockpicker/scoring.go:1224.4,1224.24 1 1
github.com/raghavkgarg/mycase/pkg/stockpicker/scoring.go:1225.5,1226.82 2 1
github.com/raghavkgarg/mycase/pkg/stockpicker/scoring.go:1227.6,1228.1 1 1
github.com/raghavkgarg/mycase/pkg/stockpicker/scoring.go:1229.5,1229.114 1 1
github.com/raghavkgarg/mycase/pkg/stockpicker/scoring.go:1230.6,1231.14 2 0
github.com/raghavkgarg/mycase/pkg/stockpicker/scoring.go:1233.5,1235.54 3 1
github.com/raghavkgarg/mycase/pkg/stockpicker/scoring.go:1242.2,1243.43 2 1
github.com/raghavkgarg/mycase/pkg/stockpicker/scoring.go:1244.3,1244.28 1 1
github.com/raghavkgarg/mycase/pkg/stockpicker/scoring.go:1245.4,1245.9 1 1
github.com/raghavkgarg/mycase/pkg/stockpicker/scoring.go:1247.3,1248.28 2 1
github.com/raghavkgarg/mycase/pkg/stockpicker/scoring.go:1249.4,1249.12 1 0
github.com/raghavkgarg/mycase/pkg/stockpicker/scoring.go:1251.3,1253.62 3 1
github.com/raghavkgarg/mycase/pkg/stockpicker/scoring.go:1258.2,1258.42 1 1
github.com/raghavkgarg/mycase/pkg/stockpicker/scoring.go:1259.3,1260.28 2 1
github.com/raghavkgarg/mycase/pkg/stockpicker/scoring.go:1261.4,1261.9 1 1
github.com/raghavkgarg/mycase/pkg/stockpicker/scoring.go:1263.3,1263.26 1 1
github.com/raghavkgarg/mycase/pkg/stockpicker/scoring.go:1264.4,1264.12 1 1
github.com/raghavkgarg/mycase/pkg/stockpicker/scoring.go:1266.3,1266.61 1 1
github.com/raghavkgarg/mycase/pkg/stockpicker/scoring.go:1267.4,1268.81 2 1
github.com/raghavkgarg/mycase/pkg/stockpicker/scoring.go:1269.5,1270.1 1 1
github.com/raghavkgarg/mycase/pkg/stockpicker/scoring.go:1271.4,1271.113 1 1
github.com/raghavkgarg/mycase/pkg/stockpicker/scoring.go:1272.5,1273.13 2 1
github.com/raghavkgarg/mycase/pkg/stockpicker/scoring.go:1275.4,1277.53 3 1
github.com/raghavkgarg/mycase/pkg/stockpicker/scoring.go:1282.2,1282.29 1 1
github.com/raghavkgarg/mycase/pkg/stockpicker/scoring.go:1283.3,1284.1 1 1
github.com/raghavkgarg/mycase/pkg/stockpicker/scoring.go:1285.2,1285.42 1 1
github.com/raghavkgarg/mycase/pkg/stockpicker/scoring.go:1286.3,1287.27 2 1
github.com/raghavkgarg/mycase/pkg/stockpicker/scoring.go:1288.4,1288.54 1 1
github.com/raghavkgarg/mycase/pkg/stockpicker/scoring.go:1290.5,1290.13 1 1
github.com/raghavkgarg/mycase/pkg/stockpicker/scoring.go:1292.4,1292.60 1 1
github.com/raghavkgarg/mycase/pkg/stockpicker/scoring.go:1294.5,1294.13 1 0
github.com/raghavkgarg/mycase/pkg/stockpicker/scoring.go:1296.4,1296.76 1 1
github.com/raghavkgarg/mycase/pkg/stockpicker/scoring.go:1297.5,1298.13 2 1
github.com/raghavkgarg/mycase/pkg/stockpicker/scoring.go:1300.4,1301.77 2 1
github.com/raghavkgarg/mycase/pkg/stockpicker/scoring.go:1306.2,1307.38 2 1
github.com/raghavkgarg/mycase/pkg/stockpicker/scoring.go:1308.3,1309.1 1 1
github.com/raghavkgarg/mycase/pkg/stockpicker/scoring.go:1310.2,1310.43 1 1
github.com/raghavkgarg/mycase/pkg/stockpicker/scoring.go:1311.3,1312.1 1 1
github.com/raghavkgarg/mycase/pkg/stockpicker/scoring.go:1314.2,1314.17 1 1
github.com/raghavkgarg/mycase/pkg/stockpicker/scoring.go:1324.2,1324.32 1 1
github.com/raghavkgarg/mycase/pkg/stockpicker/scoring.go:1325.3,1326.1 1 1
github.com/raghavkgarg/mycase/pkg/stockpicker/scoring.go:1328.2,1332.1 6 1
github.com/raghavkgarg/mycase/pkg/stockpicker/scoring.go:1334.2,1335.1 6 1
github.com/raghavkgarg/mycase/pkg/stockpicker/scoring.go:1336.2,1336.38 6 1
github.com/raghavkgarg/mycase/pkg/stockpicker/scoring.go:1337.3,1338.47 2 1
github.com/raghavkgarg/mycase/pkg/stockpicker/scoring.go:1339.4,1339.47 1 1
github.com/raghavkgarg/mycase/pkg/stockpicker/scoring.go:1340.5,1342.13 3 0
github.com/raghavkgarg/mycase/pkg/stockpicker/scoring.go:1345.3,1346.32 2 1
github.com/raghavkgarg/mycase/pkg/stockpicker/scoring.go:1349.2,1349.29 1 1
github.com/raghavkgarg/mycase/pkg/stockpicker/scoring.go:1350.3,1351.1 1 1
github.com/raghavkgarg/mycase/pkg/stockpicker/scoring.go:1353.2,1354.34 2 0
github.com/raghavkgarg/mycase/pkg/stockpicker/scoring.go:1355.3,1356.1 1 0
github.com/raghavkgarg/mycase/pkg/stockpicker/scoring.go:1357.2,1358.51 2 0
github.com/raghavkgarg/mycase/pkg/stockpicker/scoring.go:1359.3,1360.1 1 0
github.com/raghavkgarg/mycase/pkg/stockpicker/scoring.go:1362.2,1362.29 1 0
github.com/raghavkgarg/mycase/pkg/stockpicker/scoring.go:1364.3,1364.30 1 0
github.com/raghavkgarg/mycase/pkg/stockpicker/scoring.go:1365.4,1366.1 1 0
github.com/raghavkgarg/mycase/pkg/stockpicker/scoring.go:1367.3,1368.35 2 0
github.com/raghavkgarg/mycase/pkg/stockpicker/scoring.go:1369.4,1370.1 1 0
github.com/raghavkgarg/mycase/pkg/stockpicker/scoring.go:1371.3,1371.14 1 0
github.com/raghavkgarg/mycase/pkg/stockpicker/scoring.go:1372.4,1373.41 2 0
github.com/raghavkgarg/mycase/pkg/stockpicker/scoring.go:1374.5,1375.1 1 0
github.com/raghavkgarg/mycase/pkg/stockpicker/scoring.go:1376.4,1376.21 1 0
github.com/raghavkgarg/mycase/pkg/stockpicker/scoring.go:1378.3,1378.23 1 0
github.com/raghavkgarg/mycase/pkg/stockpicker/scoring.go:1381.2,1381.31 1 0
github.com/raghavkgarg/mycase/pkg/stockpicker/scoring.go:1382.3,1383.1 1 0
github.com/raghavkgarg/mycase/pkg/stockpicker/scoring.go:1385.2,1388.39 4 0
github.com/raghavkgarg/mycase/pkg/stockpicker/scoring.go:1389.3,1390.1 1 0
github.com/raghavkgarg/mycase/pkg/stockpicker/scoring.go:1392.2,1392.21 1 0
github.com/raghavkgarg/mycase/pkg/stockpicker/scoring.go:1404.2,1405.1 3 1
github.com/raghavkgarg/mycase/pkg/stockpicker/scoring.go:1406.2,1407.44 3 1
github.com/raghavkgarg/mycase/pkg/stockpicker/scoring.go:1408.3,1408.67 1 0
github.com/raghavkgarg/mycase/pkg/stockpicker/scoring.go:1409.4,1410.1 1 0
github.com/raghavkgarg/mycase/pkg/stockpicker/scoring.go:1414.2,1417.37 4 1
github.com/raghavkgarg/mycase/pkg/stockpicker/scoring.go:1418.3,1419.1 1 1
github.com/raghavkgarg/mycase/pkg/stockpicker/scoring.go:1421.2,1422.31 2 1
github.com/raghavkgarg/mycase/pkg/stockpicker/scoring.go:1423.3,1425.1 7 1
github.com/raghavkgarg/mycase/pkg/stockpicker/scoring.go:1426.3,1430.1 7 1
github.com/raghavkgarg/mycase/pkg/stockpicker/scoring.go:1431.3,1431.25 7 1
github.com/raghavkgarg/mycase/pkg/stockpicker/scoring.go:1432.4,1432.50 1 1
github.com/raghavkgarg/mycase/pkg/stockpicker/scoring.go:1433.5,1434.1 1 1
github.com/raghavkgarg/mycase/pkg/stockpicker/scoring.go:1435.4,1435.47 1 1
github.com/raghavkgarg/mycase/pkg/stockpicker/scoring.go:1436.5,1437.1 1 0
github.com/raghavkgarg/mycase/pkg/stockpicker/scoring.go:1438.4,1438.50 1 1
github.com/raghavkgarg/mycase/pkg/stockpicker/scoring.go:1439.5,1440.1 1 1
github.com/raghavkgarg/mycase/pkg/stockpicker/scoring.go:1441.4,1441.48 1 1
github.com/raghavkgarg/mycase/pkg/stockpicker/scoring.go:1442.5,1443.1 1 1
github.com/raghavkgarg/mycase/pkg/stockpicker/scoring.go:1447.3,1449.1 6 1
github.com/raghavkgarg/mycase/pkg/stockpicker/scoring.go:1451.3,1453.1 6 1
github.com/raghavkgarg/mycase/pkg/stockpicker/scoring.go:1455.3,1456.68 6 1
github.com/raghavkgarg/mycase/pkg/stockpicker/scoring.go:1457.4,1458.1 1 0
github.com/raghavkgarg/mycase/pkg/stockpicker/scoring.go:1459.3,1461.1 10 1
github.com/raghavkgarg/mycase/pkg/stockpicker/scoring.go:1462.3,1465.1 10 1
github.com/raghavkgarg/mycase/pkg/stockpicker/scoring.go:1467.3,1469.1 10 1
github.com/raghavkgarg/mycase/pkg/stockpicker/scoring.go:1470.3,1471.1 10 1
github.com/raghavkgarg/mycase/pkg/stockpicker/scoring.go:1476.3,1477.44 10 1
github.com/raghavkgarg/mycase/pkg/stockpicker/scoring.go:1478.4,1479.65 2 1
github.com/raghavkgarg/mycase/pkg/stockpicker/scoring.go:1480.5,1481.1 1 0
github.com/raghavkgarg/mycase/pkg/stockpicker/scoring.go:1482.4,1483.44 2 1
github.com/raghavkgarg/mycase/pkg/stockpicker/scoring.go:1486.3,1486.29 1 1
github.com/raghavkgarg/mycase/pkg/stockpicker/scoring.go:1489.2,1489.45 1 1
github.com/raghavkgarg/mycase/pkg/stockpicker/scoring.go:1490.3,1492.37 3 1
github.com/raghavkgarg/mycase/pkg/stockpicker/scoring.go:1493.4,1494.1 1 0
github.com/raghavkgarg/mycase/pkg/stockpicker/scoring.go:1495.3,1495.25 1 1
github.com/raghavkgarg/mycase/pkg/stockpicker/scoring.go:1498.2,1498.25 1 1
github.com/raghavkgarg/mycase/pkg/stockpicker/scoring.go:1499.3,1506.1 7 1
github.com/raghavkgarg/mycase/pkg/stockpicker/scoring.go:1508.2,1508.15 1 1
github.com/raghavkgarg/mycase/pkg/stockpicker/scoring.go:1523.2,1524.1 1 0
github.com/raghavkgarg/mycase/pkg/stockpicker/scoring.go:1543.2,1546.24 4 0
github.com/raghavkgarg/mycase/pkg/stockpicker/scoring.go:1547.3,1547.47 1 0
github.com/raghavkgarg/mycase/pkg/stockpicker/scoring.go:1548.4,1549.1 1 0
github.com/raghavkgarg/mycase/pkg/stockpicker/scoring.go:1550.3,1550.47 1 0
github.com/raghavkgarg/mycase/pkg/stockpicker/scoring.go:1551.4,1552.1 1 0
github.com/raghavkgarg/mycase/pkg/stockpicker/scoring.go:1553.3,1553.49 1 0
github.com/raghavkgarg/mycase/pkg/stockpicker/scoring.go:1554.4,1555.1 1 0
github.com/raghavkgarg/mycase/pkg/stockpicker/scoring.go:1558.2,1561.22 4 0
github.com/raghavkgarg/mycase/pkg/stockpicker/scoring.go:1562.3,1563.1 1 0
github.com/raghavkgarg/mycase/pkg/stockpicker/scoring.go:1564.2,1566.1 4 0
github.com/raghavkgarg/mycase/pkg/stockpicker/scoring.go:1567.2,1568.23 4 0
github.com/raghavkgarg/mycase/pkg/stockpicker/scoring.go:1569.3,1570.1 1 0
github.com/raghavkgarg/mycase/pkg/stockpicker/scoring.go:1571.2,1572.1 6 0
github.com/raghavkgarg/mycase/pkg/stockpicker/scoring.go:1573.2,1576.1 6 0
github.com/raghavkgarg/mycase/pkg/stockpicker/scoring.go:1577.2,1578.37 6 0
github.com/raghavkgarg/mycase/pkg/stockpicker/scoring.go:1579.3,1583.1 5 0
github.com/raghavkgarg/mycase/pkg/stockpicker/scoring.go:1585.3,1585.41 5 0
github.com/raghavkgarg/mycase/pkg/stockpicker/scoring.go:1586.4,1588.12 2 0
github.com/raghavkgarg/mycase/pkg/stockpicker/scoring.go:1591.3,1593.16 3 0
github.com/raghavkgarg/mycase/pkg/stockpicker/scoring.go:1594.4,1595.1 1 0
github.com/raghavkgarg/mycase/pkg/stockpicker/scoring.go:1597.3,1602.18 6 0
github.com/raghavkgarg/mycase/pkg/stockpicker/scoring.go:1603.4,1607.1 4 0
github.com/raghavkgarg/mycase/pkg/stockpicker/scoring.go:1608.3,1609.68 2 0
github.com/raghavkgarg/mycase/pkg/stockpicker/scoring.go:1610.4,1610.84 1 0
github.com/raghavkgarg/mycase/pkg/stockpicker/scoring.go:1611.5,1612.1 1 0
github.com/raghavkgarg/mycase/pkg/stockpicker/scoring.go:1614.3,1616.23 3 0
github.com/raghavkgarg/mycase/pkg/stockpicker/scoring.go:1617.4,1618.1 1 0
github.com/raghavkgarg/mycase/pkg/stockpicker/scoring.go:1618.10,1618.30 1 0
github.com/raghavkgarg/mycase/pkg/stockpicker/scoring.go:1619.4,1620.1 1 0
github.com/raghavkgarg/mycase/pkg/stockpicker/scoring.go:1621.3,1622.22 2 0
github.com/raghavkgarg/mycase/pkg/stockpicker/scoring.go:1623.4,1625.1 1 0
github.com/raghavkgarg/mycase/pkg/stockpicker/scoring.go:1626.4,1628.1 1 0
github.com/raghavkgarg/mycase/pkg/stockpicker/scoring.go:1629.3,1630.1 3 0
github.com/raghavkgarg/mycase/pkg/stockpicker/scoring.go:1631.3,1632.34 3 0
github.com/raghavkgarg/mycase/pkg/stockpicker/scoring.go:1633.4,1634.12 2 0
github.com/raghavkgarg/mycase/pkg/stockpicker/scoring.go:1636.3,1638.55 3 0
github.com/raghavkgarg/mycase/pkg/stockpicker/scoring.go:1641.2,1645.154 5 0
github.com/raghavkgarg/mycase/pkg/stockpicker/scoring.go:1657.2,1658.1 1 0
github.com/raghavkgarg/mycase/pkg/stockpicker/scoring.go:1663.2,1663.9 1 1
github.com/raghavkgarg/mycase/pkg/stockpicker/scoring.go:1665.3,1665.13 1 1
github.com/raghavkgarg/mycase/pkg/stockpicker/scoring.go:1667.3,1667.14 1 0
github.com/raghavkgarg/mycase/pkg/stockpicker/scoring.go:1669.3,1669.14 1 1
github.com/raghavkgarg/mycase/pkg/stockpicker/scoring_fairprice.go:24.2,26.1 13 1
github.com/raghavkgarg/mycase/pkg/stockpicker/scoring_fairprice.go:28.2,33.1 13 1
github.com/raghavkgarg/mycase/pkg/stockpicker/scoring_fairprice.go:34.2,39.1 13 1
github.com/raghavkgarg/mycase/pkg/stockpicker/scoring_fairprice.go:40.2,40.31 13 1
github.com/raghavkgarg/mycase/pkg/stockpicker/scoring_fairprice.go:41.3,42.42 2 1
github.com/raghavkgarg/mycase/pkg/stockpicker/scoring_fairprice.go:43.4,43.12 1 0
github.com/raghavkgarg/mycase/pkg/stockpicker/scoring_fairprice.go:45.3,46.1 3 1
github.com/raghavkgarg/mycase/pkg/stockpicker/scoring_fairprice.go:47.3,48.31 3 1
github.com/raghavkgarg/mycase/pkg/stockpicker/scoring_fairprice.go:49.4,50.1 1 1
github.com/raghavkgarg/mycase/pkg/stockpicker/scoring_fairprice.go:51.3,51.31 1 1
github.com/raghavkgarg/mycase/pkg/stockpicker/scoring_fairprice.go:52.4,53.1 1 1
github.com/raghavkgarg/mycase/pkg/stockpicker/scoring_fairprice.go:55.3,56.39 2 1
github.com/raghavkgarg/mycase/pkg/stockpicker/scoring_fairprice.go:57.4,57.17 1 0
github.com/raghavkgarg/mycase/pkg/stockpicker/scoring_fairprice.go:58.5,59.1 1 0
github.com/raghavkgarg/mycase/pkg/stockpicker/scoring_fairprice.go:59.11,59.35 1 0
github.com/raghavkgarg/mycase/pkg/stockpicker/scoring_fairprice.go:60.5,61.1 1 0
github.com/raghavkgarg/mycase/pkg/stockpicker/scoring_fairprice.go:63.4,65.27 3 1
github.com/raghavkgarg/mycase/pkg/stockpicker/scoring_fairprice.go:66.5,67.1 1 1
github.com/raghavkgarg/mycase/pkg/stockpicker/scoring_fairprice.go:69.3,70.24 2 1
github.com/raghavkgarg/mycase/pkg/stockpicker/scoring_fairprice.go:71.4,72.1 1 1
github.com/raghavkgarg/mycase/pkg/stockpicker/scoring_fairprice.go:73.3,73.24 1 1
github.com/raghavkgarg/mycase/pkg/stockpicker/scoring_fairprice.go:74.4,75.1 1 1
github.com/raghavkgarg/mycase/pkg/stockpicker/scoring_fairprice.go:77.3,78.49 2 1
github.com/raghavkgarg/mycase/pkg/stockpicker/scoring_fairprice.go:79.4,80.1 1 1
github.com/raghavkgarg/mycase/pkg/stockpicker/scoring_fairprice.go:81.3,82.22 2 1
github.com/raghavkgarg/mycase/pkg/stockpicker/scoring_fairprice.go:83.4,84.1 1 1
github.com/raghavkgarg/mycase/pkg/stockpicker/scoring_fairprice.go:85.3,85.22 1 1
github.com/raghavkgarg/mycase/pkg/stockpicker/scoring_fairprice.go:86.4,87.1 1 1
github.com/raghavkgarg/mycase/pkg/stockpicker/scoring_fairprice.go:89.3,90.15 2 1
github.com/raghavkgarg/mycase/pkg/stockpicker/scoring_fairprice.go:91.4,92.1 1 0
github.com/raghavkgarg/mycase/pkg/stockpicker/scoring_fairprice.go:93.3,94.17 2 1
github.com/raghavkgarg/mycase/pkg/stockpicker/scoring_fairprice.go:95.4,96.1 1 1
github.com/raghavkgarg/mycase/pkg/stockpicker/scoring_fairprice.go:97.3,97.17 1 1
github.com/raghavkgarg/mycase/pkg/stockpicker/scoring_fairprice.go:98.4,99.1 1 1
github.com/raghavkgarg/mycase/pkg/stockpicker/scoring_fairprice.go:101.3,103.21 3 1
github.com/raghavkgarg/mycase/pkg/stockpicker/scoring_fairprice.go:104.4,105.1 1 1
github.com/raghavkgarg/mycase/pkg/stockpicker/scoring_fairprice.go:106.3,107.25 2 1
github.com/raghavkgarg/mycase/pkg/stockpicker/scoring_fairprice.go:108.4,109.1 1 1
github.com/raghavkgarg/mycase/pkg/stockpicker/scoring_fairprice.go:110.3,110.25 1 1
github.com/raghavkgarg/mycase/pkg/stockpicker/scoring_fairprice.go:111.4,112.1 1 1
github.com/raghavkgarg/mycase/pkg/stockpicker/scoring_fairprice.go:115.2,124.1 10 1
github.com/raghavkgarg/mycase/pkg/stockpicker/scoring_fairprice.go:125.2,125.24 10 1
github.com/raghavkgarg/mycase/pkg/stockpicker/scoring_fairprice.go:126.3,126.40 1 1
github.com/raghavkgarg/mycase/pkg/stockpicker/scoring_fairprice.go:127.4,128.1 1 0
github.com/raghavkgarg/mycase/pkg/stockpicker/scoring_fairprice.go:129.3,129.41 1 1
github.com/raghavkgarg/mycase/pkg/stockpicker/scoring_fairprice.go:130.4,131.1 1 0
github.com/raghavkgarg/mycase/pkg/stockpicker/scoring_fairprice.go:132.3,132.43 1 1
github.com/raghavkgarg/mycase/pkg/stockpicker/scoring_fairprice.go:133.4,134.1 1 0
github.com/raghavkgarg/mycase/pkg/stockpicker/scoring_fairprice.go:135.3,135.45 1 1
github.com/raghavkgarg/mycase/pkg/stockpicker/scoring_fairprice.go:136.4,137.1 1 0
github.com/raghavkgarg/mycase/pkg/stockpicker/scoring_fairprice.go:138.3,138.38 1 1
github.com/raghavkgarg/mycase/pkg/stockpicker/scoring_fairprice.go:139.4,140.1 1 0
github.com/raghavkgarg/mycase/pkg/stockpicker/scoring_fairprice.go:141.3,141.40 1 1
github.com/raghavkgarg/mycase/pkg/stockpicker/scoring_fairprice.go:142.4,143.1 1 0
github.com/raghavkgarg/mycase/pkg/stockpicker/scoring_fairprice.go:144.3,144.44 1 1
github.com/raghavkgarg/mycase/pkg/stockpicker/scoring_fairprice.go:145.4,146.1 1 0
github.com/raghavkgarg/mycase/pkg/stockpicker/scoring_fairprice.go:147.3,147.45 1 1
github.com/raghavkgarg/mycase/pkg/stockpicker/scoring_fairprice.go:148.4,149.1 1 0
github.com/raghavkgarg/mycase/pkg/stockpicker/scoring_fairprice.go:150.3,150.47 1 1
github.com/raghavkgarg/mycase/pkg/stockpicker/scoring_fairprice.go:151.4,152.1 1 0
github.com/raghavkgarg/mycase/pkg/stockpicker/scoring_fairprice.go:155.2,155.31 1 1
github.com/raghavkgarg/mycase/pkg/stockpicker/scoring_fairprice.go:156.3,157.42 2 1
github.com/raghavkgarg/mycase/pkg/stockpicker/scoring_fairprice.go:158.4,159.12 2 0
github.com/raghavkgarg/mycase/pkg/stockpicker/scoring_fairprice.go:161.3,162.1 5 1
github.com/raghavkgarg/mycase/pkg/stockpicker/scoring_fairprice.go:164.3,167.37 5 1
github.com/raghavkgarg/mycase/pkg/stockpicker/scoring_fairprice.go:168.4,169.1 1 1
github.com/raghavkgarg/mycase/pkg/stockpicker/scoring_fairprice.go:169.10,169.41 1 1
github.com/raghavkgarg/mycase/pkg/stockpicker/scoring_fairprice.go:170.4,171.1 1 1
github.com/raghavkgarg/mycase/pkg/stockpicker/scoring_fairprice.go:171.10,171.43 1 0
github.com/raghavkgarg/mycase/pkg/stockpicker/scoring_fairprice.go:172.4,173.1 1 0
github.com/raghavkgarg/mycase/pkg/stockpicker/scoring_fairprice.go:176.3,177.55 2 1
github.com/raghavkgarg/mycase/pkg/stockpicker/scoring_fairprice.go:178.4,179.1 1 1
github.com/raghavkgarg/mycase/pkg/stockpicker/scoring_fairprice.go:180.3,180.55 1 1
github.com/raghavkgarg/mycase/pkg/stockpicker/scoring_fairprice.go:181.4,182.1 1 1
github.com/raghavkgarg/mycase/pkg/stockpicker/scoring_fairprice.go:183.3,183.55 1 1
github.com/raghavkgarg/mycase/pkg/stockpicker/scoring_fairprice.go:184.4,185.1 1 1
github.com/raghavkgarg/mycase/pkg/stockpicker/scoring_fairprice.go:186.3,186.65 1 1
github.com/raghavkgarg/mycase/pkg/stockpicker/scoring_fairprice.go:187.4,188.1 1 1
github.com/raghavkgarg/mycase/pkg/stockpicker/scoring_fairprice.go:189.3,189.55 1 1
github.com/raghavkgarg/mycase/pkg/stockpicker/scoring_fairprice.go:190.4,191.1 1 1
github.com/raghavkgarg/mycase/pkg/stockpicker/scoring_fairprice.go:193.3,195.1 9 1
github.com/raghavkgarg/mycase/pkg/stockpicker/scoring_fairprice.go:197.3,200.1 9 1
github.com/raghavkgarg/mycase/pkg/stockpicker/scoring_fairprice.go:202.3,204.1 9 1
github.com/raghavkgarg/mycase/pkg/stockpicker/scoring_fairprice.go:205.3,206.25 9 1
github.com/raghavkgarg/mycase/pkg/stockpicker/scoring_fairprice.go:209.2,209.15 1 1
github.com/raghavkgarg/mycase/pkg/stockpicker/scoring_fairprice.go:228.2,229.23 2 1
github.com/raghavkgarg/mycase/pkg/stockpicker/scoring_fairprice.go:230.3,231.1 1 0
github.com/raghavkgarg/mycase/pkg/stockpicker/scoring_fairprice.go:232.2,233.1 5 1
github.com/raghavkgarg/mycase/pkg/stockpicker/scoring_fairprice.go:234.2,235.1 5 1
github.com/raghavkgarg/mycase/pkg/stockpicker/scoring_fairprice.go:237.2,239.45 5 1
github.com/raghavkgarg/mycase/pkg/stockpicker/scoring_fairprice.go:240.3,241.29 2 1
github.com/raghavkgarg/mycase/pkg/stockpicker/scoring_fairprice.go:242.4,243.1 1 1
github.com/raghavkgarg/mycase/pkg/stockpicker/scoring_fairprice.go:245.3,246.51 2 0
github.com/raghavkgarg/mycase/pkg/stockpicker/scoring_fairprice.go:247.4,248.1 1 0
github.com/raghavkgarg/mycase/pkg/stockpicker/scoring_fairprice.go:249.3,249.51 1 0
github.com/raghavkgarg/mycase/pkg/stockpicker/scoring_fairprice.go:250.4,251.1 1 0
github.com/raghavkgarg/mycase/pkg/stockpicker/scoring_fairprice.go:252.3,252.17 1 0
github.com/raghavkgarg/mycase/pkg/stockpicker/scoring_fairprice.go:255.2,258.1 4 1
github.com/raghavkgarg/mycase/pkg/stockpicker/scoring_fairprice.go:259.2,259.37 4 1
github.com/raghavkgarg/mycase/pkg/stockpicker/scoring_fairprice.go:260.3,262.1 5 1
github.com/raghavkgarg/mycase/pkg/stockpicker/scoring_fairprice.go:263.3,265.16 5 1
github.com/raghavkgarg/mycase/pkg/stockpicker/scoring_fairprice.go:266.4,267.1 1 0
github.com/raghavkgarg/mycase/pkg/stockpicker/scoring_fairprice.go:269.3,270.41 2 1
github.com/raghavkgarg/mycase/pkg/stockpicker/scoring_fairprice.go:271.4,271.68 1 0
github.com/raghavkgarg/mycase/pkg/stockpicker/scoring_fairprice.go:272.5,273.1 1 0
github.com/raghavkgarg/mycase/pkg/stockpicker/scoring_fairprice.go:276.3,276.33 1 1
github.com/raghavkgarg/mycase/pkg/stockpicker/scoring_fairprice.go:277.4,280.1 8 1
github.com/raghavkgarg/mycase/pkg/stockpicker/scoring_fairprice.go:281.4,285.17 8 1
github.com/raghavkgarg/mycase/pkg/stockpicker/scoring_fairprice.go:286.5,289.1 3 1
github.com/raghavkgarg/mycase/pkg/stockpicker/scoring_fairprice.go:290.4,292.40 3 1
github.com/raghavkgarg/mycase/pkg/stockpicker/scoring_fairprice.go:293.5,294.18 2 0
github.com/raghavkgarg/mycase/pkg/stockpicker/scoring_fairprice.go:295.6,296.1 1 0
github.com/raghavkgarg/mycase/pkg/stockpicker/scoring_fairprice.go:296.12,296.36 1 0
github.com/raghavkgarg/mycase/pkg/stockpicker/scoring_fairprice.go:297.6,299.1 2 0
github.com/raghavkgarg/mycase/pkg/stockpicker/scoring_fairprice.go:300.11,300.29 1 1
github.com/raghavkgarg/mycase/pkg/stockpicker/scoring_fairprice.go:301.5,302.1 1 1
github.com/raghavkgarg/mycase/pkg/stockpicker/scoring_fairprice.go:303.4,305.46 2 1
github.com/raghavkgarg/mycase/pkg/stockpicker/scoring_fairprice.go:307.4,308.1 1 1
github.com/raghavkgarg/mycase/pkg/stockpicker/scoring_fairprice.go:311.2,312.154 2 1
github.com/raghavkgarg/mycase/pkg/stockpicker/scoring_fairprice.go:324.2,326.28 3 1
github.com/raghavkgarg/mycase/pkg/stockpicker/scoring_fairprice.go:327.3,328.1 1 0
github.com/raghavkgarg/mycase/pkg/stockpicker/scoring_fairprice.go:330.2,331.33 2 1
github.com/raghavkgarg/mycase/pkg/stockpicker/scoring_fairprice.go:332.3,333.1 1 1
github.com/raghavkgarg/mycase/pkg/stockpicker/scoring_fairprice.go:334.2,334.33 1 1
github.com/raghavkgarg/mycase/pkg/stockpicker/scoring_fairprice.go:335.3,335.19 1 1
github.com/raghavkgarg/mycase/pkg/stockpicker/scoring_fairprice.go:336.4,337.1 1 1
github.com/raghavkgarg/mycase/pkg/stockpicker/scoring_fairprice.go:338.4,339.1 1 0
github.com/raghavkgarg/mycase/pkg/stockpicker/scoring_fairprice.go:342.2,343.22 2 1
github.com/raghavkgarg/mycase/pkg/stockpicker/scoring_fairprice.go:344.3,345.1 1 0
github.com/raghavkgarg/mycase/pkg/stockpicker/scoring_fairprice.go:347.2,348.23 2 1
github.com/raghavkgarg/mycase/pkg/stockpicker/scoring_fairprice.go:349.3,350.1 1 0
github.com/raghavkgarg/mycase/pkg/stockpicker/scoring_fairprice.go:353.2,353.35 1 1
github.com/raghavkgarg/mycase/pkg/stockpicker/scoring_fairprice.go:354.3,356.34 3 1
github.com/raghavkgarg/mycase/pkg/stockpicker/scoring_fairprice.go:357.4,357.37 1 1
github.com/raghavkgarg/mycase/pkg/stockpicker/scoring_fairprice.go:358.5,360.1 2 1
github.com/raghavkgarg/mycase/pkg/stockpicker/scoring_fairprice.go:361.5,362.1 1 0
github.com/raghavkgarg/mycase/pkg/stockpicker/scoring_fairprice.go:364.3,364.41 1 1
github.com/raghavkgarg/mycase/pkg/stockpicker/scoring_fairprice.go:365.4,365.9 1 1
github.com/raghavkgarg/mycase/pkg/stockpicker/scoring_fairprice.go:367.3,367.34 1 0
github.com/raghavkgarg/mycase/pkg/stockpicker/scoring_fairprice.go:368.4,368.37 1 0
github.com/raghavkgarg/mycase/pkg/stockpicker/scoring_fairprice.go:369.5,370.1 1 0
github.com/raghavkgarg/mycase/pkg/stockpicker/scoring_fairprice.go:375.2,376.33 2 1
github.com/raghavkgarg/mycase/pkg/stockpicker/scoring_fairprice.go:377.3,378.16 2 1
github.com/raghavkgarg/mycase/pkg/stockpicker/scoring_fairprice.go:379.4,380.1 1 0
github.com/raghavkgarg/mycase/pkg/stockpicker/scoring_fairprice.go:381.3,381.40 1 1
github.com/raghavkgarg/mycase/pkg/stockpicker/scoring_fairprice.go:384.2,384.36 1 1
github.com/raghavkgarg/mycase/pkg/stockpicker/scoring_fairprice.go:385.3,385.23 1 1
github.com/raghavkgarg/mycase/pkg/stockpicker/scoring_fairprice.go:386.4,387.35 2 0
github.com/raghavkgarg/mycase/pkg/stockpicker/scoring_fairprice.go:388.5,389.16 2 0
github.com/raghavkgarg/mycase/pkg/stockpicker/scoring_fairprice.go:390.6,391.1 1 0
github.com/raghavkgarg/mycase/pkg/stockpicker/scoring_fairprice.go:392.5,392.17 1 0
github.com/raghavkgarg/mycase/pkg/stockpicker/scoring_fairprice.go:393.6,394.1 1 0
github.com/raghavkgarg/mycase/pkg/stockpicker/scoring_fairprice.go:400.2,400.57 1 1
github.com/raghavkgarg/mycase/pkg/stockpicker/scoring_fairprice.go:401.3,401.34 1 0
github.com/raghavkgarg/mycase/pkg/stockpicker/scoring_fairprice.go:402.4,402.55 1 0
github.com/raghavkgarg/mycase/pkg/stockpicker/scoring_fairprice.go:403.5,404.50 2 0
github.com/raghavkgarg/mycase/pkg/stockpicker/scoring_fairprice.go:405.6,406.1 1 0
github.com/raghavkgarg/mycase/pkg/stockpicker/scoring_fairprice.go:411.2,411.21 1 1
github.com/raghavkgarg/mycase/pkg/stockpicker/scoring_us.go:32.2,33.1 14 0
github.com/raghavkgarg/mycase/pkg/stockpicker/scoring_us.go:35.2,41.1 14 0
github.com/raghavkgarg/mycase/pkg/stockpicker/scoring_us.go:42.2,48.1 14 0
github.com/raghavkgarg/mycase/pkg/stockpicker/scoring_us.go:49.2,49.31 14 0
github.com/raghavkgarg/mycase/pkg/stockpicker/scoring_us.go:50.3,52.1 5 0
github.com/raghavkgarg/mycase/pkg/stockpicker/scoring_us.go:56.3,58.21 5 0
github.com/raghavkgarg/mycase/pkg/stockpicker/scoring_us.go:59.4,60.1 1 0
github.com/raghavkgarg/mycase/pkg/stockpicker/scoring_us.go:61.3,61.21 1 0
github.com/raghavkgarg/mycase/pkg/stockpicker/scoring_us.go:62.4,63.1 1 0
github.com/raghavkgarg/mycase/pkg/stockpicker/scoring_us.go:66.3,67.44 2 0
github.com/raghavkgarg/mycase/pkg/stockpicker/scoring_us.go:68.4,69.1 1 0
github.com/raghavkgarg/mycase/pkg/stockpicker/scoring_us.go:70.3,71.21 2 0
github.com/raghavkgarg/mycase/pkg/stockpicker/scoring_us.go:72.4,73.1 1 0
github.com/raghavkgarg/mycase/pkg/stockpicker/scoring_us.go:74.3,74.21 1 0
github.com/raghavkgarg/mycase/pkg/stockpicker/scoring_us.go:75.4,76.1 1 0
github.com/raghavkgarg/mycase/pkg/stockpicker/scoring_us.go:80.3,82.19 3 0
github.com/raghavkgarg/mycase/pkg/stockpicker/scoring_us.go:83.4,84.1 1 0
github.com/raghavkgarg/mycase/pkg/stockpicker/scoring_us.go:85.3,85.19 1 0
github.com/raghavkgarg/mycase/pkg/stockpicker/scoring_us.go:86.4,87.1 1 0
github.com/raghavkgarg/mycase/pkg/stockpicker/scoring_us.go:90.3,91.49 2 0
github.com/raghavkgarg/mycase/pkg/stockpicker/scoring_us.go:92.4,93.1 1 0
github.com/raghavkgarg/mycase/pkg/stockpicker/scoring_us.go:93.10,93.51 1 0
github.com/raghavkgarg/mycase/pkg/stockpicker/scoring_us.go:95.4,96.1 1 0
github.com/raghavkgarg/mycase/pkg/stockpicker/scoring_us.go:98.3,98.15 1 0
github.com/raghavkgarg/mycase/pkg/stockpicker/scoring_us.go:99.4,100.1 1 0
github.com/raghavkgarg/mycase/pkg/stockpicker/scoring_us.go:101.3,102.17 2 0
github.com/raghavkgarg/mycase/pkg/stockpicker/scoring_us.go:103.4,104.1 1 0
github.com/raghavkgarg/mycase/pkg/stockpicker/scoring_us.go:105.3,105.17 1 0
github.com/raghavkgarg/mycase/pkg/stockpicker/scoring_us.go:106.4,107.1 1 0
github.com/raghavkgarg/mycase/pkg/stockpicker/scoring_us.go:111.3,113.17 3 0
github.com/raghavkgarg/mycase/pkg/stockpicker/scoring_us.go:114.4,115.1 1 0
github.com/raghavkgarg/mycase/pkg/stockpicker/scoring_us.go:116.3,116.17 1 0
github.com/raghavkgarg/mycase/pkg/stockpicker/scoring_us.go:117.4,118.1 1 0
github.com/raghavkgarg/mycase/pkg/stockpicker/scoring_us.go:121.3,123.19 3 0
github.com/raghavkgarg/mycase/pkg/stockpicker/scoring_us.go:124.4,125.1 1 0
github.com/raghavkgarg/mycase/pkg/stockpicker/scoring_us.go:126.3,126.19 1 0
github.com/raghavkgarg/mycase/pkg/stockpicker/scoring_us.go:127.4,128.1 1 0
github.com/raghavkgarg/mycase/pkg/stockpicker/scoring_us.go:132.2,133.31 2 0
github.com/raghavkgarg/mycase/pkg/stockpicker/scoring_us.go:134.3,140.1 7 0
github.com/raghavkgarg/mycase/pkg/stockpicker/scoring_us.go:141.3,141.25 7 0
github.com/raghavkgarg/mycase/pkg/stockpicker/scoring_us.go:142.4,142.39 1 0
github.com/raghavkgarg/mycase/pkg/stockpicker/scoring_us.go:143.5,144.1 1 0
github.com/raghavkgarg/mycase/pkg/stockpicker/scoring_us.go:145.4,145.45 1 0
github.com/raghavkgarg/mycase/pkg/stockpicker/scoring_us.go:146.5,147.1 1 0
github.com/raghavkgarg/mycase/pkg/stockpicker/scoring_us.go:148.4,148.46 1 0
github.com/raghavkgarg/mycase/pkg/stockpicker/scoring_us.go:149.5,150.1 1 0
github.com/raghavkgarg/mycase/pkg/stockpicker/scoring_us.go:151.4,151.50 1 0
github.com/raghavkgarg/mycase/pkg/stockpicker/scoring_us.go:152.5,153.1 1 0
github.com/raghavkgarg/mycase/pkg/stockpicker/scoring_us.go:154.4,154.53 1 0
github.com/raghavkgarg/mycase/pkg/stockpicker/scoring_us.go:155.5,156.1 1 0
github.com/raghavkgarg/mycase/pkg/stockpicker/scoring_us.go:157.4,157.41 1 0
github.com/raghavkgarg/mycase/pkg/stockpicker/scoring_us.go:158.5,159.1 1 0
github.com/raghavkgarg/mycase/pkg/stockpicker/scoring_us.go:162.3,168.1 7 0
github.com/raghavkgarg/mycase/pkg/stockpicker/scoring_us.go:169.3,169.54 7 0
github.com/raghavkgarg/mycase/pkg/stockpicker/scoring_us.go:173.2,173.45 1 0
github.com/raghavkgarg/mycase/pkg/stockpicker/scoring_us.go:174.3,176.37 3 0
github.com/raghavkgarg/mycase/pkg/stockpicker/scoring_us.go:177.4,178.1 1 0
github.com/raghavkgarg/mycase/pkg/stockpicker/scoring_us.go:179.3,179.25 1 0
github.com/raghavkgarg/mycase/pkg/stockpicker/scoring_us.go:182.2,182.15 1 0
github.com/raghavkgarg/mycase/pkg/stockpicker/scoring_us.go:197.2,198.1 1 0
github.com/raghavkgarg/mycase/pkg/stockpicker/scoring_us.go:217.2,218.62 2 0
github.com/raghavkgarg/mycase/pkg/stockpicker/scoring_us.go:219.3,220.1 1 0
github.com/raghavkgarg/mycase/pkg/stockpicker/scoring_us.go:221.2,222.1 5 0
github.com/raghavkgarg/mycase/pkg/stockpicker/scoring_us.go:223.2,226.1 5 0
github.com/raghavkgarg/mycase/pkg/stockpicker/scoring_us.go:227.2,227.37 5 0
github.com/raghavkgarg/mycase/pkg/stockpicker/scoring_us.go:228.3,230.1 5 0
github.com/raghavkgarg/mycase/pkg/stockpicker/scoring_us.go:231.3,233.16 5 0
github.com/raghavkgarg/mycase/pkg/stockpicker/scoring_us.go:234.4,235.1 1 0
github.com/raghavkgarg/mycase/pkg/stockpicker/scoring_us.go:238.3,239.44 2 0
github.com/raghavkgarg/mycase/pkg/stockpicker/scoring_us.go:240.4,241.1 1 0
github.com/raghavkgarg/mycase/pkg/stockpicker/scoring_us.go:246.3,247.20 2 0
github.com/raghavkgarg/mycase/pkg/stockpicker/scoring_us.go:248.4,249.1 1 0
github.com/raghavkgarg/mycase/pkg/stockpicker/scoring_us.go:250.3,253.1 5 0
github.com/raghavkgarg/mycase/pkg/stockpicker/scoring_us.go:257.3,259.36 5 0
github.com/raghavkgarg/mycase/pkg/stockpicker/scoring_us.go:260.4,261.1 1 0
github.com/raghavkgarg/mycase/pkg/stockpicker/scoring_us.go:262.3,268.1 3 0
github.com/raghavkgarg/mycase/pkg/stockpicker/scoring_us.go:269.3,270.34 3 0
github.com/raghavkgarg/mycase/pkg/stockpicker/scoring_us.go:271.4,272.12 2 0
github.com/raghavkgarg/mycase/pkg/stockpicker/scoring_us.go:274.3,276.55 3 0
github.com/raghavkgarg/mycase/pkg/stockpicker/scoring_us.go:279.2,282.154 4 0
github.com/raghavkgarg/mycase/pkg/stockpicker/scoring_us.go:294.2,297.33 4 0
github.com/raghavkgarg/mycase/pkg/stockpicker/scoring_us.go:298.3,299.1 1 0
github.com/raghavkgarg/mycase/pkg/stockpicker/scoring_us.go:300.2,300.33 1 0
github.com/raghavkgarg/mycase/pkg/stockpicker/scoring_us.go:301.3,301.19 1 0
github.com/raghavkgarg/mycase/pkg/stockpicker/scoring_us.go:302.4,303.1 1 0
github.com/raghavkgarg/mycase/pkg/stockpicker/scoring_us.go:304.4,305.1 1 0
github.com/raghavkgarg/mycase/pkg/stockpicker/scoring_us.go:308.2,310.24 3 0
github.com/raghavkgarg/mycase/pkg/stockpicker/scoring_us.go:311.3,311.40 1 0
github.com/raghavkgarg/mycase/pkg/stockpicker/scoring_us.go:312.4,313.1 1 0
github.com/raghavkgarg/mycase/pkg/stockpicker/scoring_us.go:314.3,314.41 1 0
github.com/raghavkgarg/mycase/pkg/stockpicker/scoring_us.go:315.4,316.1 1 0
github.com/raghavkgarg/mycase/pkg/stockpicker/scoring_us.go:319.2,320.24 2 0
github.com/raghavkgarg/mycase/pkg/stockpicker/scoring_us.go:321.3,322.1 1 0
github.com/raghavkgarg/mycase/pkg/stockpicker/scoring_us.go:323.2,324.1 3 0
github.com/raghavkgarg/mycase/pkg/stockpicker/scoring_us.go:326.2,327.1 3 0
github.com/raghavkgarg/mycase/pkg/stockpicker/scoring_us.go:328.2,328.21 3 0
github.com/raghavkgarg/mycase/pkg/stockpicker/scoring_us.go:341.2,341.24 1 1
github.com/raghavkgarg/mycase/pkg/stockpicker/scoring_us.go:342.3,344.1 2 0
github.com/raghavkgarg/mycase/pkg/stockpicker/scoring_us.go:346.2,349.1 4 1
github.com/raghavkgarg/mycase/pkg/stockpicker/scoring_us.go:350.2,350.31 4 1
github.com/raghavkgarg/mycase/pkg/stockpicker/scoring_us.go:351.3,352.1 2 1
github.com/raghavkgarg/mycase/pkg/stockpicker/scoring_us.go:354.3,354.77 2 1
github.com/raghavkgarg/mycase/pkg/stockpicker/scoring_us.go:355.4,357.12 3 0
github.com/raghavkgarg/mycase/pkg/stockpicker/scoring_us.go:361.3,361.29 1 1
github.com/raghavkgarg/mycase/pkg/stockpicker/scoring_us.go:362.4,363.69 2 0
github.com/raghavkgarg/mycase/pkg/stockpicker/scoring_us.go:366.5,367.1 1 0
github.com/raghavkgarg/mycase/pkg/stockpicker/scoring_us.go:368.4,368.43 1 0
github.com/raghavkgarg/mycase/pkg/stockpicker/scoring_us.go:369.5,371.13 3 0
github.com/raghavkgarg/mycase/pkg/stockpicker/scoring_us.go:383.3,383.34 1 1
github.com/raghavkgarg/mycase/pkg/stockpicker/scoring_us.go:384.4,385.1 1 1
github.com/raghavkgarg/mycase/pkg/stockpicker/scoring_us.go:385.10,385.80 1 1
github.com/raghavkgarg/mycase/pkg/stockpicker/scoring_us.go:386.4,388.12 3 1
github.com/raghavkgarg/mycase/pkg/stockpicker/scoring_us.go:389.10,389.62 1 0
github.com/raghavkgarg/mycase/pkg/stockpicker/scoring_us.go:391.4,393.12 3 0
github.com/raghavkgarg/mycase/pkg/stockpicker/scoring_us.go:396.3,396.29 1 1
github.com/raghavkgarg/mycase/pkg/stockpicker/scoring_us.go:399.2,400.15 2 1
github.com/raghavkgarg/mycase/pkg/stockpicker/scoring_us.go:411.2,411.40 1 1
github.com/raghavkgarg/mycase/pkg/stockpicker/scoring_us.go:412.3,413.1 1 1
github.com/raghavkgarg/mycase/pkg/stockpicker/scoring_us.go:414.2,414.49 1 1
github.com/raghavkgarg/mycase/pkg/stockpicker/scoring_us.go:424.2,427.1 4 1
github.com/raghavkgarg/mycase/pkg/stockpicker/scoring_us.go:428.2,428.45 4 1
github.com/raghavkgarg/mycase/pkg/stockpicker/scoring_us.go:429.3,433.26 5 0
github.com/raghavkgarg/mycase/pkg/stockpicker/scoring_us.go:435.4,437.1 2 0
github.com/raghavkgarg/mycase/pkg/stockpicker/scoring_us.go:443.2,443.26 1 1
github.com/raghavkgarg/mycase/pkg/stockpicker/scoring_us.go:444.3,445.1 1 1
github.com/raghavkgarg/mycase/pkg/stockpicker/scoring_us.go:455.2,455.19 1 1
github.com/raghavkgarg/mycase/pkg/stockpicker/scoring_us.go:456.3,457.1 1 1
github.com/raghavkgarg/mycase/pkg/stockpicker/scoring_us.go:458.2,458.10 1 1
github.com/raghavkgarg/mycase/pkg/stockpicker/scoring_us.go:466.2,467.12 2 1
github.com/raghavkgarg/mycase/pkg/stockpicker/scoring_us.go:468.3,469.1 1 0
github.com/raghavkgarg/mycase/pkg/stockpicker/scoring_us.go:470.2,470.12 1 1
github.com/raghavkgarg/mycase/pkg/stockpicker/scoring_us.go:471.3,472.1 1 1
github.com/raghavkgarg/mycase/pkg/stockpicker/scoring_us.go:473.2,473.10 1 1
github.com/raghavkgarg/mycase/pkg/stockpicker/scoring_us.go:479.2,479.42 1 0
github.com/raghavkgarg/mycase/pkg/stockpicker/scoring_us.go:480.3,481.1 1 0
github.com/raghavkgarg/mycase/pkg/stockpicker/scoring_us.go:483.2,484.1 3 0
github.com/raghavkgarg/mycase/pkg/stockpicker/scoring_us.go:486.2,487.21 3 0
github.com/raghavkgarg/mycase/pkg/stockpicker/scoring_us.go:488.3,489.1 1 0
github.com/raghavkgarg/mycase/pkg/stockpicker/scoring_us.go:491.2,493.1 5 0
github.com/raghavkgarg/mycase/pkg/stockpicker/scoring_us.go:494.2,496.1 5 0
github.com/raghavkgarg/mycase/pkg/stockpicker/scoring_us.go:497.2,497.21 5 0
github.com/raghavkgarg/mycase/pkg/stockpicker/scoring_us.go:498.3,499.1 1 0
github.com/raghavkgarg/mycase/pkg/stockpicker/scoring_us.go:501.2,501.45 1 0
github.com/raghavkgarg/mycase/pkg/stockpicker/scoring_us.go:507.2,507.22 1 0
github.com/raghavkgarg/mycase/pkg/stockpicker/scoring_us.go:508.3,509.1 1 0
github.com/raghavkgarg/mycase/pkg/stockpicker/scoring_us.go:511.2,512.1 2 0
github.com/raghavkgarg/mycase/pkg/stockpicker/scoring_us.go:514.2,514.25 2 0
github.com/raghavkgarg/mycase/pkg/stockpicker/scoring_us.go:515.3,516.1 1 0
github.com/raghavkgarg/mycase/pkg/stockpicker/scoring_us.go:520.2,520.24 1 0
github.com/raghavkgarg/mycase/pkg/stockpicker/scoring_us.go:521.3,523.21 3 0
github.com/raghavkgarg/mycase/pkg/stockpicker/scoring_us.go:524.4,525.1 1 0
github.com/raghavkgarg/mycase/pkg/stockpicker/scoring_us.go:528.2,528.14 1 0
github.com/raghavkgarg/mycase/pkg/stockpicker/scoring_us.go:533.2,533.42 1 0
github.com/raghavkgarg/mycase/pkg/stockpicker/scoring_us.go:534.3,535.1 1 0
github.com/raghavkgarg/mycase/pkg/stockpicker/scoring_us.go:538.2,540.25 3 0
github.com/raghavkgarg/mycase/pkg/stockpicker/scoring_us.go:541.3,541.49 1 0
github.com/raghavkgarg/mycase/pkg/stockpicker/scoring_us.go:542.4,543.1 1 0
github.com/raghavkgarg/mycase/pkg/stockpicker/scoring_us.go:546.2,546.23 1 0
github.com/raghavkgarg/mycase/pkg/stockpicker/scoring_us.go:547.3,548.1 1 0
github.com/raghavkgarg/mycase/pkg/stockpicker/scoring_us.go:551.2,552.28 2 0
github.com/raghavkgarg/mycase/pkg/stockpicker/scoring_us.go:553.3,554.1 1 0
github.com/raghavkgarg/mycase/pkg/stockpicker/scoring_us.go:555.2,556.1 3 0
github.com/raghavkgarg/mycase/pkg/stockpicker/scoring_us.go:557.2,558.28 3 0
github.com/raghavkgarg/mycase/pkg/stockpicker/scoring_us.go:559.3,561.1 2 0
github.com/raghavkgarg/mycase/pkg/stockpicker/scoring_us.go:562.2,563.1 2 0
github.com/raghavkgarg/mycase/pkg/stockpicker/scoring_us.go:565.2,565.34 2 0
github.com/raghavkgarg/mycase/pkg/stockpicker/sentry_gate.go:14.2,14.42 1 1
github.com/raghavkgarg/mycase/pkg/stockpicker/sentry_gate.go:15.3,16.1 1 1
github.com/raghavkgarg/mycase/pkg/stockpicker/sentry_gate.go:19.2,21.32 3 1
github.com/raghavkgarg/mycase/pkg/stockpicker/sentry_gate.go:22.3,22.30 1 1
github.com/raghavkgarg/mycase/pkg/stockpicker/sentry_gate.go:23.4,24.78 2 1
github.com/raghavkgarg/mycase/pkg/stockpicker/sentry_gate.go:25.5,26.1 1 1
github.com/raghavkgarg/mycase/pkg/stockpicker/sentry_gate.go:27.5,28.1 1 1
github.com/raghavkgarg/mycase/pkg/stockpicker/sentry_gate.go:32.2,32.27 1 1
github.com/raghavkgarg/mycase/pkg/stockpicker/sentry_gate.go:33.3,34.1 1 1
github.com/raghavkgarg/mycase/pkg/stockpicker/sentry_gate.go:36.2,37.1 2 1
github.com/raghavkgarg/mycase/pkg/stockpicker/sentry_gate.go:39.2,39.29 2 1
github.com/raghavkgarg/mycase/pkg/stockpicker/sentry_gate.go:40.3,42.65 3 1
github.com/raghavkgarg/mycase/pkg/stockpicker/sentry_gate.go:43.4,44.1 1 1
github.com/raghavkgarg/mycase/pkg/stockpicker/sentry_gate.go:45.3,46.47 2 1
github.com/raghavkgarg/mycase/pkg/stockpicker/sentry_gate.go:47.4,48.1 1 1
github.com/raghavkgarg/mycase/pkg/stockpicker/sentry_gate.go:52.2,54.66 3 1
github.com/raghavkgarg/mycase/pkg/stockpicker/sentry_gate.go:55.3,56.18 2 1
github.com/raghavkgarg/mycase/pkg/stockpicker/sentry_gate.go:57.4,58.1 1 1
github.com/raghavkgarg/mycase/pkg/stockpicker/sentry_gate.go:59.3,59.53 1 1
github.com/raghavkgarg/mycase/pkg/stockpicker/sentry_gate.go:60.4,61.1 1 1
github.com/raghavkgarg/mycase/pkg/stockpicker/sentry_gate.go:64.2,64.48 1 1
github.com/raghavkgarg/mycase/pkg/stockpicker/sentry_gate.go:65.3,67.1 2 1
github.com/raghavkgarg/mycase/pkg/stockpicker/sentry_gate.go:69.2,69.18 1 1
github.com/raghavkgarg/mycase/pkg/stockpicker/snapshot.go:47.2,47.58 1 0
github.com/raghavkgarg/mycase/pkg/stockpicker/snapshot.go:48.3,49.1 1 0
github.com/raghavkgarg/mycase/pkg/stockpicker/snapshot.go:50.2,53.1 5 0
github.com/raghavkgarg/mycase/pkg/stockpicker/snapshot.go:54.2,55.16 5 0
github.com/raghavkgarg/mycase/pkg/stockpicker/snapshot.go:56.3,57.1 1 0
github.com/raghavkgarg/mycase/pkg/stockpicker/snapshot.go:58.2,58.59 1 0
github.com/raghavkgarg/mycase/pkg/stockpicker/snapshot.go:59.3,60.1 1 0
github.com/raghavkgarg/mycase/pkg/stockpicker/snapshot.go:61.2,61.22 1 0
github.com/raghavkgarg/mycase/pkg/stockpicker/snapshot.go:65.2,65.58 1 0
github.com/raghavkgarg/mycase/pkg/stockpicker/snapshot.go:66.3,67.1 1 0
github.com/raghavkgarg/mycase/pkg/stockpicker/snapshot.go:68.2,70.1 4 0
github.com/raghavkgarg/mycase/pkg/stockpicker/snapshot.go:71.2,72.16 4 0
github.com/raghavkgarg/mycase/pkg/stockpicker/snapshot.go:73.3,74.1 1 0
github.com/raghavkgarg/mycase/pkg/stockpicker/snapshot.go:76.2,77.28 2 0
github.com/raghavkgarg/mycase/pkg/stockpicker/snapshot.go:78.3,78.16 1 0
github.com/raghavkgarg/mycase/pkg/stockpicker/snapshot.go:79.4,79.12 1 0
github.com/raghavkgarg/mycase/pkg/stockpicker/snapshot.go:81.3,82.74 2 0
github.com/raghavkgarg/mycase/pkg/stockpicker/snapshot.go:83.4,84.33 2 0
github.com/raghavkgarg/mycase/pkg/stockpicker/snapshot.go:85.5,86.1 1 0
github.com/raghavkgarg/mycase/pkg/stockpicker/snapshot.go:90.2,90.28 1 0
github.com/raghavkgarg/mycase/pkg/stockpicker/snapshot.go:91.3,92.1 1 0
github.com/raghavkgarg/mycase/pkg/stockpicker/snapshot.go:93.2,95.1 4 0
github.com/raghavkgarg/mycase/pkg/stockpicker/snapshot.go:96.2,97.16 4 0
github.com/raghavkgarg/mycase/pkg/stockpicker/snapshot.go:98.3,99.1 1 0
github.com/raghavkgarg/mycase/pkg/stockpicker/snapshot.go:100.2,101.52 2 0
github.com/raghavkgarg/mycase/pkg/stockpicker/snapshot.go:102.3,103.1 1 0
github.com/raghavkgarg/mycase/pkg/stockpicker/snapshot.go:104.2,104.19 1 0
github.com/raghavkgarg/mycase/pkg/stockpicker/types.go:63.2,63.24 1 1
github.com/raghavkgarg/mycase/pkg/stockpicker/types.go:64.3,65.1 1 1
github.com/raghavkgarg/mycase/pkg/stockpicker/types.go:66.2,66.16 1 1
github.com/raghavkgarg/mycase/pkg/stockpicker/velocity.go:27.2,27.51 1 1
github.com/raghavkgarg/mycase/pkg/stockpicker/velocity.go:28.3,29.1 1 0
github.com/raghavkgarg/mycase/pkg/stockpicker/velocity.go:31.2,34.1 4 1
github.com/raghavkgarg/mycase/pkg/stockpicker/velocity.go:36.2,36.74 4 1
github.com/raghavkgarg/mycase/pkg/stockpicker/velocity.go:37.3,39.41 3 1
github.com/raghavkgarg/mycase/pkg/stockpicker/velocity.go:40.4,42.1 2 1
github.com/raghavkgarg/mycase/pkg/stockpicker/velocity.go:42.10,42.65 1 1
github.com/raghavkgarg/mycase/pkg/stockpicker/velocity.go:44.4,46.1 2 0
github.com/raghavkgarg/mycase/pkg/stockpicker/velocity.go:47.9,47.48 1 0
github.com/raghavkgarg/mycase/pkg/stockpicker/velocity.go:48.3,49.58 2 0
github.com/raghavkgarg/mycase/pkg/stockpicker/velocity.go:50.4,52.1 2 0
github.com/raghavkgarg/mycase/pkg/stockpicker/velocity.go:56.2,56.29 1 1
github.com/raghavkgarg/mycase/pkg/stockpicker/velocity.go:57.3,59.1 2 1
github.com/raghavkgarg/mycase/pkg/stockpicker/velocity.go:62.2,62.17 1 1
github.com/raghavkgarg/mycase/pkg/stockpicker/velocity.go:63.3,64.1 1 0
github.com/raghavkgarg/mycase/pkg/stockpicker/velocity.go:65.2,66.29 2 1
github.com/raghavkgarg/mycase/pkg/stockpicker/velocity.go:67.3,67.12 1 1
github.com/raghavkgarg/mycase/pkg/stockpicker/velocity.go:68.4,69.1 1 1
github.com/raghavkgarg/mycase/pkg/stockpicker/velocity.go:70.3,70.28 1 1
github.com/raghavkgarg/mycase/pkg/stockpicker/velocity.go:72.2,72.35 1 1
github.com/raghavkgarg/mycase/pkg/stockpicker/velocity.go:83.2,84.26 2 1
github.com/raghavkgarg/mycase/pkg/stockpicker/velocity.go:85.3,86.1 1 0
github.com/raghavkgarg/mycase/pkg/stockpicker/velocity.go:88.2,89.31 2 1
github.com/raghavkgarg/mycase/pkg/stockpicker/velocity.go:90.3,91.15 2 1
github.com/raghavkgarg/mycase/pkg/stockpicker/velocity.go:92.4,92.12 1 0
github.com/raghavkgarg/mycase/pkg/stockpicker/velocity.go:94.3,97.14 4 1
github.com/raghavkgarg/mycase/pkg/stockpicker/velocity.go:98.4,98.12 1 1
github.com/raghavkgarg/mycase/pkg/stockpicker/velocity.go:100.3,101.16 2 1
github.com/raghavkgarg/mycase/pkg/stockpicker/velocity.go:102.4,105.1 3 1
github.com/raghavkgarg/mycase/pkg/stockpicker/velocity.go:108.2,108.22 1 1
github.com/raghavkgarg/mycase/pkg/stockpicker/velocity.go:109.3,110.1 2 1
github.com/raghavkgarg/mycase/pkg/stockpicker/velocity.go:111.3,111.46 2 1
github.com/raghavkgarg/mycase/pkg/stockpicker/velocity.go:112.4,113.1 1 1
github.com/raghavkgarg/mycase/pkg/stockpicker/velocity.go:115.2,115.15 1 1
github.com/raghavkgarg/mycase/pkg/yfinance/client.go:16.2,17.52 1 1
github.com/raghavkgarg/mycase/pkg/yfinance/client.go:18.4,19.37 2 1
github.com/raghavkgarg/mycase/pkg/yfinance/client.go:20.5,21.1 1 0
github.com/raghavkgarg/mycase/pkg/yfinance/client.go:23.4,23.71 1 1
github.com/raghavkgarg/mycase/pkg/yfinance/client.go:24.5,25.1 1 1
github.com/raghavkgarg/mycase/pkg/yfinance/client.go:26.4,26.24 1 0
github.com/raghavkgarg/mycase/pkg/yfinance/client.go:29.2,33.1 1 1
github.com/raghavkgarg/mycase/pkg/yfinance/client.go:43.2,43.41 1 1
github.com/raghavkgarg/mycase/pkg/yfinance/client.go:44.3,45.1 1 0
github.com/raghavkgarg/mycase/pkg/yfinance/client.go:46.2,46.48 1 1
github.com/raghavkgarg/mycase/pkg/yfinance/client.go:47.3,48.1 1 1
github.com/raghavkgarg/mycase/pkg/yfinance/client.go:49.2,50.39 2 1
github.com/raghavkgarg/mycase/pkg/yfinance/client.go:51.3,55.1 3 0
github.com/raghavkgarg/mycase/pkg/yfinance/client.go:56.3,57.75 3 0
github.com/raghavkgarg/mycase/pkg/yfinance/client.go:58.4,59.1 1 0
github.com/raghavkgarg/mycase/pkg/yfinance/client.go:61.2,61.35 1 1
github.com/raghavkgarg/mycase/pkg/yfinance/client.go:68.2,70.9 3 1
github.com/raghavkgarg/mycase/pkg/yfinance/client.go:71.3,72.1 1 1
github.com/raghavkgarg/mycase/pkg/yfinance/client.go:73.2,79.9 1 0
github.com/raghavkgarg/mycase/pkg/yfinance/client.go:86.2,86.68 1 1
github.com/raghavkgarg/mycase/pkg/yfinance/client.go:87.3,88.1 1 0
github.com/raghavkgarg/mycase/pkg/yfinance/client.go:89.2,91.13 3 1
github.com/raghavkgarg/mycase/pkg/yfinance/client.go:97.2,97.34 1 1
github.com/raghavkgarg/mycase/pkg/yfinance/client.go:98.3,99.1 1 0
github.com/raghavkgarg/mycase/pkg/yfinance/client.go:100.2,101.1 4 1
github.com/raghavkgarg/mycase/pkg/yfinance/client.go:104.2,106.25 4 1
github.com/raghavkgarg/mycase/pkg/yfinance/client.go:107.3,107.14 1 1
github.com/raghavkgarg/mycase/pkg/yfinance/client.go:108.4,109.1 1 1
github.com/raghavkgarg/mycase/pkg/yfinance/client.go:111.2,111.23 1 1
github.com/raghavkgarg/mycase/pkg/yfinance/client.go:113.3,113.23 1 0
github.com/raghavkgarg/mycase/pkg/yfinance/client.go:115.3,115.25 1 1
github.com/raghavkgarg/mycase/pkg/yfinance/client.go:117.3,118.37 2 1
github.com/raghavkgarg/mycase/pkg/yfinance/client.go:121.2,121.43 1 1
github.com/raghavkgarg/mycase/pkg/yfinance/client.go:122.3,123.1 1 0
github.com/raghavkgarg/mycase/pkg/yfinance/client.go:124.2,124.25 1 1
github.com/raghavkgarg/mycase/pkg/yfinance/client.go:128.2,128.16 1 1
github.com/raghavkgarg/mycase/pkg/yfinance/client.go:129.3,130.1 1 1
github.com/raghavkgarg/mycase/pkg/yfinance/client.go:131.2,134.34 2 1
github.com/raghavkgarg/mycase/pkg/yfinance/duckdbcache.go:19.2,21.1 2 0
github.com/raghavkgarg/mycase/pkg/yfinance/duckdbcache.go:26.2,26.24 1 0
github.com/raghavkgarg/mycase/pkg/yfinance/duckdbcache.go:27.3,28.1 1 0
github.com/raghavkgarg/mycase/pkg/yfinance/duckdbcache.go:29.2,30.47 2 0
github.com/raghavkgarg/mycase/pkg/yfinance/duckdbcache.go:31.3,32.1 1 0
github.com/raghavkgarg/mycase/pkg/yfinance/duckdbcache.go:33.2,38.1 2 0
github.com/raghavkgarg/mycase/pkg/yfinance/duckdbcache.go:39.2,39.28 2 0
github.com/raghavkgarg/mycase/pkg/yfinance/duckdbcache.go:40.3,44.1 4 0
github.com/raghavkgarg/mycase/pkg/yfinance/duckdbcache.go:45.2,45.19 1 0
github.com/raghavkgarg/mycase/pkg/yfinance/duckdbcache.go:49.2,49.39 1 0
github.com/raghavkgarg/mycase/pkg/yfinance/duckdbcache.go:50.3,51.1 1 0
github.com/raghavkgarg/mycase/pkg/yfinance/duckdbcache.go:52.2,53.37 2 0
github.com/raghavkgarg/mycase/pkg/yfinance/duckdbcache.go:54.3,60.1 1 0
github.com/raghavkgarg/mycase/pkg/yfinance/duckdbcache.go:62.2,62.61 1 0
github.com/raghavkgarg/mycase/pkg/yfinance/duckdbcache.go:66.2,66.24 1 0
github.com/raghavkgarg/mycase/pkg/yfinance/duckdbcache.go:67.3,68.1 1 0
github.com/raghavkgarg/mycase/pkg/yfinance/duckdbcache.go:69.2,70.47 2 0
github.com/raghavkgarg/mycase/pkg/yfinance/duckdbcache.go:71.3,72.1 1 0
github.com/raghavkgarg/mycase/pkg/yfinance/duckdbcache.go:73.2,78.1 2 0
github.com/raghavkgarg/mycase/pkg/yfinance/duckdbcache.go:79.2,79.28 2 0
github.com/raghavkgarg/mycase/pkg/yfinance/duckdbcache.go:80.3,84.1 4 0
github.com/raghavkgarg/mycase/pkg/yfinance/duckdbcache.go:85.2,85.19 1 0
github.com/raghavkgarg/mycase/pkg/yfinance/duckdbcache.go:89.2,89.39 1 0
github.com/raghavkgarg/mycase/pkg/yfinance/duckdbcache.go:90.3,91.1 1 0
github.com/raghavkgarg/mycase/pkg/yfinance/duckdbcache.go:92.2,93.37 2 0
github.com/raghavkgarg/mycase/pkg/yfinance/duckdbcache.go:94.3,100.1 1 0
github.com/raghavkgarg/mycase/pkg/yfinance/duckdbcache.go:102.2,102.72 1 0
github.com/raghavkgarg/mycase/pkg/yfinance/duckdbcache.go:106.2,106.24 1 0
github.com/raghavkgarg/mycase/pkg/yfinance/duckdbcache.go:107.3,108.1 1 0
github.com/raghavkgarg/mycase/pkg/yfinance/duckdbcache.go:109.2,110.26 2 0
github.com/raghavkgarg/mycase/pkg/yfinance/duckdbcache.go:111.3,112.1 1 0
github.com/raghavkgarg/mycase/pkg/yfinance/duckdbcache.go:113.2,114.37 2 0
github.com/raghavkgarg/mycase/pkg/yfinance/duckdbcache.go:115.3,116.1 1 0
github.com/raghavkgarg/mycase/pkg/yfinance/duckdbcache.go:117.2,117.28 1 0
github.com/raghavkgarg/mycase/pkg/yfinance/duckdbcache.go:121.2,121.36 1 0
github.com/raghavkgarg/mycase/pkg/yfinance/duckdbcache.go:122.3,123.1 1 0
github.com/raghavkgarg/mycase/pkg/yfinance/duckdbcache.go:124.2,125.16 2 0
github.com/raghavkgarg/mycase/pkg/yfinance/duckdbcache.go:126.3,127.1 1 0
github.com/raghavkgarg/mycase/pkg/yfinance/duckdbcache.go:128.2,128.71 1 0
github.com/raghavkgarg/mycase/pkg/yfinance/duckdbcache.go:133.2,134.1 1 0
github.com/raghavkgarg/mycase/pkg/yfinance/metrics.go:20.2,20.22 1 1
github.com/raghavkgarg/mycase/pkg/yfinance/metrics.go:21.3,22.1 1 1
github.com/raghavkgarg/mycase/pkg/yfinance/metrics.go:24.2,25.37 2 1
github.com/raghavkgarg/mycase/pkg/yfinance/metrics.go:26.3,27.1 1 1
github.com/raghavkgarg/mycase/pkg/yfinance/metrics.go:29.2,32.23 4 1
github.com/raghavkgarg/mycase/pkg/yfinance/metrics.go:33.3,33.20 1 1
github.com/raghavkgarg/mycase/pkg/yfinance/metrics.go:34.4,35.1 1 1
github.com/raghavkgarg/mycase/pkg/yfinance/metrics.go:36.4,37.1 1 1
github.com/raghavkgarg/mycase/pkg/yfinance/metrics.go:39.2,41.1 3 1
github.com/raghavkgarg/mycase/pkg/yfinance/metrics.go:42.2,42.39 3 1
github.com/raghavkgarg/mycase/pkg/yfinance/metrics.go:43.3,45.20 3 1
github.com/raghavkgarg/mycase/pkg/yfinance/metrics.go:46.4,47.1 1 1
github.com/raghavkgarg/mycase/pkg/yfinance/metrics.go:48.4,49.1 1 1
github.com/raghavkgarg/mycase/pkg/yfinance/metrics.go:50.3,51.41 2 1
github.com/raghavkgarg/mycase/pkg/yfinance/metrics.go:54.2,54.18 1 1
github.com/raghavkgarg/mycase/pkg/yfinance/metrics.go:55.3,56.1 1 1
github.com/raghavkgarg/mycase/pkg/yfinance/metrics.go:57.2,58.37 2 1
github.com/raghavkgarg/mycase/pkg/yfinance/metrics.go:63.2,65.1 2 1
github.com/raghavkgarg/mycase/pkg/yfinance/metrics.go:69.2,69.15 1 1
github.com/raghavkgarg/mycase/pkg/yfinance/metrics.go:70.3,71.1 1 0
github.com/raghavkgarg/mycase/pkg/yfinance/metrics.go:73.2,75.13 3 1
github.com/raghavkgarg/mycase/pkg/yfinance/metrics.go:76.3,78.40 3 1
github.com/raghavkgarg/mycase/pkg/yfinance/metrics.go:79.4,79.44 1 1
github.com/raghavkgarg/mycase/pkg/yfinance/metrics.go:80.5,82.1 2 1
github.com/raghavkgarg/mycase/pkg/yfinance/metrics.go:84.3,84.16 1 1
github.com/raghavkgarg/mycase/pkg/yfinance/metrics.go:85.4,86.1 1 1
github.com/raghavkgarg/mycase/pkg/yfinance/metrics.go:89.2,89.37 1 1
github.com/raghavkgarg/mycase/pkg/yfinance/metrics.go:90.3,91.1 1 1
github.com/raghavkgarg/mycase/pkg/yfinance/metrics.go:93.2,93.18 1 1
github.com/raghavkgarg/mycase/pkg/yfinance/metrics.go:94.3,95.1 1 0
github.com/raghavkgarg/mycase/pkg/yfinance/metrics.go:97.2,99.1 4 1
github.com/raghavkgarg/mycase/pkg/yfinance/metrics.go:100.2,101.14 4 1
github.com/raghavkgarg/mycase/pkg/yfinance/metrics.go:102.3,103.1 1 0
github.com/raghavkgarg/mycase/pkg/yfinance/metrics.go:106.2,107.13 2 1
github.com/raghavkgarg/mycase/pkg/yfinance/metrics.go:108.3,109.1 1 0
github.com/raghavkgarg/mycase/pkg/yfinance/metrics.go:111.2,112.23 2 1
github.com/raghavkgarg/mycase/pkg/yfinance/metrics.go:117.2,117.25 1 1
github.com/raghavkgarg/mycase/pkg/yfinance/metrics.go:118.3,119.1 1 0
github.com/raghavkgarg/mycase/pkg/yfinance/metrics.go:121.2,122.16 2 1
github.com/raghavkgarg/mycase/pkg/yfinance/metrics.go:123.3,123.41 1 0
github.com/raghavkgarg/mycase/pkg/yfinance/metrics.go:124.4,125.1 1 0
github.com/raghavkgarg/mycase/pkg/yfinance/metrics.go:126.3,126.18 1 0
github.com/raghavkgarg/mycase/pkg/yfinance/metrics.go:129.2,131.43 3 1
github.com/raghavkgarg/mycase/pkg/yfinance/metrics.go:132.3,134.1 2 1
github.com/raghavkgarg/mycase/pkg/yfinance/metrics.go:136.2,136.36 1 1
github.com/raghavkgarg/mycase/pkg/yfinance/metrics.go:137.3,138.1 1 0
github.com/raghavkgarg/mycase/pkg/yfinance/metrics.go:140.2,141.21 2 1
github.com/raghavkgarg/mycase/pkg/yfinance/metrics.go:142.3,143.1 1 1
github.com/raghavkgarg/mycase/pkg/yfinance/metrics.go:144.2,144.17 1 0
github.com/raghavkgarg/mycase/pkg/yfinance/metrics.go:149.2,149.22 1 0
github.com/raghavkgarg/mycase/pkg/yfinance/metrics.go:150.3,151.1 1 0
github.com/raghavkgarg/mycase/pkg/yfinance/metrics.go:152.2,153.29 2 0
github.com/raghavkgarg/mycase/pkg/yfinance/metrics.go:154.3,155.1 1 0
github.com/raghavkgarg/mycase/pkg/yfinance/metrics.go:156.2,156.14 1 0
github.com/raghavkgarg/mycase/pkg/yfinance/metrics.go:161.2,162.11 2 1
github.com/raghavkgarg/mycase/pkg/yfinance/metrics.go:163.3,164.1 1 1
github.com/raghavkgarg/mycase/pkg/yfinance/metrics.go:166.2,166.19 1 1
github.com/raghavkgarg/mycase/pkg/yfinance/metrics.go:167.3,168.1 1 0
github.com/raghavkgarg/mycase/pkg/yfinance/metrics.go:169.2,169.21 1 1
github.com/raghavkgarg/mycase/pkg/yfinance/metrics.go:170.3,171.1 1 0
github.com/raghavkgarg/mycase/pkg/yfinance/metrics.go:173.2,173.18 1 1
github.com/raghavkgarg/mycase/pkg/yfinance/metrics.go:174.3,175.1 1 1
github.com/raghavkgarg/mycase/pkg/yfinance/metrics.go:176.2,177.1 5 1
github.com/raghavkgarg/mycase/pkg/yfinance/metrics.go:178.2,181.1 5 1
github.com/raghavkgarg/mycase/pkg/yfinance/metrics.go:182.2,182.34 5 1
github.com/raghavkgarg/mycase/pkg/yfinance/metrics.go:183.3,185.37 3 1
github.com/raghavkgarg/mycase/pkg/yfinance/metrics.go:186.4,187.1 1 1
github.com/raghavkgarg/mycase/pkg/yfinance/metrics.go:187.10,187.19 1 0
github.com/raghavkgarg/mycase/pkg/yfinance/metrics.go:188.4,189.1 1 0
github.com/raghavkgarg/mycase/pkg/yfinance/metrics.go:190.3,190.12 1 1
github.com/raghavkgarg/mycase/pkg/yfinance/metrics.go:191.4,193.1 2 1
github.com/raghavkgarg/mycase/pkg/yfinance/metrics.go:196.2,197.18 2 1
github.com/raghavkgarg/mycase/pkg/yfinance/metrics.go:198.3,199.1 1 1
github.com/raghavkgarg/mycase/pkg/yfinance/metrics.go:200.3,201.1 1 0
github.com/raghavkgarg/mycase/pkg/yfinance/metrics.go:203.2,203.34 1 1
github.com/raghavkgarg/mycase/pkg/yfinance/metrics.go:204.3,205.37 2 1
github.com/raghavkgarg/mycase/pkg/yfinance/metrics.go:206.4,207.1 1 1
github.com/raghavkgarg/mycase/pkg/yfinance/metrics.go:207.10,207.19 1 0
github.com/raghavkgarg/mycase/pkg/yfinance/metrics.go:208.4,209.1 1 0
github.com/raghavkgarg/mycase/pkg/yfinance/metrics.go:210.3,210.69 1 1
github.com/raghavkgarg/mycase/pkg/yfinance/metrics.go:211.4,212.1 1 1
github.com/raghavkgarg/mycase/pkg/yfinance/metrics.go:215.2,215.14 1 0
github.com/raghavkgarg/mycase/pkg/yfinance/metrics.go:220.2,220.50 1 1
github.com/raghavkgarg/mycase/pkg/yfinance/metrics.go:221.3,222.1 1 1
github.com/raghavkgarg/mycase/pkg/yfinance/metrics.go:224.2,225.14 2 1
github.com/raghavkgarg/mycase/pkg/yfinance/metrics.go:226.3,227.1 1 1
github.com/raghavkgarg/mycase/pkg/yfinance/metrics.go:229.2,233.19 5 1
github.com/raghavkgarg/mycase/pkg/yfinance/metrics.go:234.3,235.1 1 1
github.com/raghavkgarg/mycase/pkg/yfinance/metrics.go:237.2,238.15 2 1
github.com/raghavkgarg/mycase/pkg/yfinance/metrics.go:239.3,240.21 2 1
github.com/raghavkgarg/mycase/pkg/yfinance/metrics.go:241.4,242.1 1 0
github.com/raghavkgarg/mycase/pkg/yfinance/metrics.go:244.2,245.37 2 1
github.com/raghavkgarg/mycase/pkg/yfinance/metrics.go:246.3,247.32 2 1
github.com/raghavkgarg/mycase/pkg/yfinance/metrics.go:250.4,252.23 3 0
github.com/raghavkgarg/mycase/pkg/yfinance/metrics.go:253.5,254.1 1 0
github.com/raghavkgarg/mycase/pkg/yfinance/metrics.go:256.4,257.1 1 1
github.com/raghavkgarg/mycase/pkg/yfinance/metrics.go:260.2,260.46 1 1
github.com/raghavkgarg/mycase/pkg/yfinance/metrics.go:265.2,265.49 1 0
github.com/raghavkgarg/mycase/pkg/yfinance/metrics.go:266.3,267.1 1 0
github.com/raghavkgarg/mycase/pkg/yfinance/metrics.go:268.2,268.48 1 0
github.com/raghavkgarg/mycase/pkg/yfinance/metrics.go:269.3,270.1 1 0
github.com/raghavkgarg/mycase/pkg/yfinance/metrics.go:272.2,272.32 1 0
github.com/raghavkgarg/mycase/pkg/yfinance/metrics.go:273.3,274.1 1 0
github.com/raghavkgarg/mycase/pkg/yfinance/metrics.go:276.2,280.1 3 0
github.com/raghavkgarg/mycase/pkg/yfinance/metrics.go:281.2,282.36 3 0
github.com/raghavkgarg/mycase/pkg/yfinance/metrics.go:283.3,284.1 1 0
github.com/raghavkgarg/mycase/pkg/yfinance/metrics.go:285.2,285.35 1 0
github.com/raghavkgarg/mycase/pkg/yfinance/metrics.go:286.3,286.37 1 0
github.com/raghavkgarg/mycase/pkg/yfinance/metrics.go:287.4,288.1 1 0
github.com/raghavkgarg/mycase/pkg/yfinance/metrics.go:290.2,290.34 1 0
github.com/raghavkgarg/mycase/pkg/yfinance/metrics.go:291.3,291.37 1 0
github.com/raghavkgarg/mycase/pkg/yfinance/metrics.go:292.4,293.1 1 0
github.com/raghavkgarg/mycase/pkg/yfinance/metrics.go:296.2,297.30 2 0
github.com/raghavkgarg/mycase/pkg/yfinance/metrics.go:298.3,298.51 1 0
github.com/raghavkgarg/mycase/pkg/yfinance/metrics.go:299.4,300.1 1 0
github.com/raghavkgarg/mycase/pkg/yfinance/metrics.go:302.2,303.26 2 0
github.com/raghavkgarg/mycase/pkg/yfinance/metrics.go:304.3,305.1 1 0
github.com/raghavkgarg/mycase/pkg/yfinance/metrics.go:307.2,309.1 10 0
github.com/raghavkgarg/mycase/pkg/yfinance/metrics.go:310.2,312.1 10 0
github.com/raghavkgarg/mycase/pkg/yfinance/metrics.go:313.2,315.1 10 0
github.com/raghavkgarg/mycase/pkg/yfinance/metrics.go:316.2,318.1 10 0
github.com/raghavkgarg/mycase/pkg/yfinance/metrics.go:319.2,320.22 10 0
github.com/raghavkgarg/mycase/pkg/yfinance/metrics.go:321.3,322.1 1 0
github.com/raghavkgarg/mycase/pkg/yfinance/metrics.go:324.2,325.65 2 0
github.com/raghavkgarg/mycase/pkg/yfinance/metrics.go:330.2,330.61 1 1
github.com/raghavkgarg/mycase/pkg/yfinance/metrics.go:331.3,332.1 1 1
github.com/raghavkgarg/mycase/pkg/yfinance/metrics.go:334.2,337.1 3 1
github.com/raghavkgarg/mycase/pkg/yfinance/metrics.go:338.2,339.36 3 1
github.com/raghavkgarg/mycase/pkg/yfinance/metrics.go:340.3,341.1 1 1
github.com/raghavkgarg/mycase/pkg/yfinance/metrics.go:342.2,342.48 1 1
github.com/raghavkgarg/mycase/pkg/yfinance/metrics.go:343.3,343.40 1 1
github.com/raghavkgarg/mycase/pkg/yfinance/metrics.go:344.4,345.1 1 1
github.com/raghavkgarg/mycase/pkg/yfinance/metrics.go:348.2,349.32 2 1
github.com/raghavkgarg/mycase/pkg/yfinance/metrics.go:350.3,350.32 1 1
github.com/raghavkgarg/mycase/pkg/yfinance/metrics.go:351.4,352.1 1 1
github.com/raghavkgarg/mycase/pkg/yfinance/metrics.go:354.2,355.28 2 1
github.com/raghavkgarg/mycase/pkg/yfinance/metrics.go:356.3,357.1 1 1
github.com/raghavkgarg/mycase/pkg/yfinance/metrics.go:359.2,361.1 6 1
github.com/raghavkgarg/mycase/pkg/yfinance/metrics.go:362.2,364.1 6 1
github.com/raghavkgarg/mycase/pkg/yfinance/metrics.go:365.2,366.29 6 1
github.com/raghavkgarg/mycase/pkg/yfinance/metrics.go:367.3,370.1 3 1
github.com/raghavkgarg/mycase/pkg/yfinance/metrics.go:372.2,373.35 2 1
github.com/raghavkgarg/mycase/pkg/yfinance/metrics.go:378.2,379.11 2 0
github.com/raghavkgarg/mycase/pkg/yfinance/metrics.go:380.3,381.1 1 0
github.com/raghavkgarg/mycase/pkg/yfinance/metrics.go:383.2,383.19 1 0
github.com/raghavkgarg/mycase/pkg/yfinance/metrics.go:384.3,385.1 1 0
github.com/raghavkgarg/mycase/pkg/yfinance/metrics.go:387.2,387.18 1 0
github.com/raghavkgarg/mycase/pkg/yfinance/metrics.go:388.3,389.1 1 0
github.com/raghavkgarg/mycase/pkg/yfinance/metrics.go:390.2,391.1 5 0
github.com/raghavkgarg/mycase/pkg/yfinance/metrics.go:392.2,395.1 5 0
github.com/raghavkgarg/mycase/pkg/yfinance/metrics.go:396.2,396.34 5 0
github.com/raghavkgarg/mycase/pkg/yfinance/metrics.go:397.3,399.37 3 0
github.com/raghavkgarg/mycase/pkg/yfinance/metrics.go:400.4,401.1 1 0
github.com/raghavkgarg/mycase/pkg/yfinance/metrics.go:401.10,401.19 1 0
github.com/raghavkgarg/mycase/pkg/yfinance/metrics.go:402.4,403.1 1 0
github.com/raghavkgarg/mycase/pkg/yfinance/metrics.go:404.3,404.12 1 0
github.com/raghavkgarg/mycase/pkg/yfinance/metrics.go:405.4,407.1 2 0
github.com/raghavkgarg/mycase/pkg/yfinance/metrics.go:410.2,411.18 2 0
github.com/raghavkgarg/mycase/pkg/yfinance/metrics.go:412.3,413.1 1 0
github.com/raghavkgarg/mycase/pkg/yfinance/metrics.go:414.3,415.1 1 0
github.com/raghavkgarg/mycase/pkg/yfinance/metrics.go:417.2,417.20 1 0
github.com/raghavkgarg/mycase/pkg/yfinance/metrics.go:418.3,419.1 1 0
github.com/raghavkgarg/mycase/pkg/yfinance/metrics.go:421.2,422.34 2 0
github.com/raghavkgarg/mycase/pkg/yfinance/metrics.go:423.3,424.37 2 0
github.com/raghavkgarg/mycase/pkg/yfinance/metrics.go:425.4,426.1 1 0
github.com/raghavkgarg/mycase/pkg/yfinance/metrics.go:426.10,426.19 1 0
github.com/raghavkgarg/mycase/pkg/yfinance/metrics.go:427.4,428.1 1 0
github.com/raghavkgarg/mycase/pkg/yfinance/metrics.go:429.3,429.14 1 0
github.com/raghavkgarg/mycase/pkg/yfinance/metrics.go:430.4,431.22 2 0
github.com/raghavkgarg/mycase/pkg/yfinance/metrics.go:432.5,433.1 1 0
github.com/raghavkgarg/mycase/pkg/yfinance/metrics.go:437.2,437.16 1 0
github.com/raghavkgarg/mycase/pkg/yfinance/metrics.go:442.2,442.32 1 1
github.com/raghavkgarg/mycase/pkg/yfinance/metrics.go:443.3,444.1 1 1
github.com/raghavkgarg/mycase/pkg/yfinance/metrics.go:446.2,448.42 3 0
github.com/raghavkgarg/mycase/pkg/yfinance/metrics.go:449.3,450.1 1 0
github.com/raghavkgarg/mycase/pkg/yfinance/metrics.go:451.2,455.66 5 0
github.com/raghavkgarg/mycase/pkg/yfinance/metrics.go:456.3,457.1 1 0
github.com/raghavkgarg/mycase/pkg/yfinance/metrics.go:458.2,459.13 2 0
github.com/raghavkgarg/mycase/pkg/yfinance/metrics.go:464.2,464.62 1 0
github.com/raghavkgarg/mycase/pkg/yfinance/metrics.go:465.3,466.1 1 0
github.com/raghavkgarg/mycase/pkg/yfinance/metrics.go:468.2,470.41 3 0
github.com/raghavkgarg/mycase/pkg/yfinance/metrics.go:471.3,472.1 1 0
github.com/raghavkgarg/mycase/pkg/yfinance/metrics.go:474.2,476.42 3 0
github.com/raghavkgarg/mycase/pkg/yfinance/metrics.go:477.3,478.1 1 0
github.com/raghavkgarg/mycase/pkg/yfinance/metrics.go:480.2,483.1 3 0
github.com/raghavkgarg/mycase/pkg/yfinance/metrics.go:484.2,485.28 3 0
github.com/raghavkgarg/mycase/pkg/yfinance/metrics.go:486.3,487.1 1 0
github.com/raghavkgarg/mycase/pkg/yfinance/metrics.go:488.2,488.27 1 0
github.com/raghavkgarg/mycase/pkg/yfinance/metrics.go:489.3,489.37 1 0
github.com/raghavkgarg/mycase/pkg/yfinance/metrics.go:490.4,491.1 1 0
github.com/raghavkgarg/mycase/pkg/yfinance/metrics.go:494.2,495.30 2 0
github.com/raghavkgarg/mycase/pkg/yfinance/metrics.go:496.3,496.32 1 0
github.com/raghavkgarg/mycase/pkg/yfinance/metrics.go:497.4,498.1 1 0
github.com/raghavkgarg/mycase/pkg/yfinance/metrics.go:500.2,501.1 3 0
github.com/raghavkgarg/mycase/pkg/yfinance/metrics.go:502.2,503.11 3 0
github.com/raghavkgarg/mycase/pkg/yfinance/metrics.go:504.3,505.1 1 0
github.com/raghavkgarg/mycase/pkg/yfinance/metrics.go:507.2,509.1 6 0
github.com/raghavkgarg/mycase/pkg/yfinance/metrics.go:510.2,512.1 6 0
github.com/raghavkgarg/mycase/pkg/yfinance/metrics.go:514.2,515.1 6 0
github.com/raghavkgarg/mycase/pkg/yfinance/metrics.go:516.2,516.52 6 0
github.com/raghavkgarg/mycase/pkg/yfinance/metrics.go:521.2,521.66 1 0
github.com/raghavkgarg/mycase/pkg/yfinance/metrics.go:522.3,523.1 1 0
github.com/raghavkgarg/mycase/pkg/yfinance/metrics.go:525.2,527.41 3 0
github.com/raghavkgarg/mycase/pkg/yfinance/metrics.go:528.3,529.1 1 0
github.com/raghavkgarg/mycase/pkg/yfinance/metrics.go:531.2,533.42 3 0
github.com/raghavkgarg/mycase/pkg/yfinance/metrics.go:534.3,535.1 1 0
github.com/raghavkgarg/mycase/pkg/yfinance/metrics.go:537.2,540.1 3 0
github.com/raghavkgarg/mycase/pkg/yfinance/metrics.go:541.2,542.28 3 0
github.com/raghavkgarg/mycase/pkg/yfinance/metrics.go:543.3,544.1 1 0
github.com/raghavkgarg/mycase/pkg/yfinance/metrics.go:545.2,545.27 1 0
github.com/raghavkgarg/mycase/pkg/yfinance/metrics.go:546.3,546.37 1 0
github.com/raghavkgarg/mycase/pkg/yfinance/metrics.go:547.4,548.1 1 0
github.com/raghavkgarg/mycase/pkg/yfinance/metrics.go:551.2,552.30 2 0
github.com/raghavkgarg/mycase/pkg/yfinance/metrics.go:553.3,553.33 1 0
github.com/raghavkgarg/mycase/pkg/yfinance/metrics.go:554.4,555.1 1 0
github.com/raghavkgarg/mycase/pkg/yfinance/metrics.go:557.2,558.1 3 0
github.com/raghavkgarg/mycase/pkg/yfinance/metrics.go:559.2,560.11 3 0
github.com/raghavkgarg/mycase/pkg/yfinance/metrics.go:561.3,562.1 1 0
github.com/raghavkgarg/mycase/pkg/yfinance/metrics.go:564.2,566.1 6 0
github.com/raghavkgarg/mycase/pkg/yfinance/metrics.go:567.2,569.1 6 0
github.com/raghavkgarg/mycase/pkg/yfinance/metrics.go:570.2,571.1 6 0
github.com/raghavkgarg/mycase/pkg/yfinance/metrics.go:572.2,572.52 6 0
github.com/raghavkgarg/mycase/pkg/yfinance/metrics.go:581.2,581.130 1 0
github.com/raghavkgarg/mycase/pkg/yfinance/metrics.go:582.3,583.1 1 0
github.com/raghavkgarg/mycase/pkg/yfinance/metrics.go:587.2,588.73 2 0
github.com/raghavkgarg/mycase/pkg/yfinance/metrics.go:589.3,591.48 3 0
github.com/raghavkgarg/mycase/pkg/yfinance/metrics.go:592.4,593.1 1 0
github.com/raghavkgarg/mycase/pkg/yfinance/metrics.go:595.3,597.47 3 0
github.com/raghavkgarg/mycase/pkg/yfinance/metrics.go:598.4,599.1 1 0
github.com/raghavkgarg/mycase/pkg/yfinance/metrics.go:601.3,604.13 4 0
github.com/raghavkgarg/mycase/pkg/yfinance/metrics.go:605.4,606.1 1 0
github.com/raghavkgarg/mycase/pkg/yfinance/metrics.go:611.2,611.26 1 0
github.com/raghavkgarg/mycase/pkg/yfinance/metrics.go:612.3,612.39 1 0
github.com/raghavkgarg/mycase/pkg/yfinance/metrics.go:613.4,615.1 2 0
github.com/raghavkgarg/mycase/pkg/yfinance/metrics.go:618.2,618.26 1 0
github.com/raghavkgarg/mycase/pkg/yfinance/metrics.go:619.3,620.1 1 0
github.com/raghavkgarg/mycase/pkg/yfinance/metrics.go:624.2,625.56 2 0
github.com/raghavkgarg/mycase/pkg/yfinance/metrics.go:626.3,628.47 3 0
github.com/raghavkgarg/mycase/pkg/yfinance/metrics.go:629.4,630.1 1 0
github.com/raghavkgarg/mycase/pkg/yfinance/metrics.go:631.3,632.42 2 0
github.com/raghavkgarg/mycase/pkg/yfinance/metrics.go:633.9,633.53 1 0
github.com/raghavkgarg/mycase/pkg/yfinance/metrics.go:634.3,635.1 1 0
github.com/raghavkgarg/mycase/pkg/yfinance/metrics.go:637.2,638.20 2 0
github.com/raghavkgarg/mycase/pkg/yfinance/metrics.go:643.2,643.28 1 0
github.com/raghavkgarg/mycase/pkg/yfinance/metrics.go:644.3,644.30 1 0
github.com/raghavkgarg/mycase/pkg/yfinance/metrics.go:645.4,646.1 1 0
github.com/raghavkgarg/mycase/pkg/yfinance/metrics.go:647.3,647.30 1 0
github.com/raghavkgarg/mycase/pkg/yfinance/metrics.go:649.2,651.41 3 0
github.com/raghavkgarg/mycase/pkg/yfinance/metrics.go:652.3,653.1 1 0
github.com/raghavkgarg/mycase/pkg/yfinance/metrics.go:655.2,658.1 6 0
github.com/raghavkgarg/mycase/pkg/yfinance/metrics.go:659.2,661.1 6 0
github.com/raghavkgarg/mycase/pkg/yfinance/metrics.go:662.2,662.14 6 0
github.com/raghavkgarg/mycase/pkg/yfinance/metrics.go:663.3,664.1 1 0
github.com/raghavkgarg/mycase/pkg/yfinance/metrics.go:665.2,665.42 1 0
github.com/raghavkgarg/mycase/pkg/yfinance/metrics.go:670.2,670.32 1 0
github.com/raghavkgarg/mycase/pkg/yfinance/metrics.go:671.3,672.1 1 0
github.com/raghavkgarg/mycase/pkg/yfinance/metrics.go:673.2,673.46 1 0
github.com/raghavkgarg/mycase/pkg/yfinance/metrics.go:674.3,675.70 2 0
github.com/raghavkgarg/mycase/pkg/yfinance/metrics.go:676.4,677.1 1 0
github.com/raghavkgarg/mycase/pkg/yfinance/metrics.go:679.2,679.16 1 0
github.com/raghavkgarg/mycase/pkg/yfinance/metrics.go:680.3,681.1 1 0
github.com/raghavkgarg/mycase/pkg/yfinance/metrics.go:682.2,682.27 1 0
github.com/raghavkgarg/mycase/pkg/yfinance/metrics.go:687.2,689.16 3 1
github.com/raghavkgarg/mycase/pkg/yfinance/metrics.go:690.3,691.1 1 0
github.com/raghavkgarg/mycase/pkg/yfinance/metrics.go:693.2,693.54 1 1
github.com/raghavkgarg/mycase/pkg/yfinance/metrics.go:694.3,695.12 2 1
github.com/raghavkgarg/mycase/pkg/yfinance/metrics.go:696.4,697.1 1 0
github.com/raghavkgarg/mycase/pkg/yfinance/metrics.go:698.3,698.16 1 1
github.com/raghavkgarg/mycase/pkg/yfinance/metrics.go:699.4,700.1 1 1
github.com/raghavkgarg/mycase/pkg/yfinance/metrics.go:701.3,703.20 3 1
github.com/raghavkgarg/mycase/pkg/yfinance/metrics.go:704.4,705.1 1 0
github.com/raghavkgarg/mycase/pkg/yfinance/metrics.go:706.3,706.40 1 1
github.com/raghavkgarg/mycase/pkg/yfinance/metrics.go:709.2,712.1 5 1
github.com/raghavkgarg/mycase/pkg/yfinance/metrics.go:713.2,714.17 5 1
github.com/raghavkgarg/mycase/pkg/yfinance/metrics.go:715.3,718.1 3 1
github.com/raghavkgarg/mycase/pkg/yfinance/metrics.go:720.2,723.1 5 1
github.com/raghavkgarg/mycase/pkg/yfinance/metrics.go:725.2,726.1 5 1
github.com/raghavkgarg/mycase/pkg/yfinance/metrics.go:728.2,728.33 5 1
github.com/raghavkgarg/mycase/pkg/yfinance/metrics.go:729.3,730.47 2 1
github.com/raghavkgarg/mycase/pkg/yfinance/metrics.go:731.4,732.1 1 0
github.com/raghavkgarg/mycase/pkg/yfinance/metrics.go:734.3,737.23 4 1
github.com/raghavkgarg/mycase/pkg/yfinance/metrics.go:738.4,739.1 1 1
github.com/raghavkgarg/mycase/pkg/yfinance/metrics.go:740.3,741.1 2 1
github.com/raghavkgarg/mycase/pkg/yfinance/metrics.go:742.3,742.23 2 1
github.com/raghavkgarg/mycase/pkg/yfinance/metrics.go:743.4,748.1 1 1
github.com/raghavkgarg/mycase/pkg/yfinance/metrics.go:751.2,751.39 1 1
github.com/raghavkgarg/mycase/pkg/yfinance/metrics.go:756.2,757.12 2 1
github.com/raghavkgarg/mycase/pkg/yfinance/metrics.go:758.3,759.1 1 0
github.com/raghavkgarg/mycase/pkg/yfinance/metrics.go:761.2,761.42 1 1
github.com/raghavkgarg/mycase/pkg/yfinance/metrics.go:762.3,763.13 2 1
github.com/raghavkgarg/mycase/pkg/yfinance/metrics.go:764.4,765.1 1 0
github.com/raghavkgarg/mycase/pkg/yfinance/metrics.go:766.3,767.37 2 1
github.com/raghavkgarg/mycase/pkg/yfinance/metrics.go:768.4,769.1 1 1
github.com/raghavkgarg/mycase/pkg/yfinance/metrics.go:770.3,771.12 2 1
github.com/raghavkgarg/mycase/pkg/yfinance/metrics.go:772.4,773.1 1 1
github.com/raghavkgarg/mycase/pkg/yfinance/metrics.go:775.3,776.16 2 1
github.com/raghavkgarg/mycase/pkg/yfinance/metrics.go:780.2,782.38 3 1
github.com/raghavkgarg/mycase/pkg/yfinance/metrics.go:783.3,784.1 1 1
github.com/raghavkgarg/mycase/pkg/yfinance/metrics.go:785.2,786.1 4 1
github.com/raghavkgarg/mycase/pkg/yfinance/metrics.go:788.2,790.38 4 1
github.com/raghavkgarg/mycase/pkg/yfinance/metrics.go:791.3,792.1 1 1
github.com/raghavkgarg/mycase/pkg/yfinance/metrics.go:793.2,794.1 2 1
github.com/raghavkgarg/mycase/pkg/yfinance/metrics.go:795.2,795.16 2 1
github.com/raghavkgarg/mycase/pkg/yfinance/metrics.go:796.3,797.1 1 0
github.com/raghavkgarg/mycase/pkg/yfinance/metrics.go:799.2,801.26 3 1
github.com/raghavkgarg/mycase/pkg/yfinance/metrics.go:807.2,808.32 2 0
github.com/raghavkgarg/mycase/pkg/yfinance/metrics.go:809.3,810.1 1 0
github.com/raghavkgarg/mycase/pkg/yfinance/metrics.go:812.2,812.19 1 0
github.com/raghavkgarg/mycase/pkg/yfinance/metrics.go:813.3,814.1 1 0
github.com/raghavkgarg/mycase/pkg/yfinance/metrics.go:815.2,815.21 1 0
github.com/raghavkgarg/mycase/pkg/yfinance/metrics.go:816.3,817.1 1 0
github.com/raghavkgarg/mycase/pkg/yfinance/metrics.go:819.2,819.39 1 0
github.com/raghavkgarg/mycase/pkg/yfinance/metrics.go:820.3,821.37 2 0
github.com/raghavkgarg/mycase/pkg/yfinance/metrics.go:822.4,823.1 1 0
github.com/raghavkgarg/mycase/pkg/yfinance/metrics.go:823.10,823.19 1 0
github.com/raghavkgarg/mycase/pkg/yfinance/metrics.go:824.4,825.1 1 0
github.com/raghavkgarg/mycase/pkg/yfinance/metrics.go:827.3,827.15 1 0
github.com/raghavkgarg/mycase/pkg/yfinance/metrics.go:828.4,828.12 1 0
github.com/raghavkgarg/mycase/pkg/yfinance/metrics.go:832.3,833.44 2 0
github.com/raghavkgarg/mycase/pkg/yfinance/metrics.go:834.4,835.38 2 0
github.com/raghavkgarg/mycase/pkg/yfinance/metrics.go:836.5,837.1 1 0
github.com/raghavkgarg/mycase/pkg/yfinance/metrics.go:837.11,837.20 1 0
github.com/raghavkgarg/mycase/pkg/yfinance/metrics.go:838.5,839.1 1 0
github.com/raghavkgarg/mycase/pkg/yfinance/metrics.go:840.4,840.40 1 0
github.com/raghavkgarg/mycase/pkg/yfinance/metrics.go:841.5,842.1 1 0
github.com/raghavkgarg/mycase/pkg/yfinance/metrics.go:845.3,845.48 1 0
github.com/raghavkgarg/mycase/pkg/yfinance/metrics.go:846.4,847.1 1 0
github.com/raghavkgarg/mycase/pkg/yfinance/metrics.go:850.2,850.23 1 0
github.com/raghavkgarg/mycase/pkg/yfinance/metrics.go:855.2,856.12 2 1
github.com/raghavkgarg/mycase/pkg/yfinance/metrics.go:857.3,858.1 1 0
github.com/raghavkgarg/mycase/pkg/yfinance/metrics.go:859.2,860.1 3 1
github.com/raghavkgarg/mycase/pkg/yfinance/metrics.go:861.2,862.36 3 1
github.com/raghavkgarg/mycase/pkg/yfinance/metrics.go:863.3,863.27 1 1
github.com/raghavkgarg/mycase/pkg/yfinance/metrics.go:864.4,865.1 1 1
github.com/raghavkgarg/mycase/pkg/yfinance/metrics.go:868.2,868.19 1 1
github.com/raghavkgarg/mycase/pkg/yfinance/metrics.go:869.3,870.1 1 0
github.com/raghavkgarg/mycase/pkg/yfinance/metrics.go:871.2,871.31 1 1
github.com/raghavkgarg/mycase/pkg/yfinance/metrics.go:876.2,877.32 2 1
github.com/raghavkgarg/mycase/pkg/yfinance/metrics.go:878.3,879.1 1 0
github.com/raghavkgarg/mycase/pkg/yfinance/metrics.go:881.2,881.19 1 1
github.com/raghavkgarg/mycase/pkg/yfinance/metrics.go:882.3,883.1 1 0
github.com/raghavkgarg/mycase/pkg/yfinance/metrics.go:884.2,884.21 1 1
github.com/raghavkgarg/mycase/pkg/yfinance/metrics.go:885.3,886.1 1 0
github.com/raghavkgarg/mycase/pkg/yfinance/metrics.go:887.2,887.22 1 1
github.com/raghavkgarg/mycase/pkg/yfinance/metrics.go:888.3,889.1 1 0
github.com/raghavkgarg/mycase/pkg/yfinance/metrics.go:891.2,891.39 1 1
github.com/raghavkgarg/mycase/pkg/yfinance/metrics.go:892.3,893.37 2 1
github.com/raghavkgarg/mycase/pkg/yfinance/metrics.go:894.4,895.1 1 1
github.com/raghavkgarg/mycase/pkg/yfinance/metrics.go:895.10,895.19 1 0
github.com/raghavkgarg/mycase/pkg/yfinance/metrics.go:896.4,897.1 1 0
github.com/raghavkgarg/mycase/pkg/yfinance/metrics.go:899.3,899.15 1 1
github.com/raghavkgarg/mycase/pkg/yfinance/metrics.go:900.4,900.12 1 1
github.com/raghavkgarg/mycase/pkg/yfinance/metrics.go:903.3,904.44 2 1
github.com/raghavkgarg/mycase/pkg/yfinance/metrics.go:905.4,906.38 2 1
github.com/raghavkgarg/mycase/pkg/yfinance/metrics.go:907.5,908.1 1 1
github.com/raghavkgarg/mycase/pkg/yfinance/metrics.go:908.11,908.20 1 0
github.com/raghavkgarg/mycase/pkg/yfinance/metrics.go:909.5,910.1 1 0
github.com/raghavkgarg/mycase/pkg/yfinance/metrics.go:911.4,911.40 1 1
github.com/raghavkgarg/mycase/pkg/yfinance/metrics.go:912.5,913.1 1 1
github.com/raghavkgarg/mycase/pkg/yfinance/metrics.go:916.3,916.48 1 1
github.com/raghavkgarg/mycase/pkg/yfinance/metrics.go:917.4,919.23 3 1
github.com/raghavkgarg/mycase/pkg/yfinance/metrics.go:920.5,921.1 1 0
github.com/raghavkgarg/mycase/pkg/yfinance/metrics.go:922.4,924.11 3 1
github.com/raghavkgarg/mycase/pkg/yfinance/metrics.go:928.2,928.21 1 1
github.com/raghavkgarg/mycase/pkg/yfinance/metrics.go:933.2,934.1 1 0
github.com/raghavkgarg/mycase/pkg/yfinance/metrics.go:938.2,939.12 2 1
github.com/raghavkgarg/mycase/pkg/yfinance/metrics.go:940.3,941.1 1 0
github.com/raghavkgarg/mycase/pkg/yfinance/metrics.go:943.2,943.22 1 1
github.com/raghavkgarg/mycase/pkg/yfinance/metrics.go:944.3,945.1 1 0
github.com/raghavkgarg/mycase/pkg/yfinance/metrics.go:946.2,946.21 1 1
github.com/raghavkgarg/mycase/pkg/yfinance/metrics.go:947.3,948.1 1 0
github.com/raghavkgarg/mycase/pkg/yfinance/metrics.go:949.2,949.20 1 1
github.com/raghavkgarg/mycase/pkg/yfinance/metrics.go:950.3,951.1 1 0
github.com/raghavkgarg/mycase/pkg/yfinance/metrics.go:952.2,952.30 1 1
github.com/raghavkgarg/mycase/pkg/yfinance/metrics.go:953.3,954.1 1 0
github.com/raghavkgarg/mycase/pkg/yfinance/metrics.go:955.2,955.24 1 1
github.com/raghavkgarg/mycase/pkg/yfinance/metrics.go:956.3,957.1 1 0
github.com/raghavkgarg/mycase/pkg/yfinance/metrics.go:960.2,962.41 3 1
github.com/raghavkgarg/mycase/pkg/yfinance/metrics.go:963.3,964.1 1 1
github.com/raghavkgarg/mycase/pkg/yfinance/metrics.go:965.2,967.1 4 1
github.com/raghavkgarg/mycase/pkg/yfinance/metrics.go:968.2,969.19 4 1
github.com/raghavkgarg/mycase/pkg/yfinance/metrics.go:970.3,970.40 1 1
github.com/raghavkgarg/mycase/pkg/yfinance/metrics.go:971.4,972.1 1 0
github.com/raghavkgarg/mycase/pkg/yfinance/metrics.go:973.4,974.1 1 1
github.com/raghavkgarg/mycase/pkg/yfinance/metrics.go:977.2,978.39 2 1
github.com/raghavkgarg/mycase/pkg/yfinance/metrics.go:979.3,980.1 1 1
github.com/raghavkgarg/mycase/pkg/yfinance/metrics.go:981.2,982.1 3 1
github.com/raghavkgarg/mycase/pkg/yfinance/metrics.go:983.2,984.38 3 1
github.com/raghavkgarg/mycase/pkg/yfinance/metrics.go:985.3,986.1 1 1
github.com/raghavkgarg/mycase/pkg/yfinance/metrics.go:987.2,988.1 3 1
github.com/raghavkgarg/mycase/pkg/yfinance/metrics.go:989.2,990.38 3 1
github.com/raghavkgarg/mycase/pkg/yfinance/metrics.go:991.3,993.1 2 1
github.com/raghavkgarg/mycase/pkg/yfinance/metrics.go:994.2,995.1 2 1
github.com/raghavkgarg/mycase/pkg/yfinance/metrics.go:996.2,996.21 2 1
github.com/raghavkgarg/mycase/pkg/yfinance/metrics.go:997.3,998.1 1 0
github.com/raghavkgarg/mycase/pkg/yfinance/metrics.go:1000.2,1000.44 1 1
github.com/raghavkgarg/mycase/pkg/yfinance/metrics.go:1005.2,1006.12 2 1
github.com/raghavkgarg/mycase/pkg/yfinance/metrics.go:1007.3,1008.1 1 0
github.com/raghavkgarg/mycase/pkg/yfinance/metrics.go:1010.2,1010.23 1 1
github.com/raghavkgarg/mycase/pkg/yfinance/metrics.go:1011.3,1012.1 1 0
github.com/raghavkgarg/mycase/pkg/yfinance/metrics.go:1014.2,1015.1 3 1
github.com/raghavkgarg/mycase/pkg/yfinance/metrics.go:1016.2,1017.36 3 1
github.com/raghavkgarg/mycase/pkg/yfinance/metrics.go:1018.3,1018.27 1 1
github.com/raghavkgarg/mycase/pkg/yfinance/metrics.go:1019.4,1020.1 1 1
github.com/raghavkgarg/mycase/pkg/yfinance/metrics.go:1023.2,1023.19 1 1
github.com/raghavkgarg/mycase/pkg/yfinance/metrics.go:1024.3,1025.1 1 0
github.com/raghavkgarg/mycase/pkg/yfinance/metrics.go:1027.2,1029.30 3 1
github.com/raghavkgarg/mycase/pkg/yfinance/metrics.go:1030.3,1030.30 1 1
github.com/raghavkgarg/mycase/pkg/yfinance/metrics.go:1031.4,1032.1 1 1
github.com/raghavkgarg/mycase/pkg/yfinance/metrics.go:1033.4,1033.9 1 1
github.com/raghavkgarg/mycase/pkg/yfinance/metrics.go:1037.2,1039.22 3 1
github.com/raghavkgarg/mycase/pkg/yfinance/metrics.go:1044.2,1045.12 2 1
github.com/raghavkgarg/mycase/pkg/yfinance/metrics.go:1046.3,1047.1 1 0
github.com/raghavkgarg/mycase/pkg/yfinance/metrics.go:1049.2,1049.17 1 1
github.com/raghavkgarg/mycase/pkg/yfinance/metrics.go:1050.3,1051.1 1 0
github.com/raghavkgarg/mycase/pkg/yfinance/metrics.go:1052.2,1052.16 1 1
github.com/raghavkgarg/mycase/pkg/yfinance/metrics.go:1053.3,1054.1 1 0
github.com/raghavkgarg/mycase/pkg/yfinance/metrics.go:1055.2,1055.19 1 1
github.com/raghavkgarg/mycase/pkg/yfinance/metrics.go:1056.3,1057.1 1 0
github.com/raghavkgarg/mycase/pkg/yfinance/metrics.go:1060.2,1061.34 2 1
github.com/raghavkgarg/mycase/pkg/yfinance/metrics.go:1062.3,1063.1 1 1
github.com/raghavkgarg/mycase/pkg/yfinance/metrics.go:1064.2,1065.16 2 1
github.com/raghavkgarg/mycase/pkg/yfinance/metrics.go:1066.3,1067.1 1 0
github.com/raghavkgarg/mycase/pkg/yfinance/metrics.go:1070.2,1072.38 3 1
github.com/raghavkgarg/mycase/pkg/yfinance/metrics.go:1074.3,1074.30 1 1
github.com/raghavkgarg/mycase/pkg/yfinance/metrics.go:1075.4,1076.1 1 1
github.com/raghavkgarg/mycase/pkg/yfinance/metrics.go:1078.2,1079.1 5 1
github.com/raghavkgarg/mycase/pkg/yfinance/metrics.go:1081.2,1084.23 5 1
github.com/raghavkgarg/mycase/pkg/yfinance/metrics.go:1085.3,1086.1 1 0
github.com/raghavkgarg/mycase/pkg/yfinance/metrics.go:1087.2,1087.24 1 1
github.com/raghavkgarg/mycase/pkg/yfinance/metrics.go:1088.3,1089.1 1 1
github.com/raghavkgarg/mycase/pkg/yfinance/metrics.go:1092.2,1093.16 2 1
github.com/raghavkgarg/mycase/pkg/yfinance/metrics.go:1094.3,1095.1 1 0
github.com/raghavkgarg/mycase/pkg/yfinance/metrics.go:1096.2,1096.21 1 1
github.com/raghavkgarg/mycase/pkg/yfinance/metrics.go:1097.3,1098.1 1 1
github.com/raghavkgarg/mycase/pkg/yfinance/metrics.go:1100.2,1100.13 1 1
github.com/raghavkgarg/mycase/pkg/yfinance/metrics.go:1105.2,1106.12 2 0
github.com/raghavkgarg/mycase/pkg/yfinance/metrics.go:1107.3,1108.1 1 0
github.com/raghavkgarg/mycase/pkg/yfinance/metrics.go:1110.2,1110.17 1 0
github.com/raghavkgarg/mycase/pkg/yfinance/metrics.go:1111.3,1112.1 1 0
github.com/raghavkgarg/mycase/pkg/yfinance/metrics.go:1113.2,1113.16 1 0
github.com/raghavkgarg/mycase/pkg/yfinance/metrics.go:1114.3,1115.1 1 0
github.com/raghavkgarg/mycase/pkg/yfinance/metrics.go:1117.2,1118.34 2 0
github.com/raghavkgarg/mycase/pkg/yfinance/metrics.go:1119.3,1120.1 1 0
github.com/raghavkgarg/mycase/pkg/yfinance/metrics.go:1121.2,1122.14 2 0
github.com/raghavkgarg/mycase/pkg/yfinance/metrics.go:1123.3,1124.1 1 0
github.com/raghavkgarg/mycase/pkg/yfinance/metrics.go:1126.2,1128.1 4 0
github.com/raghavkgarg/mycase/pkg/yfinance/metrics.go:1129.2,1130.25 4 0
github.com/raghavkgarg/mycase/pkg/yfinance/metrics.go:1135.2,1136.84 2 0
github.com/raghavkgarg/mycase/pkg/yfinance/metrics.go:1137.3,1138.1 1 0
github.com/raghavkgarg/mycase/pkg/yfinance/metrics.go:1140.2,1140.23 1 0
github.com/raghavkgarg/mycase/pkg/yfinance/metrics.go:1141.3,1142.1 1 0
github.com/raghavkgarg/mycase/pkg/yfinance/metrics.go:1144.2,1147.28 4 0
github.com/raghavkgarg/mycase/pkg/yfinance/metrics.go:1148.3,1149.17 2 0
github.com/raghavkgarg/mycase/pkg/yfinance/metrics.go:1150.4,1150.9 1 0
github.com/raghavkgarg/mycase/pkg/yfinance/metrics.go:1154.2,1154.16 1 0
github.com/raghavkgarg/mycase/pkg/yfinance/metrics.go:1155.3,1156.1 1 0
github.com/raghavkgarg/mycase/pkg/yfinance/metrics.go:1158.2,1159.1 3 0
github.com/raghavkgarg/mycase/pkg/yfinance/metrics.go:1160.2,1161.50 3 0
github.com/raghavkgarg/mycase/pkg/yfinance/metrics.go:1162.3,1163.1 1 0
github.com/raghavkgarg/mycase/pkg/yfinance/metrics.go:1165.2,1165.14 1 0
github.com/raghavkgarg/mycase/pkg/yfinance/metrics_delivery.go:28.2,28.23 1 1
github.com/raghavkgarg/mycase/pkg/yfinance/metrics_delivery.go:29.3,30.1 1 0
github.com/raghavkgarg/mycase/pkg/yfinance/metrics_delivery.go:32.2,32.17 1 1
github.com/raghavkgarg/mycase/pkg/yfinance/metrics_delivery.go:33.3,34.1 1 0
github.com/raghavkgarg/mycase/pkg/yfinance/metrics_delivery.go:39.2,40.17 2 1
github.com/raghavkgarg/mycase/pkg/yfinance/metrics_delivery.go:41.3,42.1 1 1
github.com/raghavkgarg/mycase/pkg/yfinance/metrics_delivery.go:52.2,53.28 2 1
github.com/raghavkgarg/mycase/pkg/yfinance/metrics_delivery.go:54.3,54.41 1 1
github.com/raghavkgarg/mycase/pkg/yfinance/metrics_delivery.go:55.4,55.12 1 1
github.com/raghavkgarg/mycase/pkg/yfinance/metrics_delivery.go:57.3,57.26 1 1
github.com/raghavkgarg/mycase/pkg/yfinance/metrics_delivery.go:58.4,59.1 1 1
github.com/raghavkgarg/mycase/pkg/yfinance/metrics_delivery.go:62.2,62.22 1 1
github.com/raghavkgarg/mycase/pkg/yfinance/metrics_delivery.go:63.3,64.1 1 1
github.com/raghavkgarg/mycase/pkg/yfinance/metrics_delivery.go:66.2,67.27 2 1
github.com/raghavkgarg/mycase/pkg/yfinance/metrics_delivery.go:68.3,69.1 1 1
github.com/raghavkgarg/mycase/pkg/yfinance/metrics_delivery.go:72.2,72.44 1 1
github.com/raghavkgarg/mycase/pkg/yfinance/metrics_delivery.go:73.3,74.1 1 1
github.com/raghavkgarg/mycase/pkg/yfinance/metrics_delivery.go:76.2,77.1 3 1
github.com/raghavkgarg/mycase/pkg/yfinance/metrics_delivery.go:81.2,82.42 3 1
github.com/raghavkgarg/mycase/pkg/yfinance/metrics_delivery.go:83.3,84.1 1 1
github.com/raghavkgarg/mycase/pkg/yfinance/metrics_delivery.go:88.2,90.1 4 1
github.com/raghavkgarg/mycase/pkg/yfinance/metrics_delivery.go:91.2,92.28 4 1
github.com/raghavkgarg/mycase/pkg/yfinance/metrics_delivery.go:93.3,94.1 1 1
github.com/raghavkgarg/mycase/pkg/yfinance/metrics_delivery.go:95.2,96.1 3 1
github.com/raghavkgarg/mycase/pkg/yfinance/metrics_delivery.go:97.2,98.31 3 1
github.com/raghavkgarg/mycase/pkg/yfinance/metrics_delivery.go:99.3,100.1 1 1
github.com/raghavkgarg/mycase/pkg/yfinance/metrics_delivery.go:101.2,102.1 3 1
github.com/raghavkgarg/mycase/pkg/yfinance/metrics_delivery.go:103.2,104.1 3 1
github.com/raghavkgarg/mycase/pkg/yfinance/metrics_delivery.go:105.2,110.8 3 1
github.com/raghavkgarg/mycase/pkg/yfinance/metrics_delivery.go:115.2,116.16 2 1
github.com/raghavkgarg/mycase/pkg/yfinance/metrics_delivery.go:117.3,118.1 1 1
github.com/raghavkgarg/mycase/pkg/yfinance/metrics_delivery.go:119.2,119.48 1 0
github.com/raghavkgarg/mycase/pkg/yfinance/metrics_fairprice.go:47.2,47.16 1 1
github.com/raghavkgarg/mycase/pkg/yfinance/metrics_fairprice.go:49.3,49.15 1 1
github.com/raghavkgarg/mycase/pkg/yfinance/metrics_fairprice.go:51.3,51.15 1 1
github.com/raghavkgarg/mycase/pkg/yfinance/metrics_fairprice.go:53.3,53.15 1 1
github.com/raghavkgarg/mycase/pkg/yfinance/metrics_fairprice.go:55.3,55.15 1 1
github.com/raghavkgarg/mycase/pkg/yfinance/metrics_fairprice.go:57.3,57.15 1 1
github.com/raghavkgarg/mycase/pkg/yfinance/metrics_fairprice.go:59.3,59.15 1 1
github.com/raghavkgarg/mycase/pkg/yfinance/metrics_fairprice.go:65.2,65.57 1 1
github.com/raghavkgarg/mycase/pkg/yfinance/metrics_fairprice.go:66.3,67.1 1 0
github.com/raghavkgarg/mycase/pkg/yfinance/metrics_fairprice.go:68.2,69.17 2 1
github.com/raghavkgarg/mycase/pkg/yfinance/metrics_fairprice.go:70.3,71.1 1 0
github.com/raghavkgarg/mycase/pkg/yfinance/metrics_fairprice.go:73.2,73.15 1 1
github.com/raghavkgarg/mycase/pkg/yfinance/metrics_fairprice.go:74.3,75.1 1 0
github.com/raghavkgarg/mycase/pkg/yfinance/metrics_fairprice.go:76.2,76.25 1 1
github.com/raghavkgarg/mycase/pkg/yfinance/metrics_fairprice.go:77.3,78.1 1 0
github.com/raghavkgarg/mycase/pkg/yfinance/metrics_fairprice.go:84.2,84.38 1 1
github.com/raghavkgarg/mycase/pkg/yfinance/metrics_fairprice.go:85.3,86.1 1 0
github.com/raghavkgarg/mycase/pkg/yfinance/metrics_fairprice.go:88.2,89.1 2 1
github.com/raghavkgarg/mycase/pkg/yfinance/metrics_fairprice.go:91.2,91.78 2 1
github.com/raghavkgarg/mycase/pkg/yfinance/metrics_fairprice.go:92.3,93.1 1 0
github.com/raghavkgarg/mycase/pkg/yfinance/metrics_fairprice.go:96.2,98.56 3 1
github.com/raghavkgarg/mycase/pkg/yfinance/metrics_fairprice.go:99.3,100.1 1 1
github.com/raghavkgarg/mycase/pkg/yfinance/metrics_fairprice.go:100.9,100.22 1 0
github.com/raghavkgarg/mycase/pkg/yfinance/metrics_fairprice.go:102.3,104.42 3 0
github.com/raghavkgarg/mycase/pkg/yfinance/metrics_fairprice.go:105.4,105.41 1 0
github.com/raghavkgarg/mycase/pkg/yfinance/metrics_fairprice.go:106.5,108.1 2 0
github.com/raghavkgarg/mycase/pkg/yfinance/metrics_fairprice.go:110.3,110.16 1 0
github.com/raghavkgarg/mycase/pkg/yfinance/metrics_fairprice.go:111.4,112.1 1 0
github.com/raghavkgarg/mycase/pkg/yfinance/metrics_fairprice.go:116.2,117.74 2 1
github.com/raghavkgarg/mycase/pkg/yfinance/metrics_fairprice.go:118.3,120.17 3 0
github.com/raghavkgarg/mycase/pkg/yfinance/metrics_fairprice.go:121.4,122.1 1 0
github.com/raghavkgarg/mycase/pkg/yfinance/metrics_fairprice.go:123.3,123.66 1 0
github.com/raghavkgarg/mycase/pkg/yfinance/metrics_fairprice.go:127.2,127.115 1 1
github.com/raghavkgarg/mycase/pkg/yfinance/metrics_fairprice.go:128.3,129.1 1 0
github.com/raghavkgarg/mycase/pkg/yfinance/metrics_fairprice.go:130.2,130.61 1 1
github.com/raghavkgarg/mycase/pkg/yfinance/metrics_fairprice.go:131.3,132.1 1 0
github.com/raghavkgarg/mycase/pkg/yfinance/metrics_fairprice.go:136.2,136.47 1 1
github.com/raghavkgarg/mycase/pkg/yfinance/metrics_fairprice.go:137.3,138.1 1 0
github.com/raghavkgarg/mycase/pkg/yfinance/metrics_fairprice.go:139.2,139.108 1 1
github.com/raghavkgarg/mycase/pkg/yfinance/metrics_fairprice.go:140.3,141.1 1 0
github.com/raghavkgarg/mycase/pkg/yfinance/metrics_fairprice.go:143.2,143.15 1 1
github.com/raghavkgarg/mycase/pkg/yfinance/metrics_fairprice.go:144.3,145.1 1 0
github.com/raghavkgarg/mycase/pkg/yfinance/metrics_fairprice.go:148.2,150.18 3 1
github.com/raghavkgarg/mycase/pkg/yfinance/metrics_fairprice.go:151.3,152.1 1 0
github.com/raghavkgarg/mycase/pkg/yfinance/metrics_fairprice.go:152.9,152.24 1 1
github.com/raghavkgarg/mycase/pkg/yfinance/metrics_fairprice.go:153.3,154.1 1 0
github.com/raghavkgarg/mycase/pkg/yfinance/metrics_fairprice.go:157.2,159.89 3 1
github.com/raghavkgarg/mycase/pkg/yfinance/metrics_fairprice.go:160.3,161.18 2 1
github.com/raghavkgarg/mycase/pkg/yfinance/metrics_fairprice.go:162.4,163.1 1 1
github.com/raghavkgarg/mycase/pkg/yfinance/metrics_fairprice.go:164.9,164.89 1 1
github.com/raghavkgarg/mycase/pkg/yfinance/metrics_fairprice.go:165.3,165.17 1 0
github.com/raghavkgarg/mycase/pkg/yfinance/metrics_fairprice.go:166.4,167.1 1 0
github.com/raghavkgarg/mycase/pkg/yfinance/metrics_fairprice.go:168.4,169.1 1 0
github.com/raghavkgarg/mycase/pkg/yfinance/metrics_fairprice.go:172.2,172.19 1 1
github.com/raghavkgarg/mycase/pkg/yfinance/metrics_fairprice.go:173.3,174.1 1 1
github.com/raghavkgarg/mycase/pkg/yfinance/metrics_fairprice.go:175.2,175.14 1 1
github.com/raghavkgarg/mycase/pkg/yfinance/metrics_fairprice.go:176.3,177.1 1 0
github.com/raghavkgarg/mycase/pkg/yfinance/metrics_fairprice.go:180.2,182.26 3 1
github.com/raghavkgarg/mycase/pkg/yfinance/metrics_fairprice.go:183.3,185.1 2 1
github.com/raghavkgarg/mycase/pkg/yfinance/metrics_fairprice.go:188.2,188.28 1 1
github.com/raghavkgarg/mycase/pkg/yfinance/metrics_fairprice.go:189.3,190.1 1 0
github.com/raghavkgarg/mycase/pkg/yfinance/metrics_fairprice.go:191.2,193.1 5 1
github.com/raghavkgarg/mycase/pkg/yfinance/metrics_fairprice.go:195.2,197.29 5 1
github.com/raghavkgarg/mycase/pkg/yfinance/metrics_fairprice.go:198.3,199.1 1 1
github.com/raghavkgarg/mycase/pkg/yfinance/metrics_fairprice.go:200.2,201.20 2 1
github.com/raghavkgarg/mycase/pkg/yfinance/metrics_fairprice.go:202.3,203.1 1 0
github.com/raghavkgarg/mycase/pkg/yfinance/metrics_fairprice.go:205.2,206.73 2 1
github.com/raghavkgarg/mycase/pkg/yfinance/metrics_fairprice.go:207.3,208.1 1 0
github.com/raghavkgarg/mycase/pkg/yfinance/metrics_fairprice.go:210.2,210.25 1 1
github.com/raghavkgarg/mycase/pkg/yfinance/metrics_fairprice.go:215.2,215.57 1 1
github.com/raghavkgarg/mycase/pkg/yfinance/metrics_fairprice.go:216.3,217.1 1 0
github.com/raghavkgarg/mycase/pkg/yfinance/metrics_fairprice.go:218.2,219.17 2 1
github.com/raghavkgarg/mycase/pkg/yfinance/metrics_fairprice.go:220.3,221.1 1 0
github.com/raghavkgarg/mycase/pkg/yfinance/metrics_fairprice.go:223.2,223.15 1 1
github.com/raghavkgarg/mycase/pkg/yfinance/metrics_fairprice.go:224.3,225.1 1 0
github.com/raghavkgarg/mycase/pkg/yfinance/metrics_fairprice.go:229.2,229.38 1 1
github.com/raghavkgarg/mycase/pkg/yfinance/metrics_fairprice.go:230.3,230.23 1 0
github.com/raghavkgarg/mycase/pkg/yfinance/metrics_fairprice.go:231.4,232.1 1 0
github.com/raghavkgarg/mycase/pkg/yfinance/metrics_fairprice.go:233.3,235.74 3 0
github.com/raghavkgarg/mycase/pkg/yfinance/metrics_fairprice.go:236.4,237.1 1 0
github.com/raghavkgarg/mycase/pkg/yfinance/metrics_fairprice.go:238.3,238.26 1 0
github.com/raghavkgarg/mycase/pkg/yfinance/metrics_fairprice.go:241.2,242.31 2 1
github.com/raghavkgarg/mycase/pkg/yfinance/metrics_fairprice.go:243.3,244.1 1 0
github.com/raghavkgarg/mycase/pkg/yfinance/metrics_fairprice.go:246.2,247.29 2 1
github.com/raghavkgarg/mycase/pkg/yfinance/metrics_fairprice.go:248.3,249.1 1 1
github.com/raghavkgarg/mycase/pkg/yfinance/metrics_fairprice.go:251.2,252.20 2 1
github.com/raghavkgarg/mycase/pkg/yfinance/metrics_fairprice.go:253.3,254.1 1 0
github.com/raghavkgarg/mycase/pkg/yfinance/metrics_fairprice.go:256.2,257.73 2 1
github.com/raghavkgarg/mycase/pkg/yfinance/metrics_fairprice.go:258.3,259.1 1 0
github.com/raghavkgarg/mycase/pkg/yfinance/metrics_fairprice.go:261.2,261.25 1 1
github.com/raghavkgarg/mycase/pkg/yfinance/metrics_fairprice.go:270.2,270.29 1 1
github.com/raghavkgarg/mycase/pkg/yfinance/metrics_fairprice.go:271.3,272.1 1 0
github.com/raghavkgarg/mycase/pkg/yfinance/metrics_fairprice.go:273.2,274.20 2 1
github.com/raghavkgarg/mycase/pkg/yfinance/metrics_fairprice.go:275.3,276.1 1 0
github.com/raghavkgarg/mycase/pkg/yfinance/metrics_fairprice.go:277.2,277.38 1 1
github.com/raghavkgarg/mycase/pkg/yfinance/metrics_fairprice.go:278.3,279.1 1 0
github.com/raghavkgarg/mycase/pkg/yfinance/metrics_fairprice.go:281.2,282.13 2 1
github.com/raghavkgarg/mycase/pkg/yfinance/metrics_fairprice.go:283.3,284.1 1 1
github.com/raghavkgarg/mycase/pkg/yfinance/metrics_fairprice.go:286.2,288.39 3 1
github.com/raghavkgarg/mycase/pkg/yfinance/metrics_fairprice.go:289.3,291.1 2 1
github.com/raghavkgarg/mycase/pkg/yfinance/metrics_fairprice.go:292.2,292.16 1 1
github.com/raghavkgarg/mycase/pkg/yfinance/metrics_fairprice.go:293.3,294.1 1 0
github.com/raghavkgarg/mycase/pkg/yfinance/metrics_fairprice.go:295.2,296.1 2 1
github.com/raghavkgarg/mycase/pkg/yfinance/metrics_fairprice.go:297.2,297.18 2 1
github.com/raghavkgarg/mycase/pkg/yfinance/metrics_fairprice.go:298.3,299.1 1 0
github.com/raghavkgarg/mycase/pkg/yfinance/metrics_fairprice.go:301.2,302.29 2 1
github.com/raghavkgarg/mycase/pkg/yfinance/metrics_fairprice.go:303.3,304.1 1 0
github.com/raghavkgarg/mycase/pkg/yfinance/metrics_fairprice.go:306.2,306.18 1 1
github.com/raghavkgarg/mycase/pkg/yfinance/metrics_fairprice.go:311.2,311.95 1 1
github.com/raghavkgarg/mycase/pkg/yfinance/metrics_fairprice.go:312.3,313.1 1 1
github.com/raghavkgarg/mycase/pkg/yfinance/metrics_fairprice.go:314.2,315.17 2 1
github.com/raghavkgarg/mycase/pkg/yfinance/metrics_fairprice.go:316.3,317.1 1 0
github.com/raghavkgarg/mycase/pkg/yfinance/metrics_fairprice.go:319.2,321.27 3 1
github.com/raghavkgarg/mycase/pkg/yfinance/metrics_fairprice.go:322.3,323.1 1 0
github.com/raghavkgarg/mycase/pkg/yfinance/metrics_fairprice.go:325.2,326.64 2 1
github.com/raghavkgarg/mycase/pkg/yfinance/metrics_fairprice.go:327.3,328.1 1 0
github.com/raghavkgarg/mycase/pkg/yfinance/metrics_fairprice.go:330.2,330.22 1 1
github.com/raghavkgarg/mycase/pkg/yfinance/metrics_fairprice.go:335.2,335.77 1 1
github.com/raghavkgarg/mycase/pkg/yfinance/metrics_fairprice.go:336.3,337.1 1 0
github.com/raghavkgarg/mycase/pkg/yfinance/metrics_fairprice.go:338.2,339.17 2 1
github.com/raghavkgarg/mycase/pkg/yfinance/metrics_fairprice.go:340.3,341.1 1 0
github.com/raghavkgarg/mycase/pkg/yfinance/metrics_fairprice.go:343.2,344.14 2 1
github.com/raghavkgarg/mycase/pkg/yfinance/metrics_fairprice.go:345.3,346.1 1 0
github.com/raghavkgarg/mycase/pkg/yfinance/metrics_fairprice.go:349.2,350.65 2 1
github.com/raghavkgarg/mycase/pkg/yfinance/metrics_fairprice.go:351.3,352.1 1 1
github.com/raghavkgarg/mycase/pkg/yfinance/metrics_fairprice.go:352.9,352.26 1 1
github.com/raghavkgarg/mycase/pkg/yfinance/metrics_fairprice.go:353.3,354.1 1 0
github.com/raghavkgarg/mycase/pkg/yfinance/metrics_fairprice.go:356.2,357.62 2 1
github.com/raghavkgarg/mycase/pkg/yfinance/metrics_fairprice.go:358.3,359.1 1 0
github.com/raghavkgarg/mycase/pkg/yfinance/metrics_fairprice.go:360.3,361.1 1 1
github.com/raghavkgarg/mycase/pkg/yfinance/metrics_fairprice.go:363.2,364.14 2 1
github.com/raghavkgarg/mycase/pkg/yfinance/metrics_fairprice.go:365.3,366.1 1 0
github.com/raghavkgarg/mycase/pkg/yfinance/metrics_fairprice.go:367.2,367.14 1 1
github.com/raghavkgarg/mycase/pkg/yfinance/metrics_fairprice.go:368.3,369.1 1 0
github.com/raghavkgarg/mycase/pkg/yfinance/metrics_fairprice.go:372.2,374.19 3 1
github.com/raghavkgarg/mycase/pkg/yfinance/metrics_fairprice.go:375.3,376.1 1 0
github.com/raghavkgarg/mycase/pkg/yfinance/metrics_fairprice.go:378.2,379.35 2 1
github.com/raghavkgarg/mycase/pkg/yfinance/metrics_fairprice.go:380.3,381.1 1 1
github.com/raghavkgarg/mycase/pkg/yfinance/metrics_fairprice.go:381.9,381.42 1 1
github.com/raghavkgarg/mycase/pkg/yfinance/metrics_fairprice.go:382.3,383.1 1 0
github.com/raghavkgarg/mycase/pkg/yfinance/metrics_fairprice.go:385.2,387.73 3 1
github.com/raghavkgarg/mycase/pkg/yfinance/metrics_fairprice.go:388.3,389.1 1 0
github.com/raghavkgarg/mycase/pkg/yfinance/metrics_fairprice.go:391.2,391.25 1 1
github.com/raghavkgarg/mycase/pkg/yfinance/metrics_fairprice.go:396.2,400.1 4 0
github.com/raghavkgarg/mycase/pkg/yfinance/metrics_fairprice.go:401.2,403.1 4 0
github.com/raghavkgarg/mycase/pkg/yfinance/metrics_fairprice.go:404.2,404.31 4 0
github.com/raghavkgarg/mycase/pkg/yfinance/metrics_fairprice.go:405.3,407.16 3 0
github.com/raghavkgarg/mycase/pkg/yfinance/metrics_fairprice.go:408.4,409.1 1 0
github.com/raghavkgarg/mycase/pkg/yfinance/metrics_fairprice.go:410.3,410.24 1 0
github.com/raghavkgarg/mycase/pkg/yfinance/metrics_fairprice.go:411.4,412.1 1 0
github.com/raghavkgarg/mycase/pkg/yfinance/metrics_fairprice.go:415.3,415.41 1 0
github.com/raghavkgarg/mycase/pkg/yfinance/metrics_fairprice.go:416.4,417.32 2 0
github.com/raghavkgarg/mycase/pkg/yfinance/metrics_fairprice.go:418.5,420.1 2 0
github.com/raghavkgarg/mycase/pkg/yfinance/metrics_fairprice.go:424.3,424.44 1 0
github.com/raghavkgarg/mycase/pkg/yfinance/metrics_fairprice.go:425.4,427.1 2 0
github.com/raghavkgarg/mycase/pkg/yfinance/metrics_fairprice.go:430.3,430.34 1 0
github.com/raghavkgarg/mycase/pkg/yfinance/metrics_fairprice.go:431.4,433.59 3 0
github.com/raghavkgarg/mycase/pkg/yfinance/metrics_fairprice.go:434.5,435.1 1 0
github.com/raghavkgarg/mycase/pkg/yfinance/metrics_fairprice.go:435.11,435.57 1 0
github.com/raghavkgarg/mycase/pkg/yfinance/metrics_fairprice.go:436.5,437.1 1 0
github.com/raghavkgarg/mycase/pkg/yfinance/metrics_fairprice.go:438.4,438.37 1 0
github.com/raghavkgarg/mycase/pkg/yfinance/metrics_fairprice.go:439.5,441.44 3 0
github.com/raghavkgarg/mycase/pkg/yfinance/metrics_fairprice.go:442.6,444.1 2 0
github.com/raghavkgarg/mycase/pkg/yfinance/metrics_fairprice.go:450.2,451.25 2 0
github.com/raghavkgarg/mycase/pkg/yfinance/metrics_fairprice.go:452.3,453.1 1 0
github.com/raghavkgarg/mycase/pkg/yfinance/metrics_fairprice.go:454.2,455.25 2 0
github.com/raghavkgarg/mycase/pkg/yfinance/metrics_fairprice.go:456.3,457.1 1 0
github.com/raghavkgarg/mycase/pkg/yfinance/metrics_fairprice.go:458.2,459.25 2 0
github.com/raghavkgarg/mycase/pkg/yfinance/metrics_fairprice.go:460.3,461.1 1 0
github.com/raghavkgarg/mycase/pkg/yfinance/metrics_fairprice.go:463.2,464.30 2 0
github.com/raghavkgarg/mycase/pkg/yfinance/metrics_fairprice.go:465.3,466.37 2 0
github.com/raghavkgarg/mycase/pkg/yfinance/metrics_fairprice.go:467.4,468.1 1 0
github.com/raghavkgarg/mycase/pkg/yfinance/metrics_fairprice.go:470.3,471.37 2 0
github.com/raghavkgarg/mycase/pkg/yfinance/metrics_fairprice.go:472.4,473.1 1 0
github.com/raghavkgarg/mycase/pkg/yfinance/metrics_fairprice.go:475.3,476.43 2 0
github.com/raghavkgarg/mycase/pkg/yfinance/metrics_fairprice.go:477.4,478.1 1 0
github.com/raghavkgarg/mycase/pkg/yfinance/metrics_fairprice.go:480.3,484.1 1 0
github.com/raghavkgarg/mycase/pkg/yfinance/metrics_fairprice.go:488.2,488.43 1 0
github.com/raghavkgarg/mycase/pkg/yfinance/metrics_fairprice.go:489.3,493.1 1 0
github.com/raghavkgarg/mycase/pkg/yfinance/metrics_fairprice.go:496.2,496.16 1 0
github.com/raghavkgarg/mycase/pkg/yfinance/metrics_fairprice.go:501.2,501.57 1 1
github.com/raghavkgarg/mycase/pkg/yfinance/metrics_fairprice.go:502.3,503.1 1 0
github.com/raghavkgarg/mycase/pkg/yfinance/metrics_fairprice.go:504.2,505.17 2 1
github.com/raghavkgarg/mycase/pkg/yfinance/metrics_fairprice.go:506.3,507.1 1 0
github.com/raghavkgarg/mycase/pkg/yfinance/metrics_fairprice.go:509.2,510.1 2 1
github.com/raghavkgarg/mycase/pkg/yfinance/metrics_fairprice.go:512.2,512.39 2 1
github.com/raghavkgarg/mycase/pkg/yfinance/metrics_fairprice.go:513.3,514.14 2 1
github.com/raghavkgarg/mycase/pkg/yfinance/metrics_fairprice.go:515.4,516.1 1 1
github.com/raghavkgarg/mycase/pkg/yfinance/metrics_fairprice.go:520.2,520.37 1 1
github.com/raghavkgarg/mycase/pkg/yfinance/metrics_fairprice.go:521.3,522.15 2 1
github.com/raghavkgarg/mycase/pkg/yfinance/metrics_fairprice.go:523.4,524.1 1 1
github.com/raghavkgarg/mycase/pkg/yfinance/metrics_fairprice.go:528.2,528.38 1 1
github.com/raghavkgarg/mycase/pkg/yfinance/metrics_fairprice.go:529.3,531.58 3 1
github.com/raghavkgarg/mycase/pkg/yfinance/metrics_fairprice.go:532.4,533.1 1 1
github.com/raghavkgarg/mycase/pkg/yfinance/metrics_fairprice.go:533.10,533.56 1 1
github.com/raghavkgarg/mycase/pkg/yfinance/metrics_fairprice.go:534.4,535.1 1 0
github.com/raghavkgarg/mycase/pkg/yfinance/metrics_fairprice.go:536.3,536.41 1 1
github.com/raghavkgarg/mycase/pkg/yfinance/metrics_fairprice.go:537.4,538.31 2 1
github.com/raghavkgarg/mycase/pkg/yfinance/metrics_fairprice.go:539.5,540.1 1 1
github.com/raghavkgarg/mycase/pkg/yfinance/metrics_fairprice.go:541.4,543.24 3 1
github.com/raghavkgarg/mycase/pkg/yfinance/metrics_fairprice.go:544.5,545.1 1 1
github.com/raghavkgarg/mycase/pkg/yfinance/metrics_fairprice.go:549.2,549.26 1 1
github.com/raghavkgarg/mycase/pkg/yfinance/metrics_fairprice.go:550.3,551.1 1 0
github.com/raghavkgarg/mycase/pkg/yfinance/metrics_fairprice.go:553.2,554.31 2 1
github.com/raghavkgarg/mycase/pkg/yfinance/metrics_fairprice.go:555.3,556.1 1 1
github.com/raghavkgarg/mycase/pkg/yfinance/metrics_fairprice.go:557.2,558.73 2 1
github.com/raghavkgarg/mycase/pkg/yfinance/metrics_fairprice.go:559.3,560.1 1 0
github.com/raghavkgarg/mycase/pkg/yfinance/metrics_fairprice.go:562.2,562.25 1 1
github.com/raghavkgarg/mycase/pkg/yfinance/metrics_fairprice.go:567.2,567.14 1 1
github.com/raghavkgarg/mycase/pkg/yfinance/metrics_fairprice.go:568.3,569.1 1 0
github.com/raghavkgarg/mycase/pkg/yfinance/metrics_fairprice.go:570.2,570.25 1 1
github.com/raghavkgarg/mycase/pkg/yfinance/metrics_fairprice.go:571.3,572.1 1 0
github.com/raghavkgarg/mycase/pkg/yfinance/metrics_fairprice.go:574.2,577.1 14 1
github.com/raghavkgarg/mycase/pkg/yfinance/metrics_fairprice.go:579.2,584.1 14 1
github.com/raghavkgarg/mycase/pkg/yfinance/metrics_fairprice.go:585.2,589.1 14 1
github.com/raghavkgarg/mycase/pkg/yfinance/metrics_fairprice.go:591.2,597.1 14 1
github.com/raghavkgarg/mycase/pkg/yfinance/metrics_fairprice.go:599.2,602.1 14 1
github.com/raghavkgarg/mycase/pkg/yfinance/metrics_fairprice.go:603.2,603.27 14 1
github.com/raghavkgarg/mycase/pkg/yfinance/metrics_fairprice.go:604.3,604.90 1 1
github.com/raghavkgarg/mycase/pkg/yfinance/metrics_fairprice.go:605.4,608.1 3 1
github.com/raghavkgarg/mycase/pkg/yfinance/metrics_fairprice.go:611.2,611.49 1 1
github.com/raghavkgarg/mycase/pkg/yfinance/metrics_fairprice.go:612.3,613.1 1 0
github.com/raghavkgarg/mycase/pkg/yfinance/metrics_fairprice.go:616.2,617.27 2 1
github.com/raghavkgarg/mycase/pkg/yfinance/metrics_fairprice.go:618.3,618.90 1 1
github.com/raghavkgarg/mycase/pkg/yfinance/metrics_fairprice.go:619.4,621.1 2 1
github.com/raghavkgarg/mycase/pkg/yfinance/metrics_fairprice.go:625.2,626.32 2 1
github.com/raghavkgarg/mycase/pkg/yfinance/metrics_fairprice.go:627.3,628.1 1 1
github.com/raghavkgarg/mycase/pkg/yfinance/metrics_fairprice.go:629.2,630.1 3 1
github.com/raghavkgarg/mycase/pkg/yfinance/metrics_fairprice.go:631.2,632.32 3 1
github.com/raghavkgarg/mycase/pkg/yfinance/metrics_fairprice.go:633.3,634.1 1 1
github.com/raghavkgarg/mycase/pkg/yfinance/metrics_fairprice.go:635.2,637.17 3 1
github.com/raghavkgarg/mycase/pkg/yfinance/metrics_fairprice.go:638.3,639.1 1 1
github.com/raghavkgarg/mycase/pkg/yfinance/metrics_fairprice.go:642.2,643.30 2 1
github.com/raghavkgarg/mycase/pkg/yfinance/metrics_fairprice.go:644.3,645.1 1 1
github.com/raghavkgarg/mycase/pkg/yfinance/metrics_fairprice.go:646.2,647.23 2 1
github.com/raghavkgarg/mycase/pkg/yfinance/metrics_fairprice.go:648.3,649.1 1 0
github.com/raghavkgarg/mycase/pkg/yfinance/metrics_fairprice.go:650.2,650.22 1 1
github.com/raghavkgarg/mycase/pkg/yfinance/metrics_fairprice.go:651.3,652.1 1 0
github.com/raghavkgarg/mycase/pkg/yfinance/metrics_fairprice.go:658.2,660.1 6 1
github.com/raghavkgarg/mycase/pkg/yfinance/metrics_fairprice.go:662.2,665.1 6 1
github.com/raghavkgarg/mycase/pkg/yfinance/metrics_fairprice.go:666.2,666.36 6 1
github.com/raghavkgarg/mycase/pkg/yfinance/metrics_fairprice.go:667.3,669.1 2 0
github.com/raghavkgarg/mycase/pkg/yfinance/metrics_fairprice.go:669.9,669.43 1 1
github.com/raghavkgarg/mycase/pkg/yfinance/metrics_fairprice.go:670.3,672.1 2 1
github.com/raghavkgarg/mycase/pkg/yfinance/metrics_fairprice.go:675.2,678.1 5 1
github.com/raghavkgarg/mycase/pkg/yfinance/metrics_fairprice.go:679.2,680.23 5 1
github.com/raghavkgarg/mycase/pkg/yfinance/metrics_fairprice.go:681.3,682.1 1 1
github.com/raghavkgarg/mycase/pkg/yfinance/metrics_fairprice.go:682.9,682.30 1 1
github.com/raghavkgarg/mycase/pkg/yfinance/metrics_fairprice.go:683.3,684.1 1 1
github.com/raghavkgarg/mycase/pkg/yfinance/metrics_fairprice.go:684.9,684.31 1 0
github.com/raghavkgarg/mycase/pkg/yfinance/metrics_fairprice.go:685.3,686.1 1 0
github.com/raghavkgarg/mycase/pkg/yfinance/metrics_fairprice.go:686.9,686.31 1 0
github.com/raghavkgarg/mycase/pkg/yfinance/metrics_fairprice.go:687.3,688.1 1 0
github.com/raghavkgarg/mycase/pkg/yfinance/metrics_fairprice.go:689.3,690.1 1 0
github.com/raghavkgarg/mycase/pkg/yfinance/metrics_fairprice.go:692.2,710.8 1 1
github.com/raghavkgarg/mycase/pkg/yfinance/metrics_fairprice.go:715.2,715.14 1 1
github.com/raghavkgarg/mycase/pkg/yfinance/metrics_fairprice.go:716.3,717.1 1 0
github.com/raghavkgarg/mycase/pkg/yfinance/metrics_fairprice.go:718.2,718.38 1 1
github.com/raghavkgarg/mycase/pkg/yfinance/metrics_fairprice.go:719.3,719.16 1 0
github.com/raghavkgarg/mycase/pkg/yfinance/metrics_fairprice.go:720.4,721.1 1 0
github.com/raghavkgarg/mycase/pkg/yfinance/metrics_fairprice.go:722.3,722.27 1 0
github.com/raghavkgarg/mycase/pkg/yfinance/metrics_fairprice.go:723.4,724.1 1 0
github.com/raghavkgarg/mycase/pkg/yfinance/metrics_fairprice.go:725.3,725.58 1 0
github.com/raghavkgarg/mycase/pkg/yfinance/metrics_fairprice.go:726.4,727.19 2 0
github.com/raghavkgarg/mycase/pkg/yfinance/metrics_fairprice.go:728.5,729.1 1 0
github.com/raghavkgarg/mycase/pkg/yfinance/metrics_fairprice.go:731.3,731.14 1 0
github.com/raghavkgarg/mycase/pkg/yfinance/metrics_fairprice.go:734.2,737.1 4 1
github.com/raghavkgarg/mycase/pkg/yfinance/metrics_fairprice.go:738.2,738.45 4 1
github.com/raghavkgarg/mycase/pkg/yfinance/metrics_fairprice.go:739.3,741.25 3 0
github.com/raghavkgarg/mycase/pkg/yfinance/metrics_fairprice.go:742.4,743.1 1 0
github.com/raghavkgarg/mycase/pkg/yfinance/metrics_fairprice.go:746.2,746.15 1 1
github.com/raghavkgarg/mycase/pkg/yfinance/metrics_fairprice.go:747.3,748.1 1 1
github.com/raghavkgarg/mycase/pkg/yfinance/metrics_fairprice.go:749.2,749.13 1 1
github.com/raghavkgarg/mycase/pkg/yfinance/metrics_fairprice.go:754.2,754.20 1 0
github.com/raghavkgarg/mycase/pkg/yfinance/metrics_fairprice.go:755.3,756.1 1 0
github.com/raghavkgarg/mycase/pkg/yfinance/metrics_fairprice.go:757.2,761.14 5 0
github.com/raghavkgarg/mycase/pkg/yfinance/metrics_fairprice.go:762.3,763.1 1 0
github.com/raghavkgarg/mycase/pkg/yfinance/metrics_fairprice.go:764.2,764.36 1 0
github.com/raghavkgarg/mycase/pkg/yfinance/prices.go:19.2,22.1 3 0
github.com/raghavkgarg/mycase/pkg/yfinance/prices.go:25.2,27.16 3 0
github.com/raghavkgarg/mycase/pkg/yfinance/prices.go:28.3,29.1 1 0
github.com/raghavkgarg/mycase/pkg/yfinance/prices.go:30.2,30.56 1 0
github.com/raghavkgarg/mycase/pkg/yfinance/prices.go:31.3,32.1 1 0
github.com/raghavkgarg/mycase/pkg/yfinance/prices.go:33.2,34.16 2 0
github.com/raghavkgarg/mycase/pkg/yfinance/prices.go:35.3,36.1 1 0
github.com/raghavkgarg/mycase/pkg/yfinance/prices.go:37.2,37.44 1 0
github.com/raghavkgarg/mycase/pkg/yfinance/prices.go:41.2,44.16 4 0
github.com/raghavkgarg/mycase/pkg/yfinance/prices.go:45.3,46.1 1 0
github.com/raghavkgarg/mycase/pkg/yfinance/prices.go:51.2,52.36 2 1
github.com/raghavkgarg/mycase/pkg/yfinance/prices.go:53.3,54.1 1 1
github.com/raghavkgarg/mycase/pkg/yfinance/prices.go:55.2,56.21 2 1
github.com/raghavkgarg/mycase/pkg/yfinance/prices.go:57.3,59.24 3 1
github.com/raghavkgarg/mycase/pkg/yfinance/prices.go:60.4,61.1 1 1
github.com/raghavkgarg/mycase/pkg/yfinance/prices.go:62.3,62.24 1 1
github.com/raghavkgarg/mycase/pkg/yfinance/prices.go:63.4,64.1 1 1
github.com/raghavkgarg/mycase/pkg/yfinance/prices.go:65.3,65.69 1 0
github.com/raghavkgarg/mycase/pkg/yfinance/prices.go:66.4,67.1 1 0
github.com/raghavkgarg/mycase/pkg/yfinance/prices.go:70.2,70.42 1 1
github.com/raghavkgarg/mycase/pkg/yfinance/prices.go:75.2,75.28 1 0
github.com/raghavkgarg/mycase/pkg/yfinance/prices.go:76.3,76.102 1 0
github.com/raghavkgarg/mycase/pkg/yfinance/prices.go:77.4,78.1 1 0
github.com/raghavkgarg/mycase/pkg/yfinance/prices.go:80.2,80.16 1 0
github.com/raghavkgarg/mycase/pkg/yfinance/prices.go:85.2,85.23 1 0
github.com/raghavkgarg/mycase/pkg/yfinance/prices.go:86.3,87.1 1 0
github.com/raghavkgarg/mycase/pkg/yfinance/prices.go:89.2,93.1 9 0
github.com/raghavkgarg/mycase/pkg/yfinance/prices.go:94.2,95.1 9 0
github.com/raghavkgarg/mycase/pkg/yfinance/prices.go:96.2,98.1 9 0
github.com/raghavkgarg/mycase/pkg/yfinance/prices.go:99.2,100.1 9 0
github.com/raghavkgarg/mycase/pkg/yfinance/prices.go:101.2,102.1 9 0
github.com/raghavkgarg/mycase/pkg/yfinance/prices.go:103.2,103.59 9 0
github.com/raghavkgarg/mycase/pkg/yfinance/prices.go:104.3,108.1 4 0
github.com/raghavkgarg/mycase/pkg/yfinance/prices.go:110.3,111.33 4 0
github.com/raghavkgarg/mycase/pkg/yfinance/prices.go:112.4,113.18 2 0
github.com/raghavkgarg/mycase/pkg/yfinance/prices.go:114.5,115.13 2 0
github.com/raghavkgarg/mycase/pkg/yfinance/prices.go:118.4,120.1 4 0
github.com/raghavkgarg/mycase/pkg/yfinance/prices.go:121.4,122.18 4 0
github.com/raghavkgarg/mycase/pkg/yfinance/prices.go:123.5,124.13 2 0
github.com/raghavkgarg/mycase/pkg/yfinance/prices.go:127.4,127.40 1 0
github.com/raghavkgarg/mycase/pkg/yfinance/prices.go:128.5,130.13 3 0
github.com/raghavkgarg/mycase/pkg/yfinance/prices.go:133.4,136.24 4 0
github.com/raghavkgarg/mycase/pkg/yfinance/prices.go:137.5,138.13 2 0
github.com/raghavkgarg/mycase/pkg/yfinance/prices.go:141.4,141.35 1 0
github.com/raghavkgarg/mycase/pkg/yfinance/prices.go:142.5,143.13 2 0
github.com/raghavkgarg/mycase/pkg/yfinance/prices.go:146.4,146.39 1 0
github.com/raghavkgarg/mycase/pkg/yfinance/prices.go:147.5,148.13 2 0
github.com/raghavkgarg/mycase/pkg/yfinance/prices.go:151.4,152.18 2 0
github.com/raghavkgarg/mycase/pkg/yfinance/prices.go:153.5,154.13 2 0
github.com/raghavkgarg/mycase/pkg/yfinance/prices.go:157.4,157.21 1 0
github.com/raghavkgarg/mycase/pkg/yfinance/prices.go:159.3,159.20 1 0
github.com/raghavkgarg/mycase/pkg/yfinance/prices.go:162.2,162.24 1 0
github.com/raghavkgarg/mycase/pkg/yfinance/prices.go:163.3,163.16 1 0
github.com/raghavkgarg/mycase/pkg/yfinance/prices.go:164.4,164.26 1 0
github.com/raghavkgarg/mycase/pkg/yfinance/prices.go:165.5,166.19 2 0
github.com/raghavkgarg/mycase/pkg/yfinance/prices.go:167.6,168.14 2 0
github.com/raghavkgarg/mycase/pkg/yfinance/prices.go:170.5,172.16 3 0
github.com/raghavkgarg/mycase/pkg/yfinance/prices.go:177.2,177.28 1 0
github.com/raghavkgarg/mycase/pkg/yfinance/prices.go:178.3,179.1 1 0
github.com/raghavkgarg/mycase/pkg/yfinance/prices.go:180.2,181.1 5 0
github.com/raghavkgarg/mycase/pkg/yfinance/prices.go:182.2,184.1 5 0
github.com/raghavkgarg/mycase/pkg/yfinance/prices.go:185.2,186.27 5 0
github.com/raghavkgarg/mycase/pkg/yfinance/prices.go:187.3,188.1 1 0
github.com/raghavkgarg/mycase/pkg/yfinance/prices.go:190.2,190.42 1 0
github.com/raghavkgarg/mycase/pkg/yfinance/prices.go:191.3,192.1 1 0
github.com/raghavkgarg/mycase/pkg/yfinance/prices.go:194.2,194.22 1 0
github.com/raghavkgarg/mycase/pkg/yfinance/prices.go:195.3,196.1 1 0
github.com/raghavkgarg/mycase/pkg/yfinance/prices.go:198.2,198.20 1 0
github.com/raghavkgarg/mycase/pkg/yfinance/prices.go:203.2,204.16 2 0
github.com/raghavkgarg/mycase/pkg/yfinance/prices.go:205.3,206.1 1 0
github.com/raghavkgarg/mycase/pkg/yfinance/prices.go:207.2,207.25 1 0
github.com/raghavkgarg/mycase/pkg/yfinance/prices.go:213.2,213.60 1 0
github.com/raghavkgarg/mycase/pkg/yfinance/prices.go:214.3,215.1 1 0
github.com/raghavkgarg/mycase/pkg/yfinance/prices.go:217.2,219.48 3 0
github.com/raghavkgarg/mycase/pkg/yfinance/prices.go:220.3,221.1 1 0
github.com/raghavkgarg/mycase/pkg/yfinance/prices.go:223.2,225.1 5 0
github.com/raghavkgarg/mycase/pkg/yfinance/prices.go:226.2,228.16 5 0
github.com/raghavkgarg/mycase/pkg/yfinance/prices.go:229.3,230.1 1 0
github.com/raghavkgarg/mycase/pkg/yfinance/prices.go:232.2,234.1 4 0
github.com/raghavkgarg/mycase/pkg/yfinance/prices.go:235.2,236.16 4 0
github.com/raghavkgarg/mycase/pkg/yfinance/prices.go:238.3,239.83 2 0
github.com/raghavkgarg/mycase/pkg/yfinance/prices.go:240.4,242.72 3 0
github.com/raghavkgarg/mycase/pkg/yfinance/prices.go:243.5,245.1 2 0
github.com/raghavkgarg/mycase/pkg/yfinance/prices.go:248.2,248.16 1 0
github.com/raghavkgarg/mycase/pkg/yfinance/prices.go:249.3,250.1 1 0
github.com/raghavkgarg/mycase/pkg/yfinance/prices.go:251.2,252.1 2 0
github.com/raghavkgarg/mycase/pkg/yfinance/prices.go:253.2,253.38 2 0
github.com/raghavkgarg/mycase/pkg/yfinance/prices.go:254.3,255.1 1 0
github.com/raghavkgarg/mycase/pkg/yfinance/prices.go:257.2,258.68 2 0
github.com/raghavkgarg/mycase/pkg/yfinance/prices.go:259.3,260.1 1 0
github.com/raghavkgarg/mycase/pkg/yfinance/prices.go:262.2,262.32 1 0
github.com/raghavkgarg/mycase/pkg/yfinance/prices.go:263.3,264.1 1 0
github.com/raghavkgarg/mycase/pkg/yfinance/prices.go:266.2,266.36 1 0
github.com/raghavkgarg/mycase/pkg/yfinance/prices.go:267.3,268.1 1 0
github.com/raghavkgarg/mycase/pkg/yfinance/prices.go:270.2,271.39 2 0
github.com/raghavkgarg/mycase/pkg/yfinance/prices.go:272.3,273.1 1 0
github.com/raghavkgarg/mycase/pkg/yfinance/prices.go:275.2,278.1 8 0
github.com/raghavkgarg/mycase/pkg/yfinance/prices.go:279.2,283.1 8 0
github.com/raghavkgarg/mycase/pkg/yfinance/prices.go:284.2,284.29 8 0
github.com/raghavkgarg/mycase/pkg/yfinance/prices.go:285.3,285.41 1 0
github.com/raghavkgarg/mycase/pkg/yfinance/prices.go:286.4,288.1 4 0
github.com/raghavkgarg/mycase/pkg/yfinance/prices.go:289.4,290.24 4 0
github.com/raghavkgarg/mycase/pkg/yfinance/prices.go:291.5,292.1 1 0
github.com/raghavkgarg/mycase/pkg/yfinance/prices.go:293.4,294.1 3 0
github.com/raghavkgarg/mycase/pkg/yfinance/prices.go:295.4,296.26 3 0
github.com/raghavkgarg/mycase/pkg/yfinance/prices.go:297.5,298.1 1 0
github.com/raghavkgarg/mycase/pkg/yfinance/prices.go:299.4,299.43 1 0
github.com/raghavkgarg/mycase/pkg/yfinance/prices.go:303.2,303.26 1 0
github.com/raghavkgarg/mycase/pkg/yfinance/prices.go:304.3,305.1 1 0
github.com/raghavkgarg/mycase/pkg/yfinance/prices.go:307.2,312.1 5 0
github.com/raghavkgarg/mycase/pkg/yfinance/prices.go:313.2,314.1 5 0
github.com/raghavkgarg/mycase/pkg/yfinance/prices.go:315.2,317.1 5 0
github.com/raghavkgarg/mycase/pkg/yfinance/prices.go:318.2,318.17 5 0
github.com/raghavkgarg/mycase/pkg/yfinance/prices.go:325.2,325.64 1 0
github.com/raghavkgarg/mycase/pkg/yfinance/prices.go:326.3,327.1 1 0
github.com/raghavkgarg/mycase/pkg/yfinance/prices.go:329.2,334.1 5 0
github.com/raghavkgarg/mycase/pkg/yfinance/prices.go:335.2,337.16 5 0
github.com/raghavkgarg/mycase/pkg/yfinance/prices.go:338.3,339.1 1 0
github.com/raghavkgarg/mycase/pkg/yfinance/prices.go:340.2,342.1 4 0
github.com/raghavkgarg/mycase/pkg/yfinance/prices.go:343.2,344.16 4 0
github.com/raghavkgarg/mycase/pkg/yfinance/prices.go:345.3,349.83 2 0
github.com/raghavkgarg/mycase/pkg/yfinance/prices.go:350.4,352.72 3 0
github.com/raghavkgarg/mycase/pkg/yfinance/prices.go:353.5,355.1 2 0
github.com/raghavkgarg/mycase/pkg/yfinance/prices.go:358.2,358.16 1 0
github.com/raghavkgarg/mycase/pkg/yfinance/prices.go:359.3,360.1 1 0
github.com/raghavkgarg/mycase/pkg/yfinance/prices.go:361.2,362.1 2 0
github.com/raghavkgarg/mycase/pkg/yfinance/prices.go:363.2,363.38 2 0
github.com/raghavkgarg/mycase/pkg/yfinance/prices.go:364.3,365.1 1 0
github.com/raghavkgarg/mycase/pkg/yfinance/prices.go:367.2,368.68 2 0
github.com/raghavkgarg/mycase/pkg/yfinance/prices.go:369.3,370.1 1 0
github.com/raghavkgarg/mycase/pkg/yfinance/prices.go:371.2,371.32 1 0
github.com/raghavkgarg/mycase/pkg/yfinance/prices.go:372.3,373.1 1 0
github.com/raghavkgarg/mycase/pkg/yfinance/prices.go:374.2,374.36 1 0
github.com/raghavkgarg/mycase/pkg/yfinance/prices.go:375.3,376.1 1 0
github.com/raghavkgarg/mycase/pkg/yfinance/prices.go:378.2,379.39 2 0
github.com/raghavkgarg/mycase/pkg/yfinance/prices.go:380.3,381.1 1 0
github.com/raghavkgarg/mycase/pkg/yfinance/prices.go:383.2,386.1 6 0
github.com/raghavkgarg/mycase/pkg/yfinance/prices.go:387.2,389.1 6 0
github.com/raghavkgarg/mycase/pkg/yfinance/prices.go:390.2,390.29 6 0
github.com/raghavkgarg/mycase/pkg/yfinance/prices.go:391.3,391.41 1 0
github.com/raghavkgarg/mycase/pkg/yfinance/prices.go:392.4,395.24 4 0
github.com/raghavkgarg/mycase/pkg/yfinance/prices.go:396.5,397.1 1 0
github.com/raghavkgarg/mycase/pkg/yfinance/prices.go:398.4,400.26 3 0
github.com/raghavkgarg/mycase/pkg/yfinance/prices.go:401.5,402.1 1 0
github.com/raghavkgarg/mycase/pkg/yfinance/prices.go:403.4,403.43 1 0
github.com/raghavkgarg/mycase/pkg/yfinance/prices.go:407.2,407.26 1 0
github.com/raghavkgarg/mycase/pkg/yfinance/prices.go:408.3,409.1 1 0
github.com/raghavkgarg/mycase/pkg/yfinance/prices.go:411.2,416.1 3 0
github.com/raghavkgarg/mycase/pkg/yfinance/prices.go:418.2,419.17 3 0
github.com/raghavkgarg/mycase/pkg/yfinance/prices.go:424.2,426.1 5 0
github.com/raghavkgarg/mycase/pkg/yfinance/prices.go:427.2,429.16 5 0
github.com/raghavkgarg/mycase/pkg/yfinance/prices.go:430.3,431.1 1 0
github.com/raghavkgarg/mycase/pkg/yfinance/prices.go:433.2,435.1 4 0
github.com/raghavkgarg/mycase/pkg/yfinance/prices.go:436.2,437.16 4 0
github.com/raghavkgarg/mycase/pkg/yfinance/prices.go:438.3,439.83 2 0
github.com/raghavkgarg/mycase/pkg/yfinance/prices.go:440.4,442.72 3 0
github.com/raghavkgarg/mycase/pkg/yfinance/prices.go:443.5,445.1 2 0
github.com/raghavkgarg/mycase/pkg/yfinance/prices.go:448.2,448.16 1 0
github.com/raghavkgarg/mycase/pkg/yfinance/prices.go:449.3,450.1 1 0
github.com/raghavkgarg/mycase/pkg/yfinance/prices.go:451.2,452.1 2 0
github.com/raghavkgarg/mycase/pkg/yfinance/prices.go:453.2,453.38 2 0
github.com/raghavkgarg/mycase/pkg/yfinance/prices.go:454.3,455.1 1 0
github.com/raghavkgarg/mycase/pkg/yfinance/prices.go:457.2,458.69 2 0
github.com/raghavkgarg/mycase/pkg/yfinance/prices.go:459.3,460.1 1 0
github.com/raghavkgarg/mycase/pkg/yfinance/prices.go:462.2,462.33 1 0
github.com/raghavkgarg/mycase/pkg/yfinance/prices.go:463.3,464.1 1 0
github.com/raghavkgarg/mycase/pkg/yfinance/prices.go:466.2,466.37 1 0
github.com/raghavkgarg/mycase/pkg/yfinance/prices.go:467.3,468.1 1 0
github.com/raghavkgarg/mycase/pkg/yfinance/prices.go:470.2,471.36 2 0
github.com/raghavkgarg/mycase/pkg/yfinance/prices.go:472.3,473.1 1 0
github.com/raghavkgarg/mycase/pkg/yfinance/prices.go:475.2,476.1 5 0
github.com/raghavkgarg/mycase/pkg/yfinance/prices.go:477.2,480.1 5 0
github.com/raghavkgarg/mycase/pkg/yfinance/prices.go:481.2,481.35 5 0
github.com/raghavkgarg/mycase/pkg/yfinance/prices.go:482.3,482.52 1 0
github.com/raghavkgarg/mycase/pkg/yfinance/prices.go:483.4,483.9 1 0
github.com/raghavkgarg/mycase/pkg/yfinance/prices.go:485.3,485.52 1 0
github.com/raghavkgarg/mycase/pkg/yfinance/prices.go:486.4,489.1 3 0
github.com/raghavkgarg/mycase/pkg/yfinance/prices.go:492.2,492.26 1 0
github.com/raghavkgarg/mycase/pkg/yfinance/prices.go:493.3,494.1 1 0
github.com/raghavkgarg/mycase/pkg/yfinance/prices.go:496.2,500.8 1 0
github.com/raghavkgarg/mycase/pkg/yfinance/ratelimit.go:36.2,36.14 1 1
github.com/raghavkgarg/mycase/pkg/yfinance/ratelimit.go:37.3,38.1 1 1
github.com/raghavkgarg/mycase/pkg/yfinance/ratelimit.go:45.2,46.1 1 1
github.com/raghavkgarg/mycase/pkg/yfinance/screener.go:31.2,36.1 6 1
github.com/raghavkgarg/mycase/pkg/yfinance/screener.go:37.2,37.56 6 1
github.com/raghavkgarg/mycase/pkg/yfinance/screener.go:38.3,39.1 1 0
github.com/raghavkgarg/mycase/pkg/yfinance/screener.go:41.2,46.1 4 1
github.com/raghavkgarg/mycase/pkg/yfinance/screener.go:48.2,52.1 4 1
github.com/raghavkgarg/mycase/pkg/yfinance/screener.go:54.2,55.41 4 1
github.com/raghavkgarg/mycase/pkg/yfinance/screener.go:56.3,56.43 1 1
github.com/raghavkgarg/mycase/pkg/yfinance/screener.go:57.4,58.9 2 1
github.com/raghavkgarg/mycase/pkg/yfinance/screener.go:61.2,61.24 1 1
github.com/raghavkgarg/mycase/pkg/yfinance/screener.go:62.3,63.1 1 0
github.com/raghavkgarg/mycase/pkg/yfinance/screener.go:65.2,66.37 2 1
github.com/raghavkgarg/mycase/pkg/yfinance/screener.go:67.3,67.35 1 1
github.com/raghavkgarg/mycase/pkg/yfinance/screener.go:68.4,68.44 1 1
github.com/raghavkgarg/mycase/pkg/yfinance/screener.go:69.5,70.10 2 1
github.com/raghavkgarg/mycase/pkg/yfinance/screener.go:73.4,73.50 1 0
github.com/raghavkgarg/mycase/pkg/yfinance/screener.go:74.5,75.10 2 0
github.com/raghavkgarg/mycase/pkg/yfinance/screener.go:79.2,79.20 1 1
github.com/raghavkgarg/mycase/pkg/yfinance/screener.go:80.3,81.1 1 0
github.com/raghavkgarg/mycase/pkg/yfinance/screener.go:83.2,85.1 5 1
github.com/raghavkgarg/mycase/pkg/yfinance/screener.go:86.2,88.16 5 1
github.com/raghavkgarg/mycase/pkg/yfinance/screener.go:89.3,90.1 1 0
github.com/raghavkgarg/mycase/pkg/yfinance/screener.go:92.2,93.51 2 1
github.com/raghavkgarg/mycase/pkg/yfinance/screener.go:94.3,95.1 1 0
github.com/raghavkgarg/mycase/pkg/yfinance/screener.go:97.2,97.22 1 1
github.com/raghavkgarg/mycase/pkg/yfinance/screener.go:98.3,99.1 1 0
github.com/raghavkgarg/mycase/pkg/yfinance/screener.go:101.2,102.38 2 1
github.com/raghavkgarg/mycase/pkg/yfinance/screener.go:103.3,103.62 1 0
github.com/raghavkgarg/mycase/pkg/yfinance/screener.go:104.4,105.1 1 0
github.com/raghavkgarg/mycase/pkg/yfinance/screener.go:108.2,108.19 1 1
github.com/raghavkgarg/mycase/pkg/yfinance/screener.go:115.2,115.87 1 1
github.com/raghavkgarg/mycase/pkg/yfinance/screener.go:116.3,117.1 1 0
github.com/raghavkgarg/mycase/pkg/yfinance/screener.go:119.2,124.1 6 1
github.com/raghavkgarg/mycase/pkg/yfinance/screener.go:126.2,126.56 6 1
github.com/raghavkgarg/mycase/pkg/yfinance/screener.go:127.3,128.1 1 0
github.com/raghavkgarg/mycase/pkg/yfinance/screener.go:130.2,132.16 3 1
github.com/raghavkgarg/mycase/pkg/yfinance/screener.go:133.3,134.1 1 0
github.com/raghavkgarg/mycase/pkg/yfinance/screener.go:135.2,136.1 4 1
github.com/raghavkgarg/mycase/pkg/yfinance/screener.go:137.2,139.16 4 1
github.com/raghavkgarg/mycase/pkg/yfinance/screener.go:140.3,141.1 1 0
github.com/raghavkgarg/mycase/pkg/yfinance/screener.go:142.2,143.1 2 1
github.com/raghavkgarg/mycase/pkg/yfinance/screener.go:144.2,144.38 2 1
github.com/raghavkgarg/mycase/pkg/yfinance/screener.go:145.3,146.1 1 0
github.com/raghavkgarg/mycase/pkg/yfinance/screener.go:148.2,149.16 2 1
github.com/raghavkgarg/mycase/pkg/yfinance/screener.go:150.3,151.1 1 0
github.com/raghavkgarg/mycase/pkg/yfinance/screener.go:152.2,153.1 5 1
github.com/raghavkgarg/mycase/pkg/yfinance/screener.go:154.2,155.1 5 1
github.com/raghavkgarg/mycase/pkg/yfinance/screener.go:157.2,159.28 5 1
github.com/raghavkgarg/mycase/pkg/yfinance/screener.go:160.3,160.17 1 1
github.com/raghavkgarg/mycase/pkg/yfinance/screener.go:161.4,161.63 1 1
github.com/raghavkgarg/mycase/pkg/yfinance/screener.go:162.5,163.1 1 1
github.com/raghavkgarg/mycase/pkg/yfinance/screener.go:168.2,170.33 3 1
github.com/raghavkgarg/mycase/pkg/yfinance/screener.go:171.3,171.17 1 0
github.com/raghavkgarg/mycase/pkg/yfinance/screener.go:172.4,172.67 1 0
github.com/raghavkgarg/mycase/pkg/yfinance/screener.go:173.5,174.1 1 0
github.com/raghavkgarg/mycase/pkg/yfinance/screener.go:178.2,178.19 1 1
github.com/raghavkgarg/mycase/pkg/yfinance/screener.go:194.2,194.23 1 1
github.com/raghavkgarg/mycase/pkg/yfinance/screener.go:195.3,196.1 1 0
github.com/raghavkgarg/mycase/pkg/yfinance/screener.go:198.2,200.28 3 1
github.com/raghavkgarg/mycase/pkg/yfinance/screener.go:201.3,206.44 6 1
github.com/raghavkgarg/mycase/pkg/yfinance/screener.go:207.4,209.1 2 1
github.com/raghavkgarg/mycase/pkg/yfinance/screener.go:212.2,212.25 1 1
github.com/raghavkgarg/mycase/pkg/yfinance/screener.go:213.3,214.1 1 0
github.com/raghavkgarg/mycase/pkg/yfinance/screener.go:216.2,220.1 3 1
github.com/raghavkgarg/mycase/pkg/yfinance/screener.go:221.2,222.41 3 1
github.com/raghavkgarg/mycase/pkg/yfinance/screener.go:223.3,223.43 1 1
github.com/raghavkgarg/mycase/pkg/yfinance/screener.go:224.4,224.51 1 1
github.com/raghavkgarg/mycase/pkg/yfinance/screener.go:225.5,226.1 1 1
github.com/raghavkgarg/mycase/pkg/yfinance/screener.go:227.5,228.1 1 0
github.com/raghavkgarg/mycase/pkg/yfinance/screener.go:229.4,229.9 1 1
github.com/raghavkgarg/mycase/pkg/yfinance/screener.go:232.2,232.24 1 1
github.com/raghavkgarg/mycase/pkg/yfinance/screener.go:233.3,234.1 1 0
github.com/raghavkgarg/mycase/pkg/yfinance/screener.go:236.2,237.1 4 1
github.com/raghavkgarg/mycase/pkg/yfinance/screener.go:238.2,244.1 4 1
github.com/raghavkgarg/mycase/pkg/yfinance/screener.go:246.2,247.37 4 1
github.com/raghavkgarg/mycase/pkg/yfinance/screener.go:248.3,248.35 1 1
github.com/raghavkgarg/mycase/pkg/yfinance/screener.go:249.4,249.44 1 1
github.com/raghavkgarg/mycase/pkg/yfinance/screener.go:250.5,251.10 2 1
github.com/raghavkgarg/mycase/pkg/yfinance/screener.go:254.4,254.50 1 0
github.com/raghavkgarg/mycase/pkg/yfinance/screener.go:255.5,256.10 2 0
github.com/raghavkgarg/mycase/pkg/yfinance/screener.go:260.2,260.20 1 1
github.com/raghavkgarg/mycase/pkg/yfinance/screener.go:261.3,262.1 1 0
github.com/raghavkgarg/mycase/pkg/yfinance/screener.go:264.2,267.1 8 1
github.com/raghavkgarg/mycase/pkg/yfinance/screener.go:268.2,272.16 8 1
github.com/raghavkgarg/mycase/pkg/yfinance/screener.go:273.3,273.47 1 0
github.com/raghavkgarg/mycase/pkg/yfinance/screener.go:274.4,275.1 1 0
github.com/raghavkgarg/mycase/pkg/yfinance/screener.go:276.3,276.70 1 0
github.com/raghavkgarg/mycase/pkg/yfinance/screener.go:279.2,280.1 2 1
github.com/raghavkgarg/mycase/pkg/yfinance/screener.go:281.2,281.25 2 1
github.com/raghavkgarg/mycase/pkg/yfinance/screener.go:282.3,283.87 2 0
github.com/raghavkgarg/mycase/pkg/yfinance/screener.go:284.4,287.1 3 0
github.com/raghavkgarg/mycase/pkg/yfinance/screener.go:289.3,290.56 2 1
github.com/raghavkgarg/mycase/pkg/yfinance/screener.go:291.4,292.1 1 0
github.com/raghavkgarg/mycase/pkg/yfinance/screener.go:293.3,293.36 1 1
github.com/raghavkgarg/mycase/pkg/yfinance/screener.go:294.4,294.29 1 1
github.com/raghavkgarg/mycase/pkg/yfinance/screener.go:295.5,296.12 2 1
github.com/raghavkgarg/mycase/pkg/yfinance/screener.go:297.6,298.1 1 0
github.com/raghavkgarg/mycase/pkg/yfinance/screener.go:299.5,300.35 2 1
github.com/raghavkgarg/mycase/pkg/yfinance/screener.go:305.2,305.23 1 1
github.com/raghavkgarg/mycase/pkg/yfinance/screener.go:310.2,311.16 2 1
github.com/raghavkgarg/mycase/pkg/yfinance/screener.go:312.3,313.1 1 0
github.com/raghavkgarg/mycase/pkg/yfinance/screener.go:314.2,315.36 2 1
github.com/raghavkgarg/mycase/pkg/yfinance/screener.go:316.3,316.23 1 1
github.com/raghavkgarg/mycase/pkg/yfinance/screener.go:317.4,318.1 1 1
github.com/raghavkgarg/mycase/pkg/yfinance/screener.go:320.2,320.23 1 1
github.com/raghavkgarg/mycase/pkg/yfinance/screener.go:325.2,326.16 2 1
github.com/raghavkgarg/mycase/pkg/yfinance/screener.go:327.3,328.1 1 0
github.com/raghavkgarg/mycase/pkg/yfinance/screener.go:329.2,330.28 2 1
github.com/raghavkgarg/mycase/pkg/yfinance/screener.go:331.3,332.1 1 1
github.com/raghavkgarg/mycase/pkg/yfinance/screener.go:333.2,333.23 1 1
github.com/raghavkgarg/mycase/pkg/yfinance/screener.go:346.2,346.23 1 0
github.com/raghavkgarg/mycase/pkg/yfinance/screener.go:347.3,348.1 1 0
github.com/raghavkgarg/mycase/pkg/yfinance/screener.go:350.2,352.28 3 0
github.com/raghavkgarg/mycase/pkg/yfinance/screener.go:353.3,358.44 6 0
github.com/raghavkgarg/mycase/pkg/yfinance/screener.go:359.4,361.1 2 0
github.com/raghavkgarg/mycase/pkg/yfinance/screener.go:364.2,364.25 1 0
github.com/raghavkgarg/mycase/pkg/yfinance/screener.go:365.3,366.1 1 0
github.com/raghavkgarg/mycase/pkg/yfinance/screener.go:368.2,373.1 4 0
github.com/raghavkgarg/mycase/pkg/yfinance/screener.go:375.2,379.1 4 0
github.com/raghavkgarg/mycase/pkg/yfinance/screener.go:381.2,382.41 4 0
github.com/raghavkgarg/mycase/pkg/yfinance/screener.go:383.3,383.43 1 0
github.com/raghavkgarg/mycase/pkg/yfinance/screener.go:384.4,385.9 2 0
github.com/raghavkgarg/mycase/pkg/yfinance/screener.go:388.2,388.24 1 0
github.com/raghavkgarg/mycase/pkg/yfinance/screener.go:389.3,390.1 1 0
github.com/raghavkgarg/mycase/pkg/yfinance/screener.go:392.2,393.37 2 0
github.com/raghavkgarg/mycase/pkg/yfinance/screener.go:394.3,394.35 1 0
github.com/raghavkgarg/mycase/pkg/yfinance/screener.go:395.4,395.44 1 0
github.com/raghavkgarg/mycase/pkg/yfinance/screener.go:396.5,397.10 2 0
github.com/raghavkgarg/mycase/pkg/yfinance/screener.go:400.4,400.50 1 0
github.com/raghavkgarg/mycase/pkg/yfinance/screener.go:401.5,402.10 2 0
github.com/raghavkgarg/mycase/pkg/yfinance/screener.go:406.2,406.20 1 0
github.com/raghavkgarg/mycase/pkg/yfinance/screener.go:407.3,408.1 1 0
github.com/raghavkgarg/mycase/pkg/yfinance/screener.go:410.2,412.1 6 0
github.com/raghavkgarg/mycase/pkg/yfinance/screener.go:413.2,416.16 6 0
github.com/raghavkgarg/mycase/pkg/yfinance/screener.go:417.3,418.1 1 0
github.com/raghavkgarg/mycase/pkg/yfinance/screener.go:420.2,422.48 3 0
github.com/raghavkgarg/mycase/pkg/yfinance/screener.go:423.3,424.1 1 0
github.com/raghavkgarg/mycase/pkg/yfinance/screener.go:426.2,427.1 2 0
github.com/raghavkgarg/mycase/pkg/yfinance/screener.go:428.2,428.25 2 0
github.com/raghavkgarg/mycase/pkg/yfinance/screener.go:429.3,430.83 2 0
github.com/raghavkgarg/mycase/pkg/yfinance/screener.go:431.4,434.1 3 0
github.com/raghavkgarg/mycase/pkg/yfinance/screener.go:436.3,437.56 2 0
github.com/raghavkgarg/mycase/pkg/yfinance/screener.go:438.4,438.37 1 0
github.com/raghavkgarg/mycase/pkg/yfinance/screener.go:439.5,440.12 2 0
github.com/raghavkgarg/mycase/pkg/yfinance/screener.go:441.6,442.1 1 0
github.com/raghavkgarg/mycase/pkg/yfinance/screener.go:443.5,444.27 2 0
github.com/raghavkgarg/mycase/pkg/yfinance/screener.go:449.2,449.23 1 0
github.com/raghavkgarg/mycase/pkg/yfinance/screener.go:454.2,454.23 1 1
github.com/raghavkgarg/mycase/pkg/yfinance/screener.go:455.3,456.1 1 0
github.com/raghavkgarg/mycase/pkg/yfinance/screener.go:458.2,459.1 4 1
github.com/raghavkgarg/mycase/pkg/yfinance/screener.go:460.2,465.1 4 1
github.com/raghavkgarg/mycase/pkg/yfinance/screener.go:467.2,468.37 4 1
github.com/raghavkgarg/mycase/pkg/yfinance/screener.go:469.3,469.35 1 1
github.com/raghavkgarg/mycase/pkg/yfinance/screener.go:470.4,470.44 1 1
github.com/raghavkgarg/mycase/pkg/yfinance/screener.go:471.5,472.10 2 1
github.com/raghavkgarg/mycase/pkg/yfinance/screener.go:475.4,475.50 1 0
github.com/raghavkgarg/mycase/pkg/yfinance/screener.go:476.5,477.10 2 0
github.com/raghavkgarg/mycase/pkg/yfinance/screener.go:481.2,481.20 1 1
github.com/raghavkgarg/mycase/pkg/yfinance/screener.go:482.3,483.1 1 0
github.com/raghavkgarg/mycase/pkg/yfinance/screener.go:485.2,486.47 2 1
github.com/raghavkgarg/mycase/pkg/yfinance/screener.go:487.3,487.58 1 1
github.com/raghavkgarg/mycase/pkg/yfinance/screener.go:488.4,489.1 1 0
github.com/raghavkgarg/mycase/pkg/yfinance/screener.go:489.10,489.68 1 1
github.com/raghavkgarg/mycase/pkg/yfinance/screener.go:490.4,491.1 1 1
github.com/raghavkgarg/mycase/pkg/yfinance/screener.go:494.2,497.28 4 1
github.com/raghavkgarg/mycase/pkg/yfinance/screener.go:498.3,503.43 6 1
github.com/raghavkgarg/mycase/pkg/yfinance/screener.go:504.4,504.12 1 0
github.com/raghavkgarg/mycase/pkg/yfinance/screener.go:507.3,508.36 2 1
github.com/raghavkgarg/mycase/pkg/yfinance/screener.go:509.4,511.17 3 1
github.com/raghavkgarg/mycase/pkg/yfinance/screener.go:511.19,511.26 1 1
github.com/raghavkgarg/mycase/pkg/yfinance/screener.go:512.4,517.1 8 1
github.com/raghavkgarg/mycase/pkg/yfinance/screener.go:518.4,520.18 8 1
github.com/raghavkgarg/mycase/pkg/yfinance/screener.go:521.5,523.1 2 0
github.com/raghavkgarg/mycase/pkg/yfinance/screener.go:524.5,525.49 2 1
github.com/raghavkgarg/mycase/pkg/yfinance/screener.go:526.6,527.1 1 1
github.com/raghavkgarg/mycase/pkg/yfinance/screener.go:528.5,530.52 3 1
github.com/raghavkgarg/mycase/pkg/yfinance/screener.go:534.2,535.1 2 1
github.com/raghavkgarg/mycase/pkg/yfinance/screener.go:536.2,536.23 2 1
github.com/raghavkgarg/mycase/pkg/yfinance/yfinance.go:21.2,22.16 2 0
github.com/raghavkgarg/mycase/pkg/yfinance/yfinance.go:23.3,24.1 1 0
github.com/raghavkgarg/mycase/pkg/yfinance/yfinance.go:25.2,26.1 3 0
github.com/raghavkgarg/mycase/pkg/yfinance/yfinance.go:27.2,28.16 3 0
github.com/raghavkgarg/mycase/pkg/yfinance/yfinance.go:29.3,30.1 1 0
github.com/raghavkgarg/mycase/pkg/yfinance/yfinance.go:31.2,32.1 3 0
github.com/raghavkgarg/mycase/pkg/yfinance/yfinance.go:33.2,34.16 3 0
github.com/raghavkgarg/mycase/pkg/yfinance/yfinance.go:35.3,36.1 1 0
github.com/raghavkgarg/mycase/pkg/yfinance/yfinance.go:37.2,38.1 3 0
github.com/raghavkgarg/mycase/pkg/yfinance/yfinance.go:39.2,40.16 3 0
github.com/raghavkgarg/mycase/pkg/yfinance/yfinance.go:41.3,42.1 1 0
github.com/raghavkgarg/mycase/pkg/yfinance/yfinance.go:43.2,44.1 2 0
github.com/raghavkgarg/mycase/pkg/yfinance/yfinance.go:45.2,45.39 2 0
github.com/raghavkgarg/mycase/pkg/yfinance/yfinance.go:46.3,47.1 1 0
github.com/raghavkgarg/mycase/pkg/yfinance/yfinance.go:49.2,50.16 2 0
github.com/raghavkgarg/mycase/pkg/yfinance/yfinance.go:51.3,52.1 1 0
github.com/raghavkgarg/mycase/pkg/yfinance/yfinance.go:53.2,53.32 1 0
github.com/raghavkgarg/mycase/pkg/yfinance/yfinance.go:58.2,59.23 2 0
github.com/raghavkgarg/mycase/pkg/yfinance/yfinance.go:60.3,61.1 1 0
github.com/raghavkgarg/mycase/pkg/yfinance/yfinance.go:63.2,66.1 4 0
github.com/raghavkgarg/mycase/pkg/yfinance/yfinance.go:67.2,67.28 4 0
github.com/raghavkgarg/mycase/pkg/yfinance/yfinance.go:69.3,69.61 1 0
github.com/raghavkgarg/mycase/pkg/yfinance/yfinance.go:70.4,72.38 3 0
github.com/raghavkgarg/mycase/pkg/yfinance/yfinance.go:73.5,74.1 1 0
github.com/raghavkgarg/mycase/pkg/yfinance/yfinance.go:75.4,75.12 1 0
github.com/raghavkgarg/mycase/pkg/yfinance/yfinance.go:78.3,79.48 2 0
github.com/raghavkgarg/mycase/pkg/yfinance/yfinance.go:80.4,81.1 1 0
github.com/raghavkgarg/mycase/pkg/yfinance/yfinance.go:82.4,83.1 1 0
github.com/raghavkgarg/mycase/pkg/yfinance/yfinance.go:86.2,87.28 2 0
github.com/raghavkgarg/mycase/pkg/yfinance/yfinance.go:88.3,89.1 1 0
github.com/raghavkgarg/mycase/pkg/yfinance/yfinance.go:91.2,91.26 1 0
github.com/raghavkgarg/mycase/pkg/yfinance/yfinance.go:92.3,92.32 1 0
github.com/raghavkgarg/mycase/pkg/yfinance/yfinance.go:93.4,95.1 2 0
github.com/raghavkgarg/mycase/pkg/yfinance/yfinance.go:96.3,96.166 1 0
github.com/raghavkgarg/mycase/pkg/yfinance/yfinance.go:98.3,99.1 1 0
github.com/raghavkgarg/mycase/pkg/yfinance/yfinance.go:101.2,101.31 1 0
github.com/raghavkgarg/mycase/pkg/yfinance/yfinance.go:102.3,103.1 1 0
github.com/raghavkgarg/mycase/pkg/yfinance/yfinance.go:105.2,106.16 2 0
github.com/raghavkgarg/mycase/pkg/yfinance/yfinance.go:107.3,108.1 1 0
github.com/raghavkgarg/mycase/pkg/yfinance/yfinance.go:110.2,111.1 3 0
github.com/raghavkgarg/mycase/pkg/yfinance/yfinance.go:113.2,114.16 3 0
github.com/raghavkgarg/mycase/pkg/yfinance/yfinance.go:115.3,116.1 1 0
github.com/raghavkgarg/mycase/pkg/yfinance/yfinance.go:118.2,120.1 7 0
github.com/raghavkgarg/mycase/pkg/yfinance/yfinance.go:121.2,125.1 7 0
github.com/raghavkgarg/mycase/pkg/yfinance/yfinance.go:127.2,130.1 7 0
github.com/raghavkgarg/mycase/pkg/yfinance/yfinance.go:132.2,133.1 7 0
github.com/raghavkgarg/mycase/pkg/yfinance/yfinance.go:134.2,134.24 7 0
github.com/raghavkgarg/mycase/pkg/yfinance/yfinance.go:135.3,135.16 1 0
github.com/raghavkgarg/mycase/pkg/yfinance/yfinance.go:136.4,136.26 1 0
github.com/raghavkgarg/mycase/pkg/yfinance/yfinance.go:137.5,139.1 4 0
github.com/raghavkgarg/mycase/pkg/yfinance/yfinance.go:140.5,141.19 4 0
github.com/raghavkgarg/mycase/pkg/yfinance/yfinance.go:142.6,143.14 2 0
github.com/raghavkgarg/mycase/pkg/yfinance/yfinance.go:145.5,146.1 3 0
github.com/raghavkgarg/mycase/pkg/yfinance/yfinance.go:147.5,148.19 3 0
github.com/raghavkgarg/mycase/pkg/yfinance/yfinance.go:149.6,150.14 2 0
github.com/raghavkgarg/mycase/pkg/yfinance/yfinance.go:153.5,153.41 1 0
github.com/raghavkgarg/mycase/pkg/yfinance/yfinance.go:154.6,156.14 3 0
github.com/raghavkgarg/mycase/pkg/yfinance/yfinance.go:159.5,162.25 4 0
github.com/raghavkgarg/mycase/pkg/yfinance/yfinance.go:163.6,164.14 2 0
github.com/raghavkgarg/mycase/pkg/yfinance/yfinance.go:167.5,167.43 1 0
github.com/raghavkgarg/mycase/pkg/yfinance/yfinance.go:168.6,169.14 2 0
github.com/raghavkgarg/mycase/pkg/yfinance/yfinance.go:172.5,176.1 6 0
github.com/raghavkgarg/mycase/pkg/yfinance/yfinance.go:178.5,179.23 6 0
github.com/raghavkgarg/mycase/pkg/yfinance/yfinance.go:180.6,181.1 1 0
github.com/raghavkgarg/mycase/pkg/yfinance/yfinance.go:183.5,183.22 1 0
github.com/raghavkgarg/mycase/pkg/yfinance/yfinance.go:184.6,185.1 1 0
github.com/raghavkgarg/mycase/pkg/yfinance/yfinance.go:188.5,189.21 2 0
github.com/raghavkgarg/mycase/pkg/yfinance/yfinance.go:190.6,191.1 1 0
github.com/raghavkgarg/mycase/pkg/yfinance/yfinance.go:194.5,195.20 2 0
github.com/raghavkgarg/mycase/pkg/yfinance/yfinance.go:196.6,197.1 1 0
github.com/raghavkgarg/mycase/pkg/yfinance/yfinance.go:200.5,202.26 3 0
github.com/raghavkgarg/mycase/pkg/yfinance/yfinance.go:203.6,204.1 1 0
github.com/raghavkgarg/mycase/pkg/yfinance/yfinance.go:206.6,207.1 1 0
github.com/raghavkgarg/mycase/pkg/yfinance/yfinance.go:210.5,211.60 2 0
github.com/raghavkgarg/mycase/pkg/yfinance/yfinance.go:212.6,217.1 1 0
github.com/raghavkgarg/mycase/pkg/yfinance/yfinance.go:220.5,222.1 15 0
github.com/raghavkgarg/mycase/pkg/yfinance/yfinance.go:223.5,234.1 15 0
github.com/raghavkgarg/mycase/pkg/yfinance/yfinance.go:235.5,236.21 15 0
github.com/raghavkgarg/mycase/pkg/yfinance/yfinance.go:237.6,240.44 4 0
github.com/raghavkgarg/mycase/pkg/yfinance/yfinance.go:242.7,243.1 1 0
github.com/raghavkgarg/mycase/pkg/yfinance/yfinance.go:247.7,247.54 1 0
github.com/raghavkgarg/mycase/pkg/yfinance/yfinance.go:248.8,250.1 2 0
github.com/raghavkgarg/mycase/pkg/yfinance/yfinance.go:252.6,252.26 1 0
github.com/raghavkgarg/mycase/pkg/yfinance/yfinance.go:253.7,253.45 1 0
github.com/raghavkgarg/mycase/pkg/yfinance/yfinance.go:254.8,255.62 2 0
github.com/raghavkgarg/mycase/pkg/yfinance/yfinance.go:256.9,256.54 1 0
github.com/raghavkgarg/mycase/pkg/yfinance/yfinance.go:257.10,257.37 1 0
github.com/raghavkgarg/mycase/pkg/yfinance/yfinance.go:258.11,259.24 2 0
github.com/raghavkgarg/mycase/pkg/yfinance/yfinance.go:261.12,261.54 1 0
github.com/raghavkgarg/mycase/pkg/yfinance/yfinance.go:262.13,262.33 1 0
github.com/raghavkgarg/mycase/pkg/yfinance/yfinance.go:263.14,267.1 1 0
github.com/raghavkgarg/mycase/pkg/yfinance/yfinance.go:270.12,270.53 1 0
github.com/raghavkgarg/mycase/pkg/yfinance/yfinance.go:271.13,271.33 1 0
github.com/raghavkgarg/mycase/pkg/yfinance/yfinance.go:272.14,276.1 1 0
github.com/raghavkgarg/mycase/pkg/yfinance/yfinance.go:279.12,279.48 1 0
github.com/raghavkgarg/mycase/pkg/yfinance/yfinance.go:280.13,280.33 1 0
github.com/raghavkgarg/mycase/pkg/yfinance/yfinance.go:281.14,285.1 1 0
github.com/raghavkgarg/mycase/pkg/yfinance/yfinance.go:288.12,288.60 1 0
github.com/raghavkgarg/mycase/pkg/yfinance/yfinance.go:289.13,289.33 1 0
github.com/raghavkgarg/mycase/pkg/yfinance/yfinance.go:290.14,294.1 1 0
github.com/raghavkgarg/mycase/pkg/yfinance/yfinance.go:297.12,297.60 1 0
github.com/raghavkgarg/mycase/pkg/yfinance/yfinance.go:298.13,298.33 1 0
github.com/raghavkgarg/mycase/pkg/yfinance/yfinance.go:299.14,303.1 1 0
github.com/raghavkgarg/mycase/pkg/yfinance/yfinance.go:306.12,306.57 1 0
github.com/raghavkgarg/mycase/pkg/yfinance/yfinance.go:307.13,307.33 1 0
github.com/raghavkgarg/mycase/pkg/yfinance/yfinance.go:308.14,312.1 1 0
github.com/raghavkgarg/mycase/pkg/yfinance/yfinance.go:315.12,315.53 1 0
github.com/raghavkgarg/mycase/pkg/yfinance/yfinance.go:316.13,316.33 1 0
github.com/raghavkgarg/mycase/pkg/yfinance/yfinance.go:317.14,321.1 1 0
github.com/raghavkgarg/mycase/pkg/yfinance/yfinance.go:324.12,324.60 1 0
github.com/raghavkgarg/mycase/pkg/yfinance/yfinance.go:325.13,325.33 1 0
github.com/raghavkgarg/mycase/pkg/yfinance/yfinance.go:326.14,330.1 1 0
github.com/raghavkgarg/mycase/pkg/yfinance/yfinance.go:333.12,333.57 1 0
github.com/raghavkgarg/mycase/pkg/yfinance/yfinance.go:334.13,334.33 1 0
github.com/raghavkgarg/mycase/pkg/yfinance/yfinance.go:335.14,339.1 1 0
github.com/raghavkgarg/mycase/pkg/yfinance/yfinance.go:342.12,342.59 1 0
github.com/raghavkgarg/mycase/pkg/yfinance/yfinance.go:343.13,343.33 1 0
github.com/raghavkgarg/mycase/pkg/yfinance/yfinance.go:344.14,348.1 1 0
github.com/raghavkgarg/mycase/pkg/yfinance/yfinance.go:351.12,351.54 1 0
github.com/raghavkgarg/mycase/pkg/yfinance/yfinance.go:352.13,352.33 1 0
github.com/raghavkgarg/mycase/pkg/yfinance/yfinance.go:353.14,357.1 1 0
github.com/raghavkgarg/mycase/pkg/yfinance/yfinance.go:364.7,364.26 1 0
github.com/raghavkgarg/mycase/pkg/yfinance/yfinance.go:368.5,369.60 2 0
github.com/raghavkgarg/mycase/pkg/yfinance/yfinance.go:370.6,370.34 1 0
github.com/raghavkgarg/mycase/pkg/yfinance/yfinance.go:371.7,371.80 1 0
github.com/raghavkgarg/mycase/pkg/yfinance/yfinance.go:372.8,373.1 1 0
github.com/raghavkgarg/mycase/pkg/yfinance/yfinance.go:374.13,374.39 1 0
github.com/raghavkgarg/mycase/pkg/yfinance/yfinance.go:375.7,376.1 1 0
github.com/raghavkgarg/mycase/pkg/yfinance/yfinance.go:378.5,378.65 1 0
github.com/raghavkgarg/mycase/pkg/yfinance/yfinance.go:379.6,379.22 1 0
github.com/raghavkgarg/mycase/pkg/yfinance/yfinance.go:380.7,380.68 1 0
github.com/raghavkgarg/mycase/pkg/yfinance/yfinance.go:381.8,382.1 1 0
github.com/raghavkgarg/mycase/pkg/yfinance/yfinance.go:383.13,383.27 1 0
github.com/raghavkgarg/mycase/pkg/yfinance/yfinance.go:384.7,385.1 1 0
github.com/raghavkgarg/mycase/pkg/yfinance/yfinance.go:389.5,393.167 5 0
github.com/raghavkgarg/mycase/pkg/yfinance/yfinance.go:394.6,394.99 1 0
github.com/raghavkgarg/mycase/pkg/yfinance/yfinance.go:395.7,396.1 1 0
github.com/raghavkgarg/mycase/pkg/yfinance/yfinance.go:397.6,397.96 1 0
github.com/raghavkgarg/mycase/pkg/yfinance/yfinance.go:398.7,400.45 3 0
github.com/raghavkgarg/mycase/pkg/yfinance/yfinance.go:401.8,402.1 1 0
github.com/raghavkgarg/mycase/pkg/yfinance/yfinance.go:402.14,402.50 1 0
github.com/raghavkgarg/mycase/pkg/yfinance/yfinance.go:403.8,404.1 1 0
github.com/raghavkgarg/mycase/pkg/yfinance/yfinance.go:405.7,405.26 1 0
github.com/raghavkgarg/mycase/pkg/yfinance/yfinance.go:406.8,410.1 4 0
github.com/raghavkgarg/mycase/pkg/yfinance/yfinance.go:414.5,415.1 3 0
github.com/raghavkgarg/mycase/pkg/yfinance/yfinance.go:416.5,417.53 3 0
github.com/raghavkgarg/mycase/pkg/yfinance/yfinance.go:418.6,419.1 1 0
github.com/raghavkgarg/mycase/pkg/yfinance/yfinance.go:420.5,421.48 2 0
github.com/raghavkgarg/mycase/pkg/yfinance/yfinance.go:422.6,423.1 1 0
github.com/raghavkgarg/mycase/pkg/yfinance/yfinance.go:425.5,439.47 1 0
github.com/raghavkgarg/mycase/pkg/yfinance/yfinance.go:440.7,440.40 1 0
github.com/raghavkgarg/mycase/pkg/yfinance/yfinance.go:441.8,442.1 1 0
github.com/raghavkgarg/mycase/pkg/yfinance/yfinance.go:443.7,443.33 1 0
github.com/raghavkgarg/mycase/pkg/yfinance/yfinance.go:468.5,468.59 1 0
github.com/raghavkgarg/mycase/pkg/yfinance/yfinance.go:473.2,473.36 1 0
github.com/raghavkgarg/mycase/pkg/yfinance/yfinance.go:474.3,475.1 1 0
github.com/raghavkgarg/mycase/pkg/yfinance/yfinance.go:476.2,477.1 4 0
github.com/raghavkgarg/mycase/pkg/yfinance/yfinance.go:478.2,480.1 4 0
github.com/raghavkgarg/mycase/pkg/yfinance/yfinance.go:481.2,481.27 4 0
github.com/raghavkgarg/mycase/pkg/yfinance/yfinance.go:482.3,482.21 1 0
github.com/raghavkgarg/mycase/pkg/yfinance/yfinance.go:483.4,487.1 4 0
github.com/raghavkgarg/mycase/pkg/yfinance/yfinance.go:489.4,490.1 1 0
github.com/raghavkgarg/mycase/pkg/yfinance/yfinance.go:493.2,493.26 1 0
github.com/raghavkgarg/mycase/pkg/yfinance/yfinance.go:498.2,498.24 1 1
github.com/raghavkgarg/mycase/pkg/yfinance/yfinance.go:499.3,500.1 1 1
github.com/raghavkgarg/mycase/pkg/yfinance/yfinance.go:501.2,502.29 2 1
github.com/raghavkgarg/mycase/pkg/yfinance/yfinance.go:503.3,504.1 1 1
github.com/raghavkgarg/mycase/pkg/yfinance/yfinance.go:505.2,506.28 2 1
github.com/raghavkgarg/mycase/pkg/yfinance/yfinance.go:507.3,508.1 1 1
github.com/raghavkgarg/mycase/pkg/yfinance/yfinance.go:509.2,509.46 1 1
github.com/raghavkgarg/mycase/pkg/yfinance/yfinance.go:510.3,511.1 1 1
github.com/raghavkgarg/mycase/pkg/yfinance/yfinance.go:513.2,515.1 5 1
github.com/raghavkgarg/mycase/pkg/yfinance/yfinance.go:516.2,518.1 5 1
github.com/raghavkgarg/mycase/pkg/yfinance/yfinance.go:519.2,519.32 5 1
github.com/raghavkgarg/mycase/pkg/yfinance/yfinance.go:520.3,521.28 2 1
github.com/raghavkgarg/mycase/pkg/yfinance/yfinance.go:522.4,524.1 2 1
github.com/raghavkgarg/mycase/pkg/yfinance/yfinance.go:524.10,524.26 1 1
github.com/raghavkgarg/mycase/pkg/yfinance/yfinance.go:525.4,527.1 2 1
github.com/raghavkgarg/mycase/pkg/yfinance/yfinance.go:530.2,531.15 2 1
github.com/raghavkgarg/mycase/pkg/yfinance/yfinance.go:533.3,533.80 1 1
github.com/raghavkgarg/mycase/pkg/yfinance/yfinance.go:534.4,535.1 1 1
github.com/raghavkgarg/mycase/pkg/yfinance/yfinance.go:537.2,538.17 2 1
github.com/raghavkgarg/mycase/pkg/yfinance/yfinance.go:540.3,540.82 1 1
github.com/raghavkgarg/mycase/pkg/yfinance/yfinance.go:541.4,542.1 1 1
github.com/raghavkgarg/mycase/pkg/yfinance/yfinance.go:545.2,545.52 1 1
